iso3,weapon,outcome,lag,rho
AFG,AIR,part_n_minor,0,-0.16912089860606766
AFG,AIR,part_n_minor,1,0.2957031093212362
AFG,AIR,part_n_minor,2,0.023215058984952006
AFG,AIR,part_n_minor,3,-0.3212809809939277
AFG,AIR,part_n_minor,4,0.26039371661037114
AFG,AIR,part_n_minor,5,0.09036737097474627
AGO,AIR,part_n_minor,0,-0.14636172014014454
AGO,AIR,part_n_minor,1,0.21220801009201035
AGO,AIR,part_n_minor,2,0.09770060547847068
AGO,AIR,part_n_minor,3,-0.39380716229217055
AGO,AIR,part_n_minor,4,0.4112118907874443
AGO,AIR,part_n_minor,5,-0.2878629378987131
ALB,AIR,part_n_minor,0,-0.12703154138367614
ALB,AIR,part_n_minor,1,0.2661294101051482
ALB,AIR,part_n_minor,2,-0.11245924328518203
ALB,AIR,part_n_minor,3,-0.007393030089563192
ALB,AIR,part_n_minor,4,0.11579748443416969
ALB,AIR,part_n_minor,5,-0.27231070229980964
ARE,AIR,part_n_minor,0,0.13872555173169046
ARE,AIR,part_n_minor,1,-0.06916954558845062
ARE,AIR,part_n_minor,2,0.0476818871324091
ARE,AIR,part_n_minor,3,-0.12477427678210325
ARE,AIR,part_n_minor,4,0.046795752099231036
ARE,AIR,part_n_minor,5,0.13007061118521063
ARG,AIR,part_n_minor,0,0.03113394207461773
ARG,AIR,part_n_minor,1,0.08403495529362087
ARG,AIR,part_n_minor,2,-0.18223753444298876
ARG,AIR,part_n_minor,3,0.2134898568018783
ARG,AIR,part_n_minor,4,-0.24729492837997663
ARG,AIR,part_n_minor,5,0.2640911790486395
ARM,AIR,part_n_minor,0,-0.2339470688364602
ARM,AIR,part_n_minor,1,0.26870281853787226
ARM,AIR,part_n_minor,2,0.005146147768861906
ARM,AIR,part_n_minor,3,-0.0839578081919667
ARM,AIR,part_n_minor,4,0.28780758046682814
ARM,AIR,part_n_minor,5,-0.4778944290884713
AUS,AIR,part_n_minor,0,-0.24254583772275298
AUS,AIR,part_n_minor,1,0.09573866713926724
AUS,AIR,part_n_minor,2,0.014504377023272143
AUS,AIR,part_n_minor,3,0.07430945727993472
AUS,AIR,part_n_minor,4,-0.032723446054685384
AUS,AIR,part_n_minor,5,-0.17839680215115056
AUT,AIR,part_n_minor,0,-0.1134548645165878
AUT,AIR,part_n_minor,1,0.05834368351152874
AUT,AIR,part_n_minor,2,-0.012981530727003069
AUT,AIR,part_n_minor,3,-0.05775093094385449
AUT,AIR,part_n_minor,4,0.11892162234444495
AUT,AIR,part_n_minor,5,-0.47757230861264494
AZE,AIR,part_n_minor,0,-0.27351523136289135
AZE,AIR,part_n_minor,1,0.09016223401397479
AZE,AIR,part_n_minor,2,0.03246297521616219
AZE,AIR,part_n_minor,3,0.15504781166488207
AZE,AIR,part_n_minor,4,-0.12786930103410918
AZE,AIR,part_n_minor,5,0.004275861014762877
BDI,AIR,part_n_minor,0,0.05861317388828248
BDI,AIR,part_n_minor,1,-0.010895356912030535
BDI,AIR,part_n_minor,2,-0.04892575148712942
BDI,AIR,part_n_minor,3,1.0591428149980478e-20
BDI,AIR,part_n_minor,4,0.08633350047628956
BDI,AIR,part_n_minor,5,-0.08763189362313552
BEL,AIR,part_n_minor,0,-0.2422621893288217
BEL,AIR,part_n_minor,1,0.19687644173502244
BEL,AIR,part_n_minor,2,0.04018504493105116
BEL,AIR,part_n_minor,3,-0.2113807929291157
BEL,AIR,part_n_minor,4,0.1607251029906081
BEL,AIR,part_n_minor,5,-0.34621148491197806
BEN,AIR,part_n_minor,0,0.28051068423900294
BEN,AIR,part_n_minor,1,-0.2663247640603844
BEN,AIR,part_n_minor,2,0.0578164147957792
BEN,AIR,part_n_minor,3,-0.11413743739720505
BEN,AIR,part_n_minor,4,0.14963956147387109
BEN,AIR,part_n_minor,5,-0.24570742099507148
BFA,AIR,part_n_minor,0,-0.0026704168604518826
BFA,AIR,part_n_minor,1,-0.37034304390911743
BFA,AIR,part_n_minor,2,0.43048087021828835
BFA,AIR,part_n_minor,3,-0.0480523496858824
BFA,AIR,part_n_minor,4,0.05460746801761729
BFA,AIR,part_n_minor,5,-0.29129145969391973
BGD,AIR,part_n_minor,0,0.05442679665727315
BGD,AIR,part_n_minor,1,0.2022286682856292
BGD,AIR,part_n_minor,2,0.004042496626624242
BGD,AIR,part_n_minor,3,0.05745090209149547
BGD,AIR,part_n_minor,4,-0.16588078640997841
BGD,AIR,part_n_minor,5,-0.13895173643176723
BGR,AIR,part_n_minor,0,0.02980880061631807
BGR,AIR,part_n_minor,1,0.11607235693243707
BGR,AIR,part_n_minor,2,0.0612340233650391
BGR,AIR,part_n_minor,3,-0.06647871773431284
BGR,AIR,part_n_minor,4,-0.0026705053256451663
BGR,AIR,part_n_minor,5,-0.051572402369929146
BHR,AIR,part_n_minor,0,0.0644723815450173
BHR,AIR,part_n_minor,1,0.2734689240009049
BHR,AIR,part_n_minor,2,0.13901510905545028
BHR,AIR,part_n_minor,3,4.87324440434587e-19
BHR,AIR,part_n_minor,4,-0.21146998798671718
BHR,AIR,part_n_minor,5,0.08786211933919297
BIH,AIR,part_n_minor,0,0.14985458795502554
BIH,AIR,part_n_minor,1,-0.14985458795502554
BIH,AIR,part_n_minor,2,-1.9163941761520895e-35
BIH,AIR,part_n_minor,3,0.005676795133272963
BIH,AIR,part_n_minor,4,5.856044644974638e-19
BIH,AIR,part_n_minor,5,-0.23799813204043474
BOL,AIR,part_n_minor,0,-0.3565440124588485
BOL,AIR,part_n_minor,1,0.34854359697665777
BOL,AIR,part_n_minor,2,-0.23860612537068313
BOL,AIR,part_n_minor,3,0.05682237738733145
BOL,AIR,part_n_minor,4,0.036679332553191626
BOL,AIR,part_n_minor,5,-0.11467075070870926
BRA,AIR,part_n_minor,0,0.05482071045640542
BRA,AIR,part_n_minor,1,-0.09190711453880791
BRA,AIR,part_n_minor,2,0.2390991665969722
BRA,AIR,part_n_minor,3,-0.27552396144058855
BRA,AIR,part_n_minor,4,-0.04266672285476511
BRA,AIR,part_n_minor,5,-0.07460812601998486
BTN,AIR,part_n_minor,0,0.2640695068832216
BTN,AIR,part_n_minor,1,-0.09374609387091287
BTN,AIR,part_n_minor,2,0.12086887078457108
BTN,AIR,part_n_minor,3,-0.12087857939610747
BTN,AIR,part_n_minor,4,-3.4487308701997954e-19
BTN,AIR,part_n_minor,5,-1.1364624759241524e-19
BWA,AIR,part_n_minor,0,-0.24715517580573212
BWA,AIR,part_n_minor,1,0.2816525698880659
BWA,AIR,part_n_minor,2,-0.012949851424889918
BWA,AIR,part_n_minor,3,0.07490075173937154
BWA,AIR,part_n_minor,4,-0.32200552279551337
BWA,AIR,part_n_minor,5,0.37372659291122085
CAF,AIR,part_n_minor,0,0.3944953626936324
CAF,AIR,part_n_minor,1,-0.44401074248219113
CAF,AIR,part_n_minor,2,0.1825997744365962
CAF,AIR,part_n_minor,3,-0.034046498620949044
CAF,AIR,part_n_minor,4,0.12908478852985003
CAF,AIR,part_n_minor,5,-0.17280562581829034
CAN,AIR,part_n_minor,0,-0.19834828576927452
CAN,AIR,part_n_minor,1,0.14699968433474245
CAN,AIR,part_n_minor,2,0.2502419499260243
CAN,AIR,part_n_minor,3,0.039125654902872266
CAN,AIR,part_n_minor,4,-0.21112424714211508
CAN,AIR,part_n_minor,5,-0.3119366995100577
CHE,AIR,part_n_minor,0,0.207137204540439
CHE,AIR,part_n_minor,1,-0.1568172241090456
CHE,AIR,part_n_minor,2,-0.028360111086597244
CHE,AIR,part_n_minor,3,0.0342461769151503
CHE,AIR,part_n_minor,4,-0.01177108511524262
CHE,AIR,part_n_minor,5,-0.2267226566084515
CHN,AIR,part_n_minor,0,-0.06338894632527953
CHN,AIR,part_n_minor,1,-0.06545369304401526
CHN,AIR,part_n_minor,2,0.15613122786724215
CHN,AIR,part_n_minor,3,0.0312861126643946
CHN,AIR,part_n_minor,4,-0.06987989966804445
CHN,AIR,part_n_minor,5,-0.040160914616429476
CIV,AIR,part_n_minor,0,0.4443330145626739
CIV,AIR,part_n_minor,1,-0.027621874078319054
CIV,AIR,part_n_minor,2,-0.0603741632577016
CIV,AIR,part_n_minor,3,-0.15119509385813182
CIV,AIR,part_n_minor,4,0.13873801170087052
CIV,AIR,part_n_minor,5,-0.18009492902640675
CMR,AIR,part_n_minor,0,-0.31798674317987946
CMR,AIR,part_n_minor,1,0.194508691153819
CMR,AIR,part_n_minor,2,0.36541793043116044
CMR,AIR,part_n_minor,3,-0.3050969738050194
CMR,AIR,part_n_minor,4,0.10486695569769011
CMR,AIR,part_n_minor,5,0.17902528973635728
COD,AIR,part_n_minor,0,-0.009433290992925345
COD,AIR,part_n_minor,1,-0.13900466542806014
COD,AIR,part_n_minor,2,0.39846307948019494
COD,AIR,part_n_minor,3,-0.3350389425030839
COD,AIR,part_n_minor,4,-0.08996428277840707
COD,AIR,part_n_minor,5,0.14547488833442568
COG,AIR,part_n_minor,0,-0.2083222517010418
COG,AIR,part_n_minor,1,0.014560548006652201
COG,AIR,part_n_minor,2,0.21033824594134004
COG,AIR,part_n_minor,3,-0.10557871633742823
COG,AIR,part_n_minor,4,-0.05343016036281985
COG,AIR,part_n_minor,5,0.16252003703922596
COL,AIR,part_n_minor,0,-0.1196107106582828
COL,AIR,part_n_minor,1,0.04915474580365067
COL,AIR,part_n_minor,2,0.12838087363958045
COL,AIR,part_n_minor,3,0.01819972715955737
COL,AIR,part_n_minor,4,-0.1864063205041299
COL,AIR,part_n_minor,5,0.1298428171609241
COM,AIR,part_n_minor,0,-1.0505075827399868e-18
COM,AIR,part_n_minor,1,0.0
COM,AIR,part_n_minor,2,0.0
COM,AIR,part_n_minor,3,0.0
COM,AIR,part_n_minor,4,0.0
COM,AIR,part_n_minor,5,0.0
CZE,AIR,part_n_minor,0,-0.14011735198509356
CZE,AIR,part_n_minor,1,-0.10885889924090171
CZE,AIR,part_n_minor,2,0.2924085135449193
CZE,AIR,part_n_minor,3,-0.3041728272308662
CZE,AIR,part_n_minor,4,0.2104092744009411
CZE,AIR,part_n_minor,5,-0.009244739253325378
DEU,AIR,part_n_minor,0,-0.20605663925853254
DEU,AIR,part_n_minor,1,-0.11484412279136748
DEU,AIR,part_n_minor,2,-0.041142565579945285
DEU,AIR,part_n_minor,3,0.2658887419435608
DEU,AIR,part_n_minor,4,-0.044522944325709066
DEU,AIR,part_n_minor,5,0.1258600753536547
DJI,AIR,part_n_minor,0,-0.4941608348832387
DJI,AIR,part_n_minor,1,0.45908079223292414
DJI,AIR,part_n_minor,2,-0.20110073377889953
DJI,AIR,part_n_minor,3,-0.09372638163354811
DJI,AIR,part_n_minor,4,0.17739765157125714
DJI,AIR,part_n_minor,5,-0.1869298637448877
DNK,AIR,part_n_minor,0,-0.08705690118417792
DNK,AIR,part_n_minor,1,0.14091707613034407
DNK,AIR,part_n_minor,2,-0.019814317726210694
DNK,AIR,part_n_minor,3,-0.1822735912182423
DNK,AIR,part_n_minor,4,0.04362455267010148
DNK,AIR,part_n_minor,5,-0.22181475159775269
DOM,AIR,part_n_minor,0,0.4309711451519691
DOM,AIR,part_n_minor,1,-0.09417504776229611
DOM,AIR,part_n_minor,2,-0.1291505358170254
DOM,AIR,part_n_minor,3,-0.21117898254918135
DOM,AIR,part_n_minor,4,0.4320078727863206
DOM,AIR,part_n_minor,5,-0.33667216409763084
DZA,AIR,part_n_minor,0,0.08554620650196464
DZA,AIR,part_n_minor,1,-0.10940425796505122
DZA,AIR,part_n_minor,2,0.07534909729207753
DZA,AIR,part_n_minor,3,-0.04714444154847669
DZA,AIR,part_n_minor,4,0.016342154049942492
DZA,AIR,part_n_minor,5,-0.049053278306918385
ECU,AIR,part_n_minor,0,-0.3222333953467096
ECU,AIR,part_n_minor,1,0.13859572378466403
ECU,AIR,part_n_minor,2,0.21795766097353225
ECU,AIR,part_n_minor,3,-0.2095922338914751
ECU,AIR,part_n_minor,4,0.043121244210430225
ECU,AIR,part_n_minor,5,-0.08736485214849644
EGY,AIR,part_n_minor,0,0.1823710002905376
EGY,AIR,part_n_minor,1,0.22444865040395331
EGY,AIR,part_n_minor,2,-0.07992512445706042
EGY,AIR,part_n_minor,3,0.3672569330561457
EGY,AIR,part_n_minor,4,0.15484795073345212
EGY,AIR,part_n_minor,5,0.036776175155084675
ERI,AIR,part_n_minor,0,-0.3752365660759719
ERI,AIR,part_n_minor,1,0.13962382368296297
ERI,AIR,part_n_minor,2,0.051053913728038795
ERI,AIR,part_n_minor,3,0.12474019505005605
ERI,AIR,part_n_minor,4,-0.3563614497813508
ERI,AIR,part_n_minor,5,0.40462572532670726
ESP,AIR,part_n_minor,0,0.02475497915832878
ESP,AIR,part_n_minor,1,0.14092806940770142
ESP,AIR,part_n_minor,2,-0.08048572002333518
ESP,AIR,part_n_minor,3,0.22071522893584525
ESP,AIR,part_n_minor,4,-0.2821272320792135
ESP,AIR,part_n_minor,5,0.11478065454324242
EST,AIR,part_n_minor,0,0.31374516317975676
EST,AIR,part_n_minor,1,-0.16359076977845263
EST,AIR,part_n_minor,2,0.11166555268004671
EST,AIR,part_n_minor,3,-0.09443637095135249
EST,AIR,part_n_minor,4,0.18439409988669536
EST,AIR,part_n_minor,5,-0.11313753004826022
ETH,AIR,part_n_minor,0,-0.057993162625129775
ETH,AIR,part_n_minor,1,-0.06966735049260521
ETH,AIR,part_n_minor,2,0.10873299394676335
ETH,AIR,part_n_minor,3,0.2184855181229222
ETH,AIR,part_n_minor,4,-0.29968210199196504
ETH,AIR,part_n_minor,5,-0.05041267339209642
FIN,AIR,part_n_minor,0,0.14310648161085315
FIN,AIR,part_n_minor,1,-0.012190637249561018
FIN,AIR,part_n_minor,2,0.03747604151944075
FIN,AIR,part_n_minor,3,0.1765293459318232
FIN,AIR,part_n_minor,4,-0.26563623199671027
FIN,AIR,part_n_minor,5,0.07949344618754481
FRA,AIR,part_n_minor,0,0.34766195672385225
FRA,AIR,part_n_minor,1,-0.2058840511802707
FRA,AIR,part_n_minor,2,0.06634661250324049
FRA,AIR,part_n_minor,3,-0.020197730264069475
FRA,AIR,part_n_minor,4,0.23148658621986853
FRA,AIR,part_n_minor,5,-0.3293693803667963
GAB,AIR,part_n_minor,0,-0.21847461881067395
GAB,AIR,part_n_minor,1,0.03925186365678628
GAB,AIR,part_n_minor,2,-0.008730095922312815
GAB,AIR,part_n_minor,3,-0.19630580186117513
GAB,AIR,part_n_minor,4,0.28141823965648094
GAB,AIR,part_n_minor,5,0.060171233552313165
GBR,AIR,part_n_minor,0,0.1128472079323603
GBR,AIR,part_n_minor,1,-0.16876258605792613
GBR,AIR,part_n_minor,2,-0.11287150951672062
GBR,AIR,part_n_minor,3,0.1606302623221161
GBR,AIR,part_n_minor,4,-0.08413005713605982
GBR,AIR,part_n_minor,5,-0.06820778438214455
GEO,AIR,part_n_minor,0,-0.1602121780926462
GEO,AIR,part_n_minor,1,0.27800718640131244
GEO,AIR,part_n_minor,2,-0.24168276943228434
GEO,AIR,part_n_minor,3,0.25571587890289277
GEO,AIR,part_n_minor,4,-0.031916500075157
GEO,AIR,part_n_minor,5,-0.28620310860662285
GHA,AIR,part_n_minor,0,0.183602832177793
GHA,AIR,part_n_minor,1,-0.19310945526748274
GHA,AIR,part_n_minor,2,0.373964287729837
GHA,AIR,part_n_minor,3,-0.07849261452782935
GHA,AIR,part_n_minor,4,-0.12663227245497408
GHA,AIR,part_n_minor,5,0.012255175176026619
GIN,AIR,part_n_minor,0,-0.00882469321387659
GIN,AIR,part_n_minor,1,0.28080086603980103
GIN,AIR,part_n_minor,2,-0.4929999459118714
GIN,AIR,part_n_minor,3,0.4844787388050271
GIN,AIR,part_n_minor,4,-0.33851990545529237
GIN,AIR,part_n_minor,5,0.10171315873545789
GMB,AIR,part_n_minor,0,5.379661930721501e-19
GMB,AIR,part_n_minor,1,-4.444420514163458e-19
GMB,AIR,part_n_minor,2,-5.820042044382245e-19
GMB,AIR,part_n_minor,3,-1.6849061122526022e-19
GMB,AIR,part_n_minor,4,-3.107015530133847e-19
GMB,AIR,part_n_minor,5,2.447184588801213e-19
GRC,AIR,part_n_minor,0,-0.08562284355783577
GRC,AIR,part_n_minor,1,0.144401957865101
GRC,AIR,part_n_minor,2,-0.13297240053341305
GRC,AIR,part_n_minor,3,-0.19841947910627622
GRC,AIR,part_n_minor,4,0.3035835738600802
GRC,AIR,part_n_minor,5,0.004149115692114096
GTM,AIR,part_n_minor,0,0.25916858237792106
GTM,AIR,part_n_minor,1,0.11477901386469697
GTM,AIR,part_n_minor,2,-0.11629444745329266
GTM,AIR,part_n_minor,3,-0.12067428504669066
GTM,AIR,part_n_minor,4,0.09446408342588915
GTM,AIR,part_n_minor,5,-0.15601451010838832
HND,AIR,part_n_minor,0,2.6260514051251425e-19
HND,AIR,part_n_minor,1,-1.4386870413888252e-19
HND,AIR,part_n_minor,2,5.35894925032843e-19
HND,AIR,part_n_minor,3,5.800563888689413e-19
HND,AIR,part_n_minor,4,-1.6171456264301965e-20
HND,AIR,part_n_minor,5,-9.334489110037802e-19
HRV,AIR,part_n_minor,0,0.16110165157114897
HRV,AIR,part_n_minor,1,0.10427068070295904
HRV,AIR,part_n_minor,2,0.06516338202392662
HRV,AIR,part_n_minor,3,-0.16759957070341241
HRV,AIR,part_n_minor,4,-0.21972858647897536
HRV,AIR,part_n_minor,5,0.19600873611020395
HUN,AIR,part_n_minor,0,-0.20085773171543217
HUN,AIR,part_n_minor,1,-0.09677435196601951
HUN,AIR,part_n_minor,2,0.24090775466470885
HUN,AIR,part_n_minor,3,-0.1769318428590887
HUN,AIR,part_n_minor,4,0.25240806058487314
HUN,AIR,part_n_minor,5,-0.19852405681051655
IDN,AIR,part_n_minor,0,-0.04899943825214797
IDN,AIR,part_n_minor,1,0.04187020738468873
IDN,AIR,part_n_minor,2,0.493135643903089
IDN,AIR,part_n_minor,3,-0.20895280925307852
IDN,AIR,part_n_minor,4,0.012563784959114362
IDN,AIR,part_n_minor,5,0.1843067629344846
IND,AIR,part_n_minor,0,-0.2780956615841408
IND,AIR,part_n_minor,1,0.18292191218139178
IND,AIR,part_n_minor,2,0.0038401070034352752
IND,AIR,part_n_minor,3,-0.2379807021191288
IND,AIR,part_n_minor,4,-0.04693402351753498
IND,AIR,part_n_minor,5,0.2890330434378244
IRL,AIR,part_n_minor,0,0.07996385252624658
IRL,AIR,part_n_minor,1,-0.029906963060612284
IRL,AIR,part_n_minor,2,-0.03099137533108344
IRL,AIR,part_n_minor,3,0.02344647323440845
IRL,AIR,part_n_minor,4,0.15002950482373265
IRL,AIR,part_n_minor,5,-0.12102113129008253
IRN,AIR,part_n_minor,0,0.3130850584941114
IRN,AIR,part_n_minor,1,-0.317837306364759
IRN,AIR,part_n_minor,2,-0.1344265450140447
IRN,AIR,part_n_minor,3,0.2996937752676639
IRN,AIR,part_n_minor,4,-0.27348177942322555
IRN,AIR,part_n_minor,5,0.12351908568860695
IRQ,AIR,part_n_minor,0,0.022750396122550247
IRQ,AIR,part_n_minor,1,-0.011216268152401508
IRQ,AIR,part_n_minor,2,0.047604660777183
IRQ,AIR,part_n_minor,3,-0.06016980531974439
IRQ,AIR,part_n_minor,4,-0.13166064517485057
IRQ,AIR,part_n_minor,5,0.03207530987059306
ISR,AIR,part_n_minor,0,0.04924848227850636
ISR,AIR,part_n_minor,1,-0.2298265304894392
ISR,AIR,part_n_minor,2,0.25225430674984123
ISR,AIR,part_n_minor,3,0.10813587285255528
ISR,AIR,part_n_minor,4,0.03968362145483525
ISR,AIR,part_n_minor,5,-0.10069851608332896
ITA,AIR,part_n_minor,0,-0.1726579515950782
ITA,AIR,part_n_minor,1,0.14002517260017058
ITA,AIR,part_n_minor,2,0.0038707152265152495
ITA,AIR,part_n_minor,3,0.10932744399885216
ITA,AIR,part_n_minor,4,-0.11801000672065208
ITA,AIR,part_n_minor,5,-0.05808128266006123
JOR,AIR,part_n_minor,0,-0.2478187219585139
JOR,AIR,part_n_minor,1,-0.08058167595965461
JOR,AIR,part_n_minor,2,0.46123517769246564
JOR,AIR,part_n_minor,3,-0.5082713025198194
JOR,AIR,part_n_minor,4,0.42474156639718263
JOR,AIR,part_n_minor,5,-0.23818738895497854
JPN,AIR,part_n_minor,0,-0.008859011333552954
JPN,AIR,part_n_minor,1,-0.025625921322892636
JPN,AIR,part_n_minor,2,-0.3345003195440734
JPN,AIR,part_n_minor,3,0.3820226175355911
JPN,AIR,part_n_minor,4,0.24299812111517524
JPN,AIR,part_n_minor,5,-0.1879996743018884
KAZ,AIR,part_n_minor,0,0.1300956700117194
KAZ,AIR,part_n_minor,1,0.011047710307641541
KAZ,AIR,part_n_minor,2,-0.09495329354467877
KAZ,AIR,part_n_minor,3,0.042132815731653984
KAZ,AIR,part_n_minor,4,-0.1364048253633042
KAZ,AIR,part_n_minor,5,0.08129125108855627
KEN,AIR,part_n_minor,0,-0.30117124036103254
KEN,AIR,part_n_minor,1,0.17049009675991172
KEN,AIR,part_n_minor,2,-0.020376546250747935
KEN,AIR,part_n_minor,3,0.2515067279122545
KEN,AIR,part_n_minor,4,-0.25409750869784375
KEN,AIR,part_n_minor,5,0.36560666841247985
KGZ,AIR,part_n_minor,0,0.0935319375687861
KGZ,AIR,part_n_minor,1,-0.3050270543113719
KGZ,AIR,part_n_minor,2,0.06839691737071985
KGZ,AIR,part_n_minor,3,0.042782961293056795
KGZ,AIR,part_n_minor,4,-0.044979788676885055
KGZ,AIR,part_n_minor,5,0.22004423641661394
KHM,AIR,part_n_minor,0,0.04722606702040766
KHM,AIR,part_n_minor,1,0.3690280951748756
KHM,AIR,part_n_minor,2,0.06904429680082068
KHM,AIR,part_n_minor,3,-0.19067280703826203
KHM,AIR,part_n_minor,4,0.058425162903770735
KHM,AIR,part_n_minor,5,0.0815691798304627
KOR,AIR,part_n_minor,0,0.03991281709971307
KOR,AIR,part_n_minor,1,0.04493759283951705
KOR,AIR,part_n_minor,2,-0.18758231628423888
KOR,AIR,part_n_minor,3,0.23388321916238503
KOR,AIR,part_n_minor,4,-0.27844720301449355
KOR,AIR,part_n_minor,5,0.09671642801839282
KWT,AIR,part_n_minor,0,0.17884295250508153
KWT,AIR,part_n_minor,1,-0.08943664674803829
KWT,AIR,part_n_minor,2,-7.366064157458993e-21
KWT,AIR,part_n_minor,3,-1.4183047436816069e-19
KWT,AIR,part_n_minor,4,4.104392835151153e-19
KWT,AIR,part_n_minor,5,0.0
LAO,AIR,part_n_minor,0,0.23237947753551008
LAO,AIR,part_n_minor,1,-0.23148330124217362
LBN,AIR,part_n_minor,0,-0.09749147169362028
LBN,AIR,part_n_minor,1,-0.005340901371693217
LBN,AIR,part_n_minor,2,0.006632543311186131
LBN,AIR,part_n_minor,3,-0.017898021623573596
LBN,AIR,part_n_minor,4,-0.16558978036050465
LBN,AIR,part_n_minor,5,0.5402878361124284
LBR,AIR,part_n_minor,0,0.34927319683353053
LBR,AIR,part_n_minor,1,-0.11923567120019346
LBR,AIR,part_n_minor,2,0.0
LBR,AIR,part_n_minor,3,0.19001328735097217
LBR,AIR,part_n_minor,4,-0.137221306812129
LBR,AIR,part_n_minor,5,-0.05279198053884317
LBY,AIR,part_n_minor,0,0.06842173594463334
LBY,AIR,part_n_minor,1,0.08450876014794015
LBY,AIR,part_n_minor,2,0.03901690012109337
LBY,AIR,part_n_minor,3,-0.39030881072049345
LBY,AIR,part_n_minor,4,0.4574680340360151
LBY,AIR,part_n_minor,5,-0.18106729589231052
LKA,AIR,part_n_minor,0,-0.08757321653603464
LKA,AIR,part_n_minor,1,0.06183424108666182
LKA,AIR,part_n_minor,2,-0.21237423137785139
LKA,AIR,part_n_minor,3,0.0024693794570533815
LKA,AIR,part_n_minor,4,0.186022453157201
LKA,AIR,part_n_minor,5,-0.10506365461050589
LSO,AIR,part_n_minor,0,0.40929222268190635
LSO,AIR,part_n_minor,1,-0.28756123055676264
LSO,AIR,part_n_minor,2,0.007394348083259194
LSO,AIR,part_n_minor,3,0.007627276146359083
LSO,AIR,part_n_minor,4,0.10147505750780837
LSO,AIR,part_n_minor,5,0.005076313132883591
LTU,AIR,part_n_minor,0,-0.21581597197891886
LTU,AIR,part_n_minor,1,0.122550910748996
LTU,AIR,part_n_minor,2,0.1865301224598456
LTU,AIR,part_n_minor,3,-0.29151869565884725
LTU,AIR,part_n_minor,4,0.09827634908830193
LTU,AIR,part_n_minor,5,0.15890977585487592
LUX,AIR,part_n_minor,0,-0.4078059407526194
LUX,AIR,part_n_minor,1,0.42257635805146593
LUX,AIR,part_n_minor,2,-0.11518236976838991
LUX,AIR,part_n_minor,3,0.458120806643113
LUX,AIR,part_n_minor,4,-0.38262605480929457
LUX,AIR,part_n_minor,5,-0.5173719579898013
LVA,AIR,part_n_minor,0,0.09035786675129853
LVA,AIR,part_n_minor,1,-0.14421775194331793
LVA,AIR,part_n_minor,2,0.008290640578709369
LVA,AIR,part_n_minor,3,0.05680433104370884
LVA,AIR,part_n_minor,4,0.05449956487974368
LVA,AIR,part_n_minor,5,-0.13566190210289253
MAR,AIR,part_n_minor,0,0.11700144612425002
MAR,AIR,part_n_minor,1,-0.5078059207131498
MAR,AIR,part_n_minor,2,0.03763570786436976
MAR,AIR,part_n_minor,3,0.4214418025615372
MAR,AIR,part_n_minor,4,-0.12763898327047493
MAR,AIR,part_n_minor,5,-0.25086321476483897
MDG,AIR,part_n_minor,0,0.13742598788739366
MDG,AIR,part_n_minor,1,-0.010867441539842022
MDG,AIR,part_n_minor,2,0.08274545108311704
MDG,AIR,part_n_minor,3,0.009544652597443677
MDG,AIR,part_n_minor,4,-0.0920552560621597
MDG,AIR,part_n_minor,5,-7.030471095134817e-20
MEX,AIR,part_n_minor,0,-0.11249110623805914
MEX,AIR,part_n_minor,1,-0.03247592995005242
MEX,AIR,part_n_minor,2,-0.02008702458253032
MEX,AIR,part_n_minor,3,0.11380245008545671
MEX,AIR,part_n_minor,4,-0.012722632276554938
MEX,AIR,part_n_minor,5,0.04639445516698537
MKD,AIR,part_n_minor,0,0.3991265782689075
MKD,AIR,part_n_minor,1,-0.07063640636822557
MKD,AIR,part_n_minor,2,-0.19909859912627662
MKD,AIR,part_n_minor,3,-0.1869406328716221
MKD,AIR,part_n_minor,4,0.3431556265545259
MKD,AIR,part_n_minor,5,-0.14491077096594437
MLI,AIR,part_n_minor,0,0.0008750290052822751
MLI,AIR,part_n_minor,1,-0.015554857240281937
MLI,AIR,part_n_minor,2,0.13296996196441327
MLI,AIR,part_n_minor,3,-0.19026654208141197
MLI,AIR,part_n_minor,4,0.1537738553289946
MLI,AIR,part_n_minor,5,-0.1416564845970501
MMR,AIR,part_n_minor,0,0.1621920554605438
MMR,AIR,part_n_minor,1,-0.03494642825219222
MMR,AIR,part_n_minor,2,-0.2594921690712287
MMR,AIR,part_n_minor,3,0.18294525111218413
MMR,AIR,part_n_minor,4,0.0646547688564798
MMR,AIR,part_n_minor,5,-0.117029296339887
MNE,AIR,part_n_minor,0,0.0
MNE,AIR,part_n_minor,1,0.0
MNE,AIR,part_n_minor,2,0.0
MNE,AIR,part_n_minor,3,-1.271231938024944e-19
MNE,AIR,part_n_minor,4,-9.126722297883828e-20
MNE,AIR,part_n_minor,5,0.0
MNG,AIR,part_n_minor,0,4.34860197846872e-18
MNG,AIR,part_n_minor,1,-0.29015286459476486
MNG,AIR,part_n_minor,2,0.14772917014976886
MNG,AIR,part_n_minor,3,0.15492400432031916
MNG,AIR,part_n_minor,4,-0.35673802327912013
MNG,AIR,part_n_minor,5,0.4174221790991957
MOZ,AIR,part_n_minor,0,0.26166479679998084
MOZ,AIR,part_n_minor,1,-0.3477476200006188
MOZ,AIR,part_n_minor,2,0.2735613632123231
MOZ,AIR,part_n_minor,3,-0.3369845625780002
MOZ,AIR,part_n_minor,4,0.11366870646921998
MOZ,AIR,part_n_minor,5,0.2691093949431206
MRT,AIR,part_n_minor,0,-0.4718758885662696
MRT,AIR,part_n_minor,1,0.18183463539356992
MRT,AIR,part_n_minor,2,-0.028831213211421913
MRT,AIR,part_n_minor,3,0.1094085979354789
MRT,AIR,part_n_minor,4,0.1352867586403947
MRT,AIR,part_n_minor,5,-0.20376599389881653
MWI,AIR,part_n_minor,0,0.36783424213982174
MWI,AIR,part_n_minor,1,-0.34271401672804885
MWI,AIR,part_n_minor,2,0.19386302369408914
MWI,AIR,part_n_minor,3,-0.011668920239897062
MWI,AIR,part_n_minor,4,0.03370223714378695
MWI,AIR,part_n_minor,5,0.012123303401292347
MYS,AIR,part_n_minor,0,-0.07160886230349357
MYS,AIR,part_n_minor,1,0.08748865497110428
MYS,AIR,part_n_minor,2,0.022687729752218548
MYS,AIR,part_n_minor,3,-0.156558022147635
MYS,AIR,part_n_minor,4,0.22800240442676462
MYS,AIR,part_n_minor,5,-0.016723455844054266
NAM,AIR,part_n_minor,0,-0.038545866602703656
NAM,AIR,part_n_minor,1,0.16408099440180418
NAM,AIR,part_n_minor,2,-0.37603199441694274
NAM,AIR,part_n_minor,3,0.2436984453192492
NAM,AIR,part_n_minor,4,-0.11935517917713462
NAM,AIR,part_n_minor,5,0.0928705470564868
NER,AIR,part_n_minor,0,0.35495026283533543
NER,AIR,part_n_minor,1,-0.11773399011977267
NER,AIR,part_n_minor,2,0.004490815905708226
NER,AIR,part_n_minor,3,-0.21216077501316505
NER,AIR,part_n_minor,4,0.012755208491190202
NER,AIR,part_n_minor,5,0.2627487048708212
NGA,AIR,part_n_minor,0,-0.013265562931811041
NGA,AIR,part_n_minor,1,0.03664541476715829
NGA,AIR,part_n_minor,2,-0.11141828153408123
NGA,AIR,part_n_minor,3,0.2675372357524206
NGA,AIR,part_n_minor,4,0.0029311896692872305
NGA,AIR,part_n_minor,5,-0.2074992123263379
NIC,AIR,part_n_minor,0,0.3808185661107996
NIC,AIR,part_n_minor,1,-0.1718106338024326
NIC,AIR,part_n_minor,2,-2.852114871267492e-19
NIC,AIR,part_n_minor,3,2.9630064221775246e-19
NIC,AIR,part_n_minor,4,-3.658881144338019e-19
NIC,AIR,part_n_minor,5,-3.20725790375558e-19
NLD,AIR,part_n_minor,0,-0.07586359438635959
NLD,AIR,part_n_minor,1,0.1539606570805392
NLD,AIR,part_n_minor,2,-0.3210505988219724
NLD,AIR,part_n_minor,3,0.17742321018686627
NLD,AIR,part_n_minor,4,-0.0076942187108189775
NLD,AIR,part_n_minor,5,0.031282436231974714
NOR,AIR,part_n_minor,0,-0.06840143653355815
NOR,AIR,part_n_minor,1,0.21286313915917784
NOR,AIR,part_n_minor,2,-0.21774335875560355
NOR,AIR,part_n_minor,3,0.11227547092087461
NOR,AIR,part_n_minor,4,-0.23948969526941186
NOR,AIR,part_n_minor,5,0.2608495011001346
NPL,AIR,part_n_minor,0,-0.042036353808428656
NPL,AIR,part_n_minor,1,-0.34012818307099657
NPL,AIR,part_n_minor,2,0.1841029683730131
NPL,AIR,part_n_minor,3,0.18293136804754684
NPL,AIR,part_n_minor,4,0.13426186931583522
NPL,AIR,part_n_minor,5,-0.1529667556172308
NZL,AIR,part_n_minor,0,0.09711680692227966
NZL,AIR,part_n_minor,1,0.037449249039734595
NZL,AIR,part_n_minor,2,0.06309209470059653
NZL,AIR,part_n_minor,3,-0.0370807411270112
NZL,AIR,part_n_minor,4,-0.1974997646235249
NZL,AIR,part_n_minor,5,0.06390194089067408
PAK,AIR,part_n_minor,0,-0.333102727274318
PAK,AIR,part_n_minor,1,0.4470052971248983
PAK,AIR,part_n_minor,2,-0.3370858873843243
PAK,AIR,part_n_minor,3,0.08247050812312137
PAK,AIR,part_n_minor,4,-0.1170734295451525
PAK,AIR,part_n_minor,5,0.22740878152523755
PAN,AIR,part_n_minor,0,1.0
PER,AIR,part_n_minor,0,0.07338121577115861
PER,AIR,part_n_minor,1,-0.06835678847605489
PER,AIR,part_n_minor,2,-0.1876318382781027
PER,AIR,part_n_minor,3,0.20267084389218684
PER,AIR,part_n_minor,4,0.14142742261658064
PER,AIR,part_n_minor,5,0.054286567825616625
PHL,AIR,part_n_minor,0,0.023818469225090348
PHL,AIR,part_n_minor,1,0.07110981967489308
PHL,AIR,part_n_minor,2,-0.3829221341400509
PHL,AIR,part_n_minor,3,0.42741167490491233
PHL,AIR,part_n_minor,4,-0.23103939003744325
PHL,AIR,part_n_minor,5,0.04886030530353883
PNG,AIR,part_n_minor,0,0.14681457852380383
PNG,AIR,part_n_minor,1,-0.1736892275909287
PNG,AIR,part_n_minor,2,0.3824915386556017
PNG,AIR,part_n_minor,3,1.1722404912565537e-18
PNG,AIR,part_n_minor,4,0.7688637151349972
PNG,AIR,part_n_minor,5,1.4822235135203494e-18
POL,AIR,part_n_minor,0,0.1510589844933714
POL,AIR,part_n_minor,1,0.12543184534137874
POL,AIR,part_n_minor,2,-0.11878423009160913
POL,AIR,part_n_minor,3,0.19920466280456098
POL,AIR,part_n_minor,4,0.02753924476140229
POL,AIR,part_n_minor,5,-0.11398339852381403
PRT,AIR,part_n_minor,0,0.025376586223059973
PRT,AIR,part_n_minor,1,0.08933209025782528
PRT,AIR,part_n_minor,2,-0.2173353292879447
PRT,AIR,part_n_minor,3,-0.07859363554179644
PRT,AIR,part_n_minor,4,0.019133750965222313
PRT,AIR,part_n_minor,5,-0.013282669403190306
PRY,AIR,part_n_minor,0,-0.3102050893232087
PRY,AIR,part_n_minor,1,0.2675308850966369
PRY,AIR,part_n_minor,2,-0.2513073336437545
PRY,AIR,part_n_minor,3,0.2180148067250204
PRY,AIR,part_n_minor,4,0.012945589407734147
PRY,AIR,part_n_minor,5,0.06389931528526961
ROU,AIR,part_n_minor,0,0.24464559648089174
ROU,AIR,part_n_minor,1,-0.3372367604405784
ROU,AIR,part_n_minor,2,0.007635955261311452
ROU,AIR,part_n_minor,3,0.14617011294118612
ROU,AIR,part_n_minor,4,-0.22293255118719418
ROU,AIR,part_n_minor,5,0.07280394981441579
RUS,AIR,part_n_minor,0,0.03230550869392223
RUS,AIR,part_n_minor,1,0.030632489057149492
RUS,AIR,part_n_minor,2,-0.11932910193606246
RUS,AIR,part_n_minor,3,0.12399992681985339
RUS,AIR,part_n_minor,4,0.12826929031593293
RUS,AIR,part_n_minor,5,-0.12775283902141896
RWA,AIR,part_n_minor,0,0.1029732948411316
RWA,AIR,part_n_minor,1,0.12785985374500647
RWA,AIR,part_n_minor,2,-0.06340633613710321
RWA,AIR,part_n_minor,3,-0.22562062792447496
RWA,AIR,part_n_minor,4,0.20457808537341413
RWA,AIR,part_n_minor,5,0.045879144396473164
SAU,AIR,part_n_minor,0,0.07588041605347072
SAU,AIR,part_n_minor,1,-0.11627119309297056
SAU,AIR,part_n_minor,2,0.07778348890267985
SAU,AIR,part_n_minor,3,0.1075770751357519
SAU,AIR,part_n_minor,4,-0.24281097534412024
SAU,AIR,part_n_minor,5,0.0522033054026209
SDN,AIR,part_n_minor,0,-0.018238994850661543
SDN,AIR,part_n_minor,1,-0.282578674168122
SDN,AIR,part_n_minor,2,0.28577676189127865
SDN,AIR,part_n_minor,3,-0.02594952668339555
SDN,AIR,part_n_minor,4,-0.09356613211004684
SDN,AIR,part_n_minor,5,0.16746525298572817
SEN,AIR,part_n_minor,0,0.34932783670556844
SEN,AIR,part_n_minor,1,-0.31435886648951417
SEN,AIR,part_n_minor,2,0.16321342905081038
SEN,AIR,part_n_minor,3,-0.09445563119433022
SEN,AIR,part_n_minor,4,0.13804577813959681
SEN,AIR,part_n_minor,5,-0.48089726081972445
SGP,AIR,part_n_minor,0,0.07167178535851444
SGP,AIR,part_n_minor,1,0.014507691198697263
SGP,AIR,part_n_minor,2,0.001282129558911558
SGP,AIR,part_n_minor,3,-0.18209293151152053
SGP,AIR,part_n_minor,4,-0.059157268871160094
SGP,AIR,part_n_minor,5,0.2659698392802941
SLE,AIR,part_n_minor,0,-0.14595877371862254
SLE,AIR,part_n_minor,1,-0.018134845137155922
SLE,AIR,part_n_minor,2,0.10359907528182863
SLE,AIR,part_n_minor,3,0.12802511204227018
SLE,AIR,part_n_minor,4,-0.08188382225217039
SLE,AIR,part_n_minor,5,-0.053420177900612195
SLV,AIR,part_n_minor,0,-0.38501676025547943
SLV,AIR,part_n_minor,1,0.19404237301792843
SLV,AIR,part_n_minor,2,-0.24554882941103895
SLV,AIR,part_n_minor,3,0.2890204649407798
SLV,AIR,part_n_minor,4,-0.08428188239483847
SLV,AIR,part_n_minor,5,0.19466009989680644
SOM,AIR,part_n_minor,0,0.15191916561609187
SOM,AIR,part_n_minor,1,0.240161605612649
SOM,AIR,part_n_minor,2,0.0
SOM,AIR,part_n_minor,3,-2.917147193867991e-19
SOM,AIR,part_n_minor,4,-0.19244247751307966
SOM,AIR,part_n_minor,5,0.1924450998277167
SRB,AIR,part_n_minor,0,-0.009328713235119841
SRB,AIR,part_n_minor,1,-0.11656298556784273
SRB,AIR,part_n_minor,2,0.11899101382046018
SRB,AIR,part_n_minor,3,-0.2879230056973355
SRB,AIR,part_n_minor,4,0.6081801225963132
SRB,AIR,part_n_minor,5,-0.0744597078941244
SSD,AIR,part_n_minor,0,0.4971285793415231
SSD,AIR,part_n_minor,1,-0.1030274643191732
SSD,AIR,part_n_minor,2,0.18188042364334778
SSD,AIR,part_n_minor,3,-0.11345193740758228
SSD,AIR,part_n_minor,4,-0.08582725647775119
SSD,AIR,part_n_minor,5,-0.12224336968484247
SVK,AIR,part_n_minor,0,0.05496416622138513
SVK,AIR,part_n_minor,1,-0.0579857167951681
SVK,AIR,part_n_minor,2,0.14120245418494418
SVK,AIR,part_n_minor,3,0.03424564889791236
SVK,AIR,part_n_minor,4,-0.0907055849998142
SVK,AIR,part_n_minor,5,0.14211104031642105
SVN,AIR,part_n_minor,0,-0.011045213127392471
SVN,AIR,part_n_minor,1,-0.06047295965428761
SVN,AIR,part_n_minor,2,-2.769789486525162e-19
SVN,AIR,part_n_minor,3,-0.19943929523727633
SVN,AIR,part_n_minor,4,2.3243459661929306e-35
SVN,AIR,part_n_minor,5,0.19943929523727627
SWE,AIR,part_n_minor,0,-0.08832902687867297
SWE,AIR,part_n_minor,1,-0.12862696412128677
SWE,AIR,part_n_minor,2,0.4957717712740747
SWE,AIR,part_n_minor,3,-0.250037581205046
SWE,AIR,part_n_minor,4,0.08970694999715385
SWE,AIR,part_n_minor,5,-0.039826787622408814
SYR,AIR,part_n_minor,0,-0.11390011738981286
SYR,AIR,part_n_minor,1,-0.13219904022478202
SYR,AIR,part_n_minor,2,0.29410020314078494
SYR,AIR,part_n_minor,3,-0.34596859945863123
SYR,AIR,part_n_minor,4,0.30975231399369707
SYR,AIR,part_n_minor,5,-0.02476299187128107
TCD,AIR,part_n_minor,0,0.2913625350619619
TCD,AIR,part_n_minor,1,-0.3498123863583966
TCD,AIR,part_n_minor,2,-0.1032304628589559
TCD,AIR,part_n_minor,3,-0.08297316858389811
TCD,AIR,part_n_minor,4,0.08447063635130816
TCD,AIR,part_n_minor,5,0.3249286022552367
TGO,AIR,part_n_minor,0,-0.26597466815449533
TGO,AIR,part_n_minor,1,0.3056758025887922
TGO,AIR,part_n_minor,2,-0.1621066181497489
TGO,AIR,part_n_minor,3,-0.1172660505191359
TGO,AIR,part_n_minor,4,0.1944980163461394
TGO,AIR,part_n_minor,5,-0.16183111834398586
THA,AIR,part_n_minor,0,0.06152715360112113
THA,AIR,part_n_minor,1,-0.02495883068145129
THA,AIR,part_n_minor,2,0.24599337827936155
THA,AIR,part_n_minor,3,-0.091660584328576
THA,AIR,part_n_minor,4,0.056799890755607124
THA,AIR,part_n_minor,5,-0.25537954937277224
TJK,AIR,part_n_minor,0,0.019438468124665563
TJK,AIR,part_n_minor,1,0.1683724745315991
TJK,AIR,part_n_minor,2,-0.21578885066638342
TJK,AIR,part_n_minor,3,-0.09343622386476172
TJK,AIR,part_n_minor,4,0.4858155722421504
TJK,AIR,part_n_minor,5,-0.3671786393984923
TKM,AIR,part_n_minor,0,-1.913739106160424e-18
TKM,AIR,part_n_minor,1,-1.1009596622404463e-18
TKM,AIR,part_n_minor,2,-0.5140476537385866
TKM,AIR,part_n_minor,3,0.5808455203461137
TKM,AIR,part_n_minor,4,-1.6363357668687393e-18
TKM,AIR,part_n_minor,5,1.5636803540940606e-18
TON,AIR,part_n_minor,0,0.0
TON,AIR,part_n_minor,1,0.0
TON,AIR,part_n_minor,2,0.0
TON,AIR,part_n_minor,3,0.0
TON,AIR,part_n_minor,4,0.0
TON,AIR,part_n_minor,5,0.0
TTO,AIR,part_n_minor,0,-4.6395193676036466e-35
TTO,AIR,part_n_minor,1,1.0249602970553437e-18
TUN,AIR,part_n_minor,0,-0.12810370759394094
TUN,AIR,part_n_minor,1,0.21322304278270995
TUN,AIR,part_n_minor,2,-0.024251747285689133
TUN,AIR,part_n_minor,3,-0.08296200318626808
TUN,AIR,part_n_minor,4,0.18701992796357061
TUN,AIR,part_n_minor,5,0.013128149034917769
TUR,AIR,part_n_minor,0,-0.17928037440082487
TUR,AIR,part_n_minor,1,0.2496117997586625
TUR,AIR,part_n_minor,2,-0.23735286713542764
TUR,AIR,part_n_minor,3,0.06277525772666498
TUR,AIR,part_n_minor,4,0.06111512454827623
TUR,AIR,part_n_minor,5,0.1184333362243806
TZA,AIR,part_n_minor,0,-0.1373639671277551
TZA,AIR,part_n_minor,1,-0.054181341730961285
TZA,AIR,part_n_minor,2,0.37602123173832264
TZA,AIR,part_n_minor,3,-0.0368032026001245
TZA,AIR,part_n_minor,4,-0.3302266663585705
TZA,AIR,part_n_minor,5,0.06528013229382819
UGA,AIR,part_n_minor,0,-0.1479293741765862
UGA,AIR,part_n_minor,1,-0.047481540719979065
UGA,AIR,part_n_minor,2,0.010278524300978
UGA,AIR,part_n_minor,3,0.05602136155612401
UGA,AIR,part_n_minor,4,0.12803867758023094
UGA,AIR,part_n_minor,5,0.003945562074223119
UKR,AIR,part_n_minor,0,0.05812925154964825
UKR,AIR,part_n_minor,1,-0.19081435439940647
UKR,AIR,part_n_minor,2,-0.5181437038644872
UKR,AIR,part_n_minor,3,0.502466418470631
UKR,AIR,part_n_minor,4,-0.2351196157152402
UKR,AIR,part_n_minor,5,-0.5197683481434269
USA,AIR,part_n_minor,0,-0.008491435571613356
USA,AIR,part_n_minor,1,-0.07258455832298857
USA,AIR,part_n_minor,2,0.09687066114372464
USA,AIR,part_n_minor,3,-0.1857545379147544
USA,AIR,part_n_minor,4,-0.14993587543184522
USA,AIR,part_n_minor,5,-0.1823873832726802
UZB,AIR,part_n_minor,0,0.0
UZB,AIR,part_n_minor,1,-2.0276401638841851e-19
UZB,AIR,part_n_minor,2,-3.9792019730971337e-19
UZB,AIR,part_n_minor,3,0.0035372648773576098
UZB,AIR,part_n_minor,4,-4.554033330756535e-20
UZB,AIR,part_n_minor,5,0.009598657768234212
VEN,AIR,part_n_minor,0,-0.034361653609757584
VEN,AIR,part_n_minor,1,0.15599447845512582
VEN,AIR,part_n_minor,2,-0.03532082646197348
VEN,AIR,part_n_minor,3,-0.034072222550170464
VNM,AIR,part_n_minor,0,0.09258968441507474
VNM,AIR,part_n_minor,1,0.2660467422613081
VNM,AIR,part_n_minor,2,-0.4249184549417163
VNM,AIR,part_n_minor,3,0.08691719736231295
VNM,AIR,part_n_minor,4,0.19597042546463642
VNM,AIR,part_n_minor,5,-0.17142521907734287
YEM,AIR,part_n_minor,0,0.2462174420064973
YEM,AIR,part_n_minor,1,-0.35640854271476125
YEM,AIR,part_n_minor,2,0.3900334305558457
YEM,AIR,part_n_minor,3,-0.2165149791088691
YEM,AIR,part_n_minor,4,0.13096979056914754
YEM,AIR,part_n_minor,5,-0.05770394960388301
ZAF,AIR,part_n_minor,0,-0.39587872811613306
ZAF,AIR,part_n_minor,1,0.008658895410595287
ZAF,AIR,part_n_minor,2,0.31194921262843966
ZAF,AIR,part_n_minor,3,0.002124578722822369
ZAF,AIR,part_n_minor,4,-0.3033926456248497
ZAF,AIR,part_n_minor,5,0.04774239712050015
ZMB,AIR,part_n_minor,0,-0.20302842466401894
ZMB,AIR,part_n_minor,1,-0.09650886485883187
ZMB,AIR,part_n_minor,2,0.24293375556943367
ZMB,AIR,part_n_minor,3,-0.019352124439425394
ZMB,AIR,part_n_minor,4,-0.08701138262594131
ZMB,AIR,part_n_minor,5,0.05326899536020461
ZWE,AIR,part_n_minor,0,-0.21222769805101785
ZWE,AIR,part_n_minor,1,0.0854018585305035
ZWE,AIR,part_n_minor,2,0.1290342004040917
ZWE,AIR,part_n_minor,3,-0.10978085262917854
ZWE,AIR,part_n_minor,4,-0.04550100785392877
ZWE,AIR,part_n_minor,5,-0.13324072179434612
AFG,AIR,part_n_war,0,-0.06229867559021756
AFG,AIR,part_n_war,1,0.06269565904308605
AFG,AIR,part_n_war,2,-0.14199116769085537
AFG,AIR,part_n_war,3,0.20011132220705324
AFG,AIR,part_n_war,4,-0.11873141162963585
AFG,AIR,part_n_war,5,0.13756612421978465
AGO,AIR,part_n_war,0,0.1639097339359781
AGO,AIR,part_n_war,1,0.010499462635420221
AGO,AIR,part_n_war,2,-0.2590753155127433
AGO,AIR,part_n_war,3,-0.027180742423468813
AGO,AIR,part_n_war,4,0.1276907214100292
AGO,AIR,part_n_war,5,0.22359289734359272
ALB,AIR,part_n_war,0,-0.3112676388072073
ALB,AIR,part_n_war,1,0.39949169855858035
ALB,AIR,part_n_war,2,-0.1437680423827808
ALB,AIR,part_n_war,3,-0.07484321037445694
ALB,AIR,part_n_war,4,-0.10731639173875536
ALB,AIR,part_n_war,5,0.05490576411518185
ARE,AIR,part_n_war,0,-0.11551105307502986
ARE,AIR,part_n_war,1,0.07425665210642743
ARE,AIR,part_n_war,2,-0.03616381596233732
ARE,AIR,part_n_war,3,0.0711958833970336
ARE,AIR,part_n_war,4,0.14057805739678478
ARE,AIR,part_n_war,5,-0.04414507461743085
ARG,AIR,part_n_war,0,-0.3797755772358496
ARG,AIR,part_n_war,1,0.22048736814936046
ARG,AIR,part_n_war,2,-0.14886509508584514
ARM,AIR,part_n_war,0,-0.2650842566210126
ARM,AIR,part_n_war,1,0.4764267731008001
ARM,AIR,part_n_war,2,-0.1719231590058089
ARM,AIR,part_n_war,3,0.05629602812153855
ARM,AIR,part_n_war,4,0.17618980941541235
ARM,AIR,part_n_war,5,-0.5155753207657229
AUS,AIR,part_n_war,0,0.36625563679502304
AUS,AIR,part_n_war,1,-0.18767311305507975
AUS,AIR,part_n_war,2,0.12258084424453373
AUS,AIR,part_n_war,3,-0.27449079570048995
AUS,AIR,part_n_war,4,0.21387829961057636
AUS,AIR,part_n_war,5,0.053168528055835974
AUT,AIR,part_n_war,0,-0.3906453781640594
AUT,AIR,part_n_war,1,0.08907877461864579
AUT,AIR,part_n_war,2,-0.2773045632788413
AUT,AIR,part_n_war,3,0.2836317791698075
AUT,AIR,part_n_war,4,0.08958023568658946
AUT,AIR,part_n_war,5,0.06812482418284918
AZE,AIR,part_n_war,0,0.21275729086725212
AZE,AIR,part_n_war,1,-0.26673266171278465
AZE,AIR,part_n_war,2,0.35411252865361015
AZE,AIR,part_n_war,3,-0.22098139437291586
AZE,AIR,part_n_war,4,-0.12290034043701839
AZE,AIR,part_n_war,5,0.12442885768792322
BDI,AIR,part_n_war,0,1.4574405792232858e-19
BDI,AIR,part_n_war,1,4.45516318376447e-19
BDI,AIR,part_n_war,2,-2.2909622057022014e-19
BDI,AIR,part_n_war,3,2.343244592797994e-20
BDI,AIR,part_n_war,4,4.111132389743296e-19
BDI,AIR,part_n_war,5,-5.555736370939677e-19
BEL,AIR,part_n_war,0,0.08847404062066122
BEL,AIR,part_n_war,1,0.18327281812175947
BEL,AIR,part_n_war,2,0.2749649892996598
BEL,AIR,part_n_war,3,-0.25835372829202
BEL,AIR,part_n_war,4,-0.15236334302012328
BEL,AIR,part_n_war,5,0.150619740688925
BEN,AIR,part_n_war,0,-0.35235570410798794
BEN,AIR,part_n_war,1,-0.12264914047845579
BEN,AIR,part_n_war,2,0.2982945597714911
BEN,AIR,part_n_war,3,-0.14914727988574553
BEN,AIR,part_n_war,4,5.149952834252928e-19
BEN,AIR,part_n_war,5,1.568319255417799e-35
BFA,AIR,part_n_war,0,-0.18577354026733622
BFA,AIR,part_n_war,1,0.24461086297815238
BFA,AIR,part_n_war,2,-0.10216659458895684
BFA,AIR,part_n_war,3,-0.19443194103997155
BFA,AIR,part_n_war,4,0.31486898788427475
BFA,AIR,part_n_war,5,-0.21442849896150035
BGD,AIR,part_n_war,0,-0.11308892108208343
BGD,AIR,part_n_war,1,0.09682812526283824
BGD,AIR,part_n_war,2,0.060298149741514796
BGD,AIR,part_n_war,3,0.06742383191624232
BGD,AIR,part_n_war,4,-0.14229412170406464
BGD,AIR,part_n_war,5,0.04150690681442156
BGR,AIR,part_n_war,0,0.3304136058179865
BGR,AIR,part_n_war,1,-0.02467088787390402
BGR,AIR,part_n_war,2,0.08894167966264471
BGR,AIR,part_n_war,3,0.01580187430055756
BGR,AIR,part_n_war,4,-0.1273208243891035
BGR,AIR,part_n_war,5,0.1846817196248302
BHR,AIR,part_n_war,0,-0.06253245247677876
BHR,AIR,part_n_war,1,0.025398947732099122
BHR,AIR,part_n_war,2,0.06712272738071151
BHR,AIR,part_n_war,3,-0.2559172579746344
BHR,AIR,part_n_war,4,0.09057452804352313
BHR,AIR,part_n_war,5,-0.020795399322474182
BIH,AIR,part_n_war,0,0.0
BIH,AIR,part_n_war,1,0.0
BIH,AIR,part_n_war,2,0.0
BIH,AIR,part_n_war,3,0.0092083722952039
BIH,AIR,part_n_war,4,2.697679553650161e-19
BIH,AIR,part_n_war,5,-0.40684385272803003
BTN,AIR,part_n_war,0,0.0
BTN,AIR,part_n_war,1,0.0
BTN,AIR,part_n_war,2,0.0
BTN,AIR,part_n_war,3,0.0
BTN,AIR,part_n_war,4,0.0
BTN,AIR,part_n_war,5,-0.5000000000000001
CAN,AIR,part_n_war,0,0.06856017242092863
CAN,AIR,part_n_war,1,0.008592406961861462
CAN,AIR,part_n_war,2,-0.18685075019092226
CAN,AIR,part_n_war,3,0.0557325452719786
CAN,AIR,part_n_war,4,0.06387340886059344
CAN,AIR,part_n_war,5,0.14180761370383788
CHE,AIR,part_n_war,0,-0.20374431681107144
CHE,AIR,part_n_war,1,-0.0431274906331848
CHE,AIR,part_n_war,2,-1.3799167975427552e-19
CHE,AIR,part_n_war,3,-0.184327793419704
CHE,AIR,part_n_war,4,-0.001504382731319581
CHE,AIR,part_n_war,5,0.3276598971344716
CHN,AIR,part_n_war,0,0.13392216784024563
CHN,AIR,part_n_war,1,0.10237546146780059
CHN,AIR,part_n_war,2,0.013270420992081594
CHN,AIR,part_n_war,3,-0.3432802510463925
CHN,AIR,part_n_war,4,0.27140036535906165
CHN,AIR,part_n_war,5,0.016851275585683622
CIV,AIR,part_n_war,0,-0.3409770698687279
CIV,AIR,part_n_war,1,0.18307135373770647
CIV,AIR,part_n_war,2,-0.15366750004394178
CIV,AIR,part_n_war,3,0.24383267906962697
CIV,AIR,part_n_war,4,-0.12828560466160818
CIV,AIR,part_n_war,5,0.36892075616255404
CMR,AIR,part_n_war,0,-0.006018913494199584
CMR,AIR,part_n_war,1,0.4416969105178826
CMR,AIR,part_n_war,2,-0.3355282039036991
CMR,AIR,part_n_war,3,0.20947063346592645
CMR,AIR,part_n_war,4,0.05710521844669065
CMR,AIR,part_n_war,5,-0.35248966165081247
COD,AIR,part_n_war,0,0.08381980355118246
COD,AIR,part_n_war,1,0.1556162178352366
COD,AIR,part_n_war,2,-0.4075857236819172
COD,AIR,part_n_war,3,0.25396666360139525
COD,AIR,part_n_war,4,-0.05943144263876197
COD,AIR,part_n_war,5,0.12598111844960633
COG,AIR,part_n_war,0,0.29270786233420965
COG,AIR,part_n_war,1,0.29273570947160527
COG,AIR,part_n_war,2,-0.2927652530009787
COG,AIR,part_n_war,3,-8.766494049190988e-19
COG,AIR,part_n_war,4,-7.542585340927707e-21
COG,AIR,part_n_war,5,-0.2704348444357608
COL,AIR,part_n_war,0,-0.2830120932536126
COL,AIR,part_n_war,1,0.2414700718956192
COL,AIR,part_n_war,2,-0.1843294493422637
COL,AIR,part_n_war,3,0.3992322649138458
COL,AIR,part_n_war,4,-0.32039590329971385
COL,AIR,part_n_war,5,0.08225286062643243
CUB,AIR,part_n_war,0,-0.02171382392162608
CZE,AIR,part_n_war,0,-0.35278517454529257
CZE,AIR,part_n_war,1,0.3158997357562184
CZE,AIR,part_n_war,2,-0.07101487396550153
CZE,AIR,part_n_war,3,0.31338824928721276
CZE,AIR,part_n_war,4,-0.24803025917403856
CZE,AIR,part_n_war,5,0.03877121338581425
DEU,AIR,part_n_war,0,0.3041782531182427
DEU,AIR,part_n_war,1,-0.11873833016377797
DEU,AIR,part_n_war,2,0.2978924744458009
DEU,AIR,part_n_war,3,-0.4002026714569983
DEU,AIR,part_n_war,4,0.10798349337307006
DEU,AIR,part_n_war,5,-0.09916568165475653
DJI,AIR,part_n_war,0,0.17530021524370662
DJI,AIR,part_n_war,1,-2.7420890440673698e-19
DJI,AIR,part_n_war,2,-0.00438521052724504
DJI,AIR,part_n_war,3,5.018195292432204e-19
DJI,AIR,part_n_war,4,-7.396613972785612e-19
DJI,AIR,part_n_war,5,-0.00419636905583956
DNK,AIR,part_n_war,0,0.33301403196938867
DNK,AIR,part_n_war,1,-0.14118931195352794
DNK,AIR,part_n_war,2,-0.08707129664110243
DNK,AIR,part_n_war,3,0.05698378406065093
DNK,AIR,part_n_war,4,-0.23707061126683737
DNK,AIR,part_n_war,5,0.3870718074046781
DOM,AIR,part_n_war,0,0.43097114515196916
DOM,AIR,part_n_war,1,-0.09417504776229611
DOM,AIR,part_n_war,2,-0.12915053581702537
DOM,AIR,part_n_war,3,-0.21117898254918135
DOM,AIR,part_n_war,4,0.4320078727863207
DOM,AIR,part_n_war,5,-0.33667216409763084
DZA,AIR,part_n_war,0,0.2016111797249661
DZA,AIR,part_n_war,1,-0.031020472121769626
DZA,AIR,part_n_war,2,-0.3026667910044374
DZA,AIR,part_n_war,3,0.08628182613655028
DZA,AIR,part_n_war,4,-0.028922517205407974
DZA,AIR,part_n_war,5,-0.42248765694927976
EGY,AIR,part_n_war,0,0.1093411598528527
EGY,AIR,part_n_war,1,-0.3184040640716736
EGY,AIR,part_n_war,2,0.25787001045600255
EGY,AIR,part_n_war,3,-0.08367618633426549
EGY,AIR,part_n_war,4,0.03633357847467129
EGY,AIR,part_n_war,5,0.16621275385607326
ERI,AIR,part_n_war,0,0.03364023811561754
ERI,AIR,part_n_war,1,-0.14902930571927944
ERI,AIR,part_n_war,2,0.3523691863717036
ERI,AIR,part_n_war,3,-0.15794051748406754
ERI,AIR,part_n_war,4,0.14881334389827514
ERI,AIR,part_n_war,5,-0.11242690672844026
ESP,AIR,part_n_war,0,-0.05811930296070932
ESP,AIR,part_n_war,1,-0.08240125772717403
ESP,AIR,part_n_war,2,0.17473314843715942
ESP,AIR,part_n_war,3,-0.16979850421085194
ESP,AIR,part_n_war,4,0.11120197483094002
ESP,AIR,part_n_war,5,0.054198862187617894
EST,AIR,part_n_war,0,0.0
EST,AIR,part_n_war,1,0.03765220417269106
EST,AIR,part_n_war,2,-0.10439436396312353
EST,AIR,part_n_war,3,0.13348431958086493
EST,AIR,part_n_war,4,-0.06674215979043248
EST,AIR,part_n_war,5,1.797539266506319e-19
ETH,AIR,part_n_war,0,-0.04554318332874761
ETH,AIR,part_n_war,1,0.19362395382076206
ETH,AIR,part_n_war,2,0.18047958578625414
ETH,AIR,part_n_war,3,-0.2864869865872668
ETH,AIR,part_n_war,4,0.17640567049579509
ETH,AIR,part_n_war,5,-0.04409466918300389
FIN,AIR,part_n_war,0,-0.04819622646726832
FIN,AIR,part_n_war,1,0.11003260353048198
FIN,AIR,part_n_war,2,1.291409025304642e-34
FIN,AIR,part_n_war,3,0.029721959694729017
FIN,AIR,part_n_war,4,-0.09827431192806003
FIN,AIR,part_n_war,5,-0.31826608736141265
FRA,AIR,part_n_war,0,-0.07693710592602819
FRA,AIR,part_n_war,1,-0.29835290283784294
FRA,AIR,part_n_war,2,0.28804226358586615
FRA,AIR,part_n_war,3,-0.06940050741184654
FRA,AIR,part_n_war,4,0.13791236324664957
FRA,AIR,part_n_war,5,-0.09383338863060937
GBR,AIR,part_n_war,0,0.06310803904325002
GBR,AIR,part_n_war,1,0.026146606703949037
GBR,AIR,part_n_war,2,-0.10005674470129111
GBR,AIR,part_n_war,3,-0.05412275662589319
GBR,AIR,part_n_war,4,0.03555431334232095
GBR,AIR,part_n_war,5,0.06457207037824989
GEO,AIR,part_n_war,0,-0.21312546210812078
GEO,AIR,part_n_war,1,0.14155332958509614
GEO,AIR,part_n_war,2,-0.17294622918206135
GEO,AIR,part_n_war,3,0.3113073156678501
GEO,AIR,part_n_war,4,-0.19990736662388697
GEO,AIR,part_n_war,5,-4.74000175691254e-35
GHA,AIR,part_n_war,0,0.0009715334350605197
GHA,AIR,part_n_war,1,-0.019236383503027647
GHA,AIR,part_n_war,2,-0.048212915770459205
GHA,AIR,part_n_war,3,0.21633135009360438
GHA,AIR,part_n_war,4,-0.3028116424014828
GHA,AIR,part_n_war,5,0.3676189774381046
GIN,AIR,part_n_war,0,-0.07066472402289493
GIN,AIR,part_n_war,1,0.11205837618541103
GIN,AIR,part_n_war,2,-0.11205837618541101
GIN,AIR,part_n_war,3,-0.06299551685222374
GIN,AIR,part_n_war,4,0.033433077856369904
GIN,AIR,part_n_war,5,0.12212039484393142
GMB,AIR,part_n_war,0,0.0
GMB,AIR,part_n_war,1,0.0
GMB,AIR,part_n_war,2,0.0
GMB,AIR,part_n_war,3,0.0
GMB,AIR,part_n_war,4,0.0
GMB,AIR,part_n_war,5,0.0
GRC,AIR,part_n_war,0,-0.044265014936628704
GRC,AIR,part_n_war,1,0.023457845917937505
GRC,AIR,part_n_war,2,0.061179295716384474
GRC,AIR,part_n_war,3,-0.035688838090976005
GRC,AIR,part_n_war,4,0.14519219784654133
GRC,AIR,part_n_war,5,0.12831981249834978
GTM,AIR,part_n_war,0,0.5497582850305226
GTM,AIR,part_n_war,1,-0.31218008180304296
GTM,AIR,part_n_war,2,-0.2081610736839041
GTM,AIR,part_n_war,3,0.21094091019073086
GTM,AIR,part_n_war,4,0.2862094517363404
GTM,AIR,part_n_war,5,-0.27643840828074157
HND,AIR,part_n_war,0,3.1681546498662675e-19
HND,AIR,part_n_war,1,-0.2458583720965125
HND,AIR,part_n_war,2,0.25813504013546507
HND,AIR,part_n_war,3,-2.305654796548581e-19
HND,AIR,part_n_war,4,-9.96200198844904e-19
HND,AIR,part_n_war,5,-1.0101118694644763e-18
HRV,AIR,part_n_war,0,-0.1526683839641295
HRV,AIR,part_n_war,1,-0.0018235242717851178
HRV,AIR,part_n_war,2,-0.19812339794897219
HRV,AIR,part_n_war,3,0.28333419871619014
HRV,AIR,part_n_war,4,-0.14558348152697495
HRV,AIR,part_n_war,5,-1.8475670577025046e-35
HUN,AIR,part_n_war,0,0.24891782564492257
HUN,AIR,part_n_war,1,-0.17420628789633424
HUN,AIR,part_n_war,2,0.10771581675834947
HUN,AIR,part_n_war,3,0.0618837848154509
HUN,AIR,part_n_war,4,-0.1052464766794889
HUN,AIR,part_n_war,5,-0.15168568449453945
IDN,AIR,part_n_war,0,-0.31605654637008096
IDN,AIR,part_n_war,1,0.12401642304529542
IDN,AIR,part_n_war,2,-0.05484045635861165
IDN,AIR,part_n_war,3,-0.06525407425128216
IDN,AIR,part_n_war,4,-0.03289892953037861
IDN,AIR,part_n_war,5,0.19065690895360654
IND,AIR,part_n_war,0,-0.07153691028830285
IND,AIR,part_n_war,1,0.43600472638711674
IND,AIR,part_n_war,2,-0.31335208777369805
IND,AIR,part_n_war,3,0.2591024467562706
IND,AIR,part_n_war,4,-0.3462238185710817
IND,AIR,part_n_war,5,0.33958138812282374
IRL,AIR,part_n_war,0,0.17727127849021163
IRL,AIR,part_n_war,1,-0.20582478987690742
IRL,AIR,part_n_war,2,0.17359063648939274
IRL,AIR,part_n_war,3,-0.053616618444616675
IRL,AIR,part_n_war,4,0.1255986910923635
IRL,AIR,part_n_war,5,-0.2599119803354972
IRN,AIR,part_n_war,0,0.028294675829785162
IRN,AIR,part_n_war,1,0.072248936272116
IRN,AIR,part_n_war,2,-0.1935468909947486
IRN,AIR,part_n_war,3,0.1936291374067034
IRN,AIR,part_n_war,4,-0.18574431503753727
IRN,AIR,part_n_war,5,0.13115928302885976
IRQ,AIR,part_n_war,0,0.008400098995134402
IRQ,AIR,part_n_war,1,0.4412712456085271
IRQ,AIR,part_n_war,2,-0.013533243602723054
IRQ,AIR,part_n_war,3,0.037877454645862986
IRQ,AIR,part_n_war,4,-0.19483666876761727
IRQ,AIR,part_n_war,5,-0.09666853170879657
ISR,AIR,part_n_war,0,-0.04358240884971357
ISR,AIR,part_n_war,1,-0.06867338957863797
ISR,AIR,part_n_war,2,0.18591081576712723
ISR,AIR,part_n_war,3,-0.29502690494571854
ISR,AIR,part_n_war,4,0.09859747406424771
ISR,AIR,part_n_war,5,-0.11272972569187487
ITA,AIR,part_n_war,0,-0.11991386698279141
ITA,AIR,part_n_war,1,0.008810405026101004
ITA,AIR,part_n_war,2,0.10295310156687844
ITA,AIR,part_n_war,3,-0.16039997935931535
ITA,AIR,part_n_war,4,0.36112700827419325
ITA,AIR,part_n_war,5,-0.19435313409388028
JOR,AIR,part_n_war,0,-0.13621926956532834
JOR,AIR,part_n_war,1,0.16811383137536262
JOR,AIR,part_n_war,2,-0.3577593840324985
JOR,AIR,part_n_war,3,0.2344838665584713
JOR,AIR,part_n_war,4,-0.07120026652938524
JOR,AIR,part_n_war,5,-0.14471019136968197
KAZ,AIR,part_n_war,0,0.22047384580521703
KAZ,AIR,part_n_war,1,-0.2571420016037309
KAZ,AIR,part_n_war,2,-0.03240233299582957
KAZ,AIR,part_n_war,3,0.07963816535999907
KAZ,AIR,part_n_war,4,0.03152854652404262
KAZ,AIR,part_n_war,5,0.12513888171487253
KEN,AIR,part_n_war,0,0.05967982368833746
KEN,AIR,part_n_war,1,0.06732551137751658
KEN,AIR,part_n_war,2,0.20772498852334967
KEN,AIR,part_n_war,3,-0.3286805583888528
KEN,AIR,part_n_war,4,0.1723909387723544
KEN,AIR,part_n_war,5,0.02617184628805306
KHM,AIR,part_n_war,0,-0.15268474516867056
KHM,AIR,part_n_war,1,0.30539259505727884
KHM,AIR,part_n_war,2,-0.15270855289749805
KHM,AIR,part_n_war,3,-0.09963228395523487
KHM,AIR,part_n_war,4,0.20480387070718695
KHM,AIR,part_n_war,5,-0.1024128773934543
KOR,AIR,part_n_war,0,0.4626189731768455
KOR,AIR,part_n_war,1,-0.23434113367103698
KOR,AIR,part_n_war,2,0.07667415807676789
KOR,AIR,part_n_war,3,-0.03620751479228879
KOR,AIR,part_n_war,4,0.04228537468929664
KOR,AIR,part_n_war,5,-0.17901412928352262
KWT,AIR,part_n_war,0,-0.28685828146327425
KWT,AIR,part_n_war,1,0.09313860701282749
KWT,AIR,part_n_war,2,0.22772737333303703
KWT,AIR,part_n_war,3,-0.26828001815287855
KWT,AIR,part_n_war,4,4.104392835151153e-19
KWT,AIR,part_n_war,5,0.0
LBR,AIR,part_n_war,0,0.0
LBR,AIR,part_n_war,1,0.0
LBR,AIR,part_n_war,2,-0.3266344610288415
LBR,AIR,part_n_war,3,0.5625190574016423
LBR,AIR,part_n_war,4,-0.14513473171675978
LBR,AIR,part_n_war,5,-0.09074986465604089
LBY,AIR,part_n_war,0,0.35492373057225424
LBY,AIR,part_n_war,1,-0.12719251950813795
LBY,AIR,part_n_war,2,0.0007815488786814071
LBY,AIR,part_n_war,3,0.052533896306145286
LBY,AIR,part_n_war,4,-0.14887923028649458
LBY,AIR,part_n_war,5,0.023916755526282286
LKA,AIR,part_n_war,0,0.016845914555022115
LKA,AIR,part_n_war,1,0.12614160089308835
LKA,AIR,part_n_war,2,0.08139533577874307
LKA,AIR,part_n_war,3,-0.19887773744632514
LKA,AIR,part_n_war,4,-0.01706937879984422
LKA,AIR,part_n_war,5,-0.06976991975982294
LTU,AIR,part_n_war,0,-0.03296537334572286
LTU,AIR,part_n_war,1,-0.07613663024305865
LTU,AIR,part_n_war,2,0.07613663024305865
LTU,AIR,part_n_war,3,-0.07613663024305865
LTU,AIR,part_n_war,4,0.0
LTU,AIR,part_n_war,5,-0.07262691959209064
LUX,AIR,part_n_war,0,0.0
LUX,AIR,part_n_war,1,-0.3272929612245695
LUX,AIR,part_n_war,2,0.5456461277442701
LUX,AIR,part_n_war,3,-0.10941337181483203
LUX,AIR,part_n_war,4,-0.18778735961347154
LUX,AIR,part_n_war,5,1.381917634084935e-18
LVA,AIR,part_n_war,0,0.3338355162543125
LVA,AIR,part_n_war,1,-0.3365851939191937
LVA,AIR,part_n_war,2,0.20266922114640548
LVA,AIR,part_n_war,3,-0.2185834597615099
LVA,AIR,part_n_war,4,0.3010739601523132
LVA,AIR,part_n_war,5,-0.21034833596079347
MAR,AIR,part_n_war,0,-0.15432232579597527
MAR,AIR,part_n_war,1,0.23232133635523933
MAR,AIR,part_n_war,2,-0.3729349057298388
MAR,AIR,part_n_war,3,0.1769582024090604
MAR,AIR,part_n_war,4,0.04625268784451425
MAR,AIR,part_n_war,5,0.15414939879453912
MEX,AIR,part_n_war,0,7.464500453712793e-20
MEX,AIR,part_n_war,1,2.7646706466206824e-19
MEX,AIR,part_n_war,2,6.085959604417931e-19
MEX,AIR,part_n_war,3,-0.16369833728987138
MEX,AIR,part_n_war,4,0.005993139008367967
MEX,AIR,part_n_war,5,0.13404342903091387
MKD,AIR,part_n_war,0,-6.458970288597982e-35
MKD,AIR,part_n_war,1,0.04638076552113399
MKD,AIR,part_n_war,2,-0.46750454899074867
MKD,AIR,part_n_war,3,0.4012584530112426
MKD,AIR,part_n_war,4,-0.0708647562749347
MKD,AIR,part_n_war,5,0.14614620229757336
MLI,AIR,part_n_war,0,-0.13669887032159644
MLI,AIR,part_n_war,1,0.10952777272537925
MLI,AIR,part_n_war,2,0.1368034619762692
MLI,AIR,part_n_war,3,-0.2140292862957758
MLI,AIR,part_n_war,4,-0.051232548977622215
MLI,AIR,part_n_war,5,0.10732160087121927
MMR,AIR,part_n_war,0,-0.2547840601671204
MMR,AIR,part_n_war,1,0.034722502113019
MMR,AIR,part_n_war,2,0.154196787568115
MMR,AIR,part_n_war,3,-0.25106403536034133
MMR,AIR,part_n_war,4,0.036239854591494945
MMR,AIR,part_n_war,5,0.07261802726070701
MNE,AIR,part_n_war,0,0.0
MNE,AIR,part_n_war,1,0.0
MNE,AIR,part_n_war,2,0.0
MNE,AIR,part_n_war,3,-1.7977934476767096e-19
MNE,AIR,part_n_war,4,-1.2907134453680247e-19
MNE,AIR,part_n_war,5,0.0
MNG,AIR,part_n_war,0,0.16436452306751925
MNG,AIR,part_n_war,1,-0.3287290461350385
MNG,AIR,part_n_war,2,0.16736994569217337
MNG,AIR,part_n_war,3,-2.3157512551881976e-19
MNG,AIR,part_n_war,4,0.0
MNG,AIR,part_n_war,5,-4.087645811716365e-19
MOZ,AIR,part_n_war,0,1.028932444915461e-18
MOZ,AIR,part_n_war,1,0.006853237231858875
MOZ,AIR,part_n_war,2,0.009859237584916771
MRT,AIR,part_n_war,0,-5.115665577878917e-19
MRT,AIR,part_n_war,1,1.1109438238236224e-35
MRT,AIR,part_n_war,2,-0.24163625300903052
MRT,AIR,part_n_war,3,0.483272506018061
MRT,AIR,part_n_war,4,-0.2416362530090305
MRT,AIR,part_n_war,5,-2.7038500435501807e-19
MWI,AIR,part_n_war,0,-3.2426879545026667e-19
MWI,AIR,part_n_war,1,1.5078586964925247e-19
MWI,AIR,part_n_war,2,1.5093887856444334e-19
MWI,AIR,part_n_war,3,-1.0769439753553354e-18
MWI,AIR,part_n_war,4,-1.162145850752031e-18
MWI,AIR,part_n_war,5,-1.417696197127927e-19
MYS,AIR,part_n_war,0,-0.2609468848140861
MYS,AIR,part_n_war,1,0.010290950657437044
MYS,AIR,part_n_war,2,-0.042846418016049555
MYS,AIR,part_n_war,3,-0.022669785317255147
MYS,AIR,part_n_war,4,0.03375517399392186
MYS,AIR,part_n_war,5,0.24282251544661143
NAM,AIR,part_n_war,0,-0.06048584724944682
NAM,AIR,part_n_war,1,-0.14628255037069754
NAM,AIR,part_n_war,2,0.09386461400943952
NAM,AIR,part_n_war,3,-0.14687285493851532
NAM,AIR,part_n_war,4,0.251204238905253
NAM,AIR,part_n_war,5,-0.05132314303766195
NER,AIR,part_n_war,0,0.3192281124267508
NER,AIR,part_n_war,1,-0.06760580256424154
NER,AIR,part_n_war,2,0.1956292163455303
NER,AIR,part_n_war,3,-0.15804016481165797
NER,AIR,part_n_war,4,-0.16418344128891688
NER,AIR,part_n_war,5,-0.024530181583984467
NGA,AIR,part_n_war,0,-0.2720794035057773
NGA,AIR,part_n_war,1,-0.10814827252925621
NGA,AIR,part_n_war,2,0.2831762238522862
NGA,AIR,part_n_war,3,-0.11682425186833842
NGA,AIR,part_n_war,4,-0.23532931476084099
NGA,AIR,part_n_war,5,0.34795980402824267
NIC,AIR,part_n_war,0,1.5521280982581953e-19
NIC,AIR,part_n_war,1,-2.0767774020126046e-19
NIC,AIR,part_n_war,2,3.392539058188679e-19
NIC,AIR,part_n_war,3,2.1804041513996467e-19
NIC,AIR,part_n_war,4,-9.983097601540125e-20
NIC,AIR,part_n_war,5,1.8114473196934581e-19
NLD,AIR,part_n_war,0,0.19974407850846534
NLD,AIR,part_n_war,1,-0.08852537695978005
NLD,AIR,part_n_war,2,-0.08317356882621556
NLD,AIR,part_n_war,3,0.4091185364333523
NLD,AIR,part_n_war,4,-0.24928251658442727
NLD,AIR,part_n_war,5,-0.08743089735080986
NOR,AIR,part_n_war,0,-0.2706631757386436
NOR,AIR,part_n_war,1,0.035547949351296536
NOR,AIR,part_n_war,2,0.18999047897530966
NOR,AIR,part_n_war,3,0.015462039561028526
NOR,AIR,part_n_war,4,0.009449870724819948
NOR,AIR,part_n_war,5,0.014005737011483556
NPL,AIR,part_n_war,0,0.12222813704858151
NPL,AIR,part_n_war,1,0.32082424005236837
NPL,AIR,part_n_war,2,-0.31475040310684343
NPL,AIR,part_n_war,3,0.3312186545709682
NPL,AIR,part_n_war,4,0.1012571339150306
NPL,AIR,part_n_war,5,-0.4291989003165194
NZL,AIR,part_n_war,0,-0.00794800975862949
NZL,AIR,part_n_war,1,-0.07624995154598252
NZL,AIR,part_n_war,2,-0.24757304068548194
NZL,AIR,part_n_war,3,0.08265078007158246
NZL,AIR,part_n_war,4,-0.29400408964745034
NZL,AIR,part_n_war,5,0.26923364087766133
OMN,AIR,part_n_war,0,-2.1897746899956156e-20
OMN,AIR,part_n_war,1,-0.014700664693685252
OMN,AIR,part_n_war,2,0.020472461950161086
PAK,AIR,part_n_war,0,0.2243807520304063
PAK,AIR,part_n_war,1,-0.07761631339600135
PAK,AIR,part_n_war,2,0.046713871244563214
PAK,AIR,part_n_war,3,0.0006655032133033663
PAK,AIR,part_n_war,4,0.048112652521806035
PAK,AIR,part_n_war,5,0.013042583867218658
PER,AIR,part_n_war,0,-0.005717682875616214
PER,AIR,part_n_war,1,0.0038772031374566273
PER,AIR,part_n_war,2,-0.17819516747912592
PHL,AIR,part_n_war,0,0.12320897017376758
PHL,AIR,part_n_war,1,-0.23258956773215636
PHL,AIR,part_n_war,2,0.24412241678002275
PHL,AIR,part_n_war,3,0.034327671308411564
PHL,AIR,part_n_war,4,-0.05954811745296273
PHL,AIR,part_n_war,5,-0.45074076919042033
POL,AIR,part_n_war,0,0.13408568911755717
POL,AIR,part_n_war,1,0.086142327544578
POL,AIR,part_n_war,2,-0.03924707287697739
POL,AIR,part_n_war,3,0.01060447730675892
POL,AIR,part_n_war,4,-0.07477395145050299
POL,AIR,part_n_war,5,0.3375844005027217
PRK,AIR,part_n_war,0,0.023657158384788206
PRK,AIR,part_n_war,1,0.02437031779997347
PRK,AIR,part_n_war,2,0.025127811572351066
PRK,AIR,part_n_war,3,0.02593390653474591
PRK,AIR,part_n_war,4,0.026793435208789882
PRK,AIR,part_n_war,5,0.027711892767835547
PRT,AIR,part_n_war,0,-0.004052212839969905
PRT,AIR,part_n_war,1,0.02262985413265078
PRT,AIR,part_n_war,2,0.15908187246697522
PRT,AIR,part_n_war,3,0.16099412349057932
PRT,AIR,part_n_war,4,-0.3032468011953718
PRT,AIR,part_n_war,5,0.2155172682754126
QAT,AIR,part_n_war,0,-0.00848266030623565
QAT,AIR,part_n_war,1,0.20907974467996807
QAT,AIR,part_n_war,2,-0.12716864425204408
QAT,AIR,part_n_war,3,-0.09991540332670146
QAT,AIR,part_n_war,4,0.050720332637717774
QAT,AIR,part_n_war,5,0.05117391552043443
ROU,AIR,part_n_war,0,-0.29566644590800245
ROU,AIR,part_n_war,1,0.20629150212331046
ROU,AIR,part_n_war,2,0.06576464988845993
ROU,AIR,part_n_war,3,-0.17324616483161795
ROU,AIR,part_n_war,4,-0.14850890458635713
ROU,AIR,part_n_war,5,0.06511895181397633
RUS,AIR,part_n_war,0,0.3061696465163632
RUS,AIR,part_n_war,1,-0.22148236998037077
RUS,AIR,part_n_war,2,0.2571775528884802
RUS,AIR,part_n_war,3,-0.08059433269051365
RUS,AIR,part_n_war,4,-0.08632719467545268
RUS,AIR,part_n_war,5,0.16659059245057287
RWA,AIR,part_n_war,0,-0.2452384607855951
RWA,AIR,part_n_war,1,0.0009280191442518464
RWA,AIR,part_n_war,2,0.07809063758597998
RWA,AIR,part_n_war,3,-0.0709105301181177
RWA,AIR,part_n_war,4,-0.13844218536825562
RWA,AIR,part_n_war,5,0.10612977790990698
SAU,AIR,part_n_war,0,0.008335304265894265
SAU,AIR,part_n_war,1,0.11359662439052295
SAU,AIR,part_n_war,2,-0.026223592684831654
SAU,AIR,part_n_war,3,-0.03970200100135854
SAU,AIR,part_n_war,4,0.010770024313472439
SAU,AIR,part_n_war,5,0.09534672145623484
SDN,AIR,part_n_war,0,0.233319523302833
SDN,AIR,part_n_war,1,-0.020391633345455816
SDN,AIR,part_n_war,2,-0.1769609329643545
SDN,AIR,part_n_war,3,-0.027093034975280705
SDN,AIR,part_n_war,4,0.1452143425321698
SDN,AIR,part_n_war,5,-0.30868507439733633
SEN,AIR,part_n_war,0,-0.018639777724105713
SEN,AIR,part_n_war,1,0.06900745249974814
SEN,AIR,part_n_war,2,0.09613600582120989
SEN,AIR,part_n_war,3,-0.15979674125466717
SEN,AIR,part_n_war,4,-0.3001295179880142
SEN,AIR,part_n_war,5,0.5785612066361823
SGP,AIR,part_n_war,0,0.25509813340638204
SGP,AIR,part_n_war,1,0.13280245204767582
SGP,AIR,part_n_war,2,-0.0447113613661738
SGP,AIR,part_n_war,3,-0.18245202845938702
SGP,AIR,part_n_war,4,0.0235748390122236
SGP,AIR,part_n_war,5,0.21168303783201317
SLE,AIR,part_n_war,0,0.21701498092696547
SLE,AIR,part_n_war,1,0.03678496192287388
SLE,AIR,part_n_war,2,-0.14645984139891632
SLE,AIR,part_n_war,3,-0.08486774598079215
SLE,AIR,part_n_war,4,0.28509675098167864
SLE,AIR,part_n_war,5,-0.04420048011684106
SLV,AIR,part_n_war,0,0.10634167699674889
SLV,AIR,part_n_war,1,-0.12196471000560806
SLV,AIR,part_n_war,2,0.12528317910551726
SLV,AIR,part_n_war,3,-0.05918223976925174
SLV,AIR,part_n_war,4,-0.024256616467317776
SLV,AIR,part_n_war,5,-0.040578420992436616
SOM,AIR,part_n_war,0,-0.2865971608413855
SOM,AIR,part_n_war,1,0.18202883616314938
SOM,AIR,part_n_war,2,-5.33303957087827e-19
SOM,AIR,part_n_war,3,0.0
SOM,AIR,part_n_war,4,5.044515148356275e-19
SOM,AIR,part_n_war,5,-4.103926380283677e-19
SRB,AIR,part_n_war,0,-0.018436494569351092
SRB,AIR,part_n_war,1,0.07534901372431409
SRB,AIR,part_n_war,2,-0.07282561391737462
SRB,AIR,part_n_war,3,-0.06996433303803856
SRB,AIR,part_n_war,4,0.25114499619489733
SRB,AIR,part_n_war,5,-9.417632157030705e-21
SSD,AIR,part_n_war,0,-0.31937981539284005
SSD,AIR,part_n_war,1,0.0
SSD,AIR,part_n_war,2,-0.45087938405724504
SSD,AIR,part_n_war,3,0.8023821859017125
SSD,AIR,part_n_war,4,-0.25212621963168996
SSD,AIR,part_n_war,5,-0.09937658221277748
SVK,AIR,part_n_war,0,0.04998457262118309
SVK,AIR,part_n_war,1,-0.17518615644116634
SVK,AIR,part_n_war,2,0.21903822787384325
SVK,AIR,part_n_war,3,-0.02336506460965405
SVK,AIR,part_n_war,4,0.04457788485164478
SVK,AIR,part_n_war,5,0.10270884361130313
SVN,AIR,part_n_war,0,-6.361553419378872e-20
SVN,AIR,part_n_war,1,-0.2613130425775045
SVN,AIR,part_n_war,2,-7.246858457176817e-35
SVN,AIR,part_n_war,3,0.282049756194688
SVN,AIR,part_n_war,4,3.287121589037238e-35
SVN,AIR,part_n_war,5,3.985772151447249e-35
SWE,AIR,part_n_war,0,0.02826996327312638
SWE,AIR,part_n_war,1,0.001274548124284603
SWE,AIR,part_n_war,2,-0.1682962583700517
SWE,AIR,part_n_war,3,0.16597897604713718
SWE,AIR,part_n_war,4,-0.23952862591508062
SWE,AIR,part_n_war,5,0.1043956003690392
SYR,AIR,part_n_war,0,-0.12950071087167533
SYR,AIR,part_n_war,1,0.3596881923715737
SYR,AIR,part_n_war,2,-0.6416062822764346
SYR,AIR,part_n_war,3,0.35057134544994
SYR,AIR,part_n_war,4,-0.07832735273923852
SYR,AIR,part_n_war,5,0.03243096240515104
TCD,AIR,part_n_war,0,-0.12615385801439402
TCD,AIR,part_n_war,1,0.06797465606006722
TCD,AIR,part_n_war,2,0.11984939932452567
TCD,AIR,part_n_war,3,-0.16444503671793148
TCD,AIR,part_n_war,4,-0.1960243066054811
TCD,AIR,part_n_war,5,0.30488528015077515
TGO,AIR,part_n_war,0,0.7777345398820649
TGO,AIR,part_n_war,1,-0.432058364385992
TGO,AIR,part_n_war,2,-0.1314457718403917
TGO,AIR,part_n_war,3,0.5531307346064478
TGO,AIR,part_n_war,4,-0.3124471771149088
TGO,AIR,part_n_war,5,-7.812249495968699e-19
TJK,AIR,part_n_war,0,-0.2467393553254635
TJK,AIR,part_n_war,1,-0.24673942787102934
TJK,AIR,part_n_war,2,0.4936465214839493
TJK,AIR,part_n_war,3,-0.2865030618288217
TJK,AIR,part_n_war,4,1.1385873873101575e-18
TJK,AIR,part_n_war,5,0.0
TON,AIR,part_n_war,0,0.0
TON,AIR,part_n_war,1,5.700525822336616e-35
TON,AIR,part_n_war,2,0.0
TON,AIR,part_n_war,3,0.0
TON,AIR,part_n_war,4,0.0
TON,AIR,part_n_war,5,4.5739858746190786e-35
TUN,AIR,part_n_war,0,0.0769066811808326
TUN,AIR,part_n_war,1,-0.13394579164346232
TUN,AIR,part_n_war,2,0.05937029943853506
TUN,AIR,part_n_war,3,-0.05059871175283295
TUN,AIR,part_n_war,4,-0.0004748114624888215
TUN,AIR,part_n_war,5,0.19096395289548637
TUR,AIR,part_n_war,0,-0.11160790175379431
TUR,AIR,part_n_war,1,-0.06000238275925738
TUR,AIR,part_n_war,2,0.17447464965247061
TUR,AIR,part_n_war,3,-0.3007091030056137
TUR,AIR,part_n_war,4,0.08623729490155471
TUR,AIR,part_n_war,5,-0.07248377912417431
TZA,AIR,part_n_war,0,-0.2815697035446337
TZA,AIR,part_n_war,1,0.3171084299831842
TZA,AIR,part_n_war,2,0.21049225066753252
TZA,AIR,part_n_war,3,-0.458624954760711
TZA,AIR,part_n_war,4,0.40634531385061556
TZA,AIR,part_n_war,5,-0.23036908853166696
UGA,AIR,part_n_war,0,0.501865525057362
UGA,AIR,part_n_war,1,-0.28346950043918406
UGA,AIR,part_n_war,2,-0.1045865540958949
UGA,AIR,part_n_war,3,0.24959942910614452
UGA,AIR,part_n_war,4,-0.13854754005179815
UGA,AIR,part_n_war,5,0.07863735346255646
UKR,AIR,part_n_war,0,0.1342450313201202
UKR,AIR,part_n_war,1,0.17276344161484578
UKR,AIR,part_n_war,2,-0.18410979742996827
UKR,AIR,part_n_war,3,0.09233344825495153
UKR,AIR,part_n_war,4,0.12478953624939479
UKR,AIR,part_n_war,5,-0.015189534601253784
USA,AIR,part_n_war,0,0.017769168715869123
USA,AIR,part_n_war,1,-0.14154729359402463
USA,AIR,part_n_war,2,-0.007572887119529297
USA,AIR,part_n_war,3,-0.21834510008393257
USA,AIR,part_n_war,4,0.2947846903060027
USA,AIR,part_n_war,5,-0.20317838560874743
UZB,AIR,part_n_war,0,0.0
UZB,AIR,part_n_war,1,-4.0552803277683703e-19
UZB,AIR,part_n_war,2,-7.958403946194267e-19
UZB,AIR,part_n_war,3,0.009487224257044506
UZB,AIR,part_n_war,4,0.022540074745031037
YEM,AIR,part_n_war,0,-0.17066305929984468
YEM,AIR,part_n_war,1,0.1589066543251312
YEM,AIR,part_n_war,2,-0.16237288235079175
YEM,AIR,part_n_war,3,-0.027428478867721134
YEM,AIR,part_n_war,4,-0.00331603249144104
YEM,AIR,part_n_war,5,0.06829500090180138
ZAF,AIR,part_n_war,0,-0.3829710741668805
ZAF,AIR,part_n_war,1,0.33736880010897136
ZAF,AIR,part_n_war,2,0.058187865923041926
ZAF,AIR,part_n_war,3,0.01045193776275917
ZAF,AIR,part_n_war,4,-0.07611818000398002
ZAF,AIR,part_n_war,5,0.1430968984562106
ZMB,AIR,part_n_war,0,-0.31231660563285146
ZMB,AIR,part_n_war,1,0.00451083621126246
ZMB,AIR,part_n_war,2,0.047538273237622386
ZMB,AIR,part_n_war,3,0.24778283114298472
ZMB,AIR,part_n_war,4,-0.002103571263958774
ZMB,AIR,part_n_war,5,-0.4015159844879819
ZWE,AIR,part_n_war,0,0.2192501996454311
ZWE,AIR,part_n_war,1,-0.1684642846055643
ZWE,AIR,part_n_war,2,-0.06542604413901376
ZWE,AIR,part_n_war,3,0.0
ZWE,AIR,part_n_war,4,-0.1544690308991805
ZWE,AIR,part_n_war,5,-0.029392675408940888
AFG,AIR,part_n_extraterritorial,0,-0.09290675939489766
AFG,AIR,part_n_extraterritorial,1,0.19542091201094955
AFG,AIR,part_n_extraterritorial,2,0.03809049289850809
AFG,AIR,part_n_extraterritorial,3,-0.20461912512423241
AFG,AIR,part_n_extraterritorial,4,0.10626043136117577
AFG,AIR,part_n_extraterritorial,5,0.10899199822308903
AGO,AIR,part_n_extraterritorial,0,-0.23157425460479647
AGO,AIR,part_n_extraterritorial,1,0.2551714719498196
AGO,AIR,part_n_extraterritorial,2,-0.2794899393591939
AGO,AIR,part_n_extraterritorial,3,-0.03222487619321814
AGO,AIR,part_n_extraterritorial,4,0.15731266609194022
AGO,AIR,part_n_extraterritorial,5,0.04060307645705343
ALB,AIR,part_n_extraterritorial,0,-0.23574688298005067
ALB,AIR,part_n_extraterritorial,1,0.3598246994346311
ALB,AIR,part_n_extraterritorial,2,-0.10557136920851193
ALB,AIR,part_n_extraterritorial,3,-0.11802578369855457
ALB,AIR,part_n_extraterritorial,4,0.002185146692823733
ALB,AIR,part_n_extraterritorial,5,-0.1081722267734354
ARE,AIR,part_n_extraterritorial,0,-0.00021392757459986892
ARE,AIR,part_n_extraterritorial,1,0.03749964468129341
ARE,AIR,part_n_extraterritorial,2,-0.019238384448082523
ARE,AIR,part_n_extraterritorial,3,-0.029711182582737274
ARE,AIR,part_n_extraterritorial,4,0.1666417530600324
ARE,AIR,part_n_extraterritorial,5,0.03281725483414862
ARG,AIR,part_n_extraterritorial,0,-0.21681037663153507
ARG,AIR,part_n_extraterritorial,1,0.20482509727045112
ARG,AIR,part_n_extraterritorial,2,-0.23031933482448216
ARG,AIR,part_n_extraterritorial,3,0.2134898568018783
ARG,AIR,part_n_extraterritorial,4,-0.24729492837997663
ARG,AIR,part_n_extraterritorial,5,0.2640911790486395
ARM,AIR,part_n_extraterritorial,0,-0.2785011929648347
ARM,AIR,part_n_extraterritorial,1,0.3651627319488106
ARM,AIR,part_n_extraterritorial,2,-0.022556332283253933
ARM,AIR,part_n_extraterritorial,3,-0.07446263631314352
ARM,AIR,part_n_extraterritorial,4,0.31025094838595035
ARM,AIR,part_n_extraterritorial,5,-0.5894353966760282
AUS,AIR,part_n_extraterritorial,0,0.09804893109994918
AUS,AIR,part_n_extraterritorial,1,-0.05864999821706618
AUS,AIR,part_n_extraterritorial,2,0.15464359749632822
AUS,AIR,part_n_extraterritorial,3,-0.1339539364200305
AUS,AIR,part_n_extraterritorial,4,0.10295140661972597
AUS,AIR,part_n_extraterritorial,5,-0.08641456153368827
AUT,AIR,part_n_extraterritorial,0,-0.3187811261377527
AUT,AIR,part_n_extraterritorial,1,0.030396328469711225
AUT,AIR,part_n_extraterritorial,2,-0.15847419546966124
AUT,AIR,part_n_extraterritorial,3,0.12914678680664216
AUT,AIR,part_n_extraterritorial,4,0.1411501845744467
AUT,AIR,part_n_extraterritorial,5,-0.3833872922168464
AZE,AIR,part_n_extraterritorial,0,0.011931295452471022
AZE,AIR,part_n_extraterritorial,1,-0.12986414264502474
AZE,AIR,part_n_extraterritorial,2,0.2534332244155529
AZE,AIR,part_n_extraterritorial,3,-0.25907499537655837
AZE,AIR,part_n_extraterritorial,4,0.1527663807864893
AZE,AIR,part_n_extraterritorial,5,-0.0932964093753551
BDI,AIR,part_n_extraterritorial,0,2.2381685975637197e-19
BDI,AIR,part_n_extraterritorial,1,6.842792694298672e-19
BDI,AIR,part_n_extraterritorial,2,6.436176014532244e-19
BDI,AIR,part_n_extraterritorial,3,5.33930230380498e-19
BDI,AIR,part_n_extraterritorial,4,6.317734243398175e-19
BDI,AIR,part_n_extraterritorial,5,-8.539424693311263e-19
BEL,AIR,part_n_extraterritorial,0,-0.2479638828515263
BEL,AIR,part_n_extraterritorial,1,0.3150084774757049
BEL,AIR,part_n_extraterritorial,2,0.15175679979958273
BEL,AIR,part_n_extraterritorial,3,-0.3010901485269901
BEL,AIR,part_n_extraterritorial,4,0.01489250048219005
BEL,AIR,part_n_extraterritorial,5,-0.28865922070541516
BEN,AIR,part_n_extraterritorial,0,0.2785026584827003
BEN,AIR,part_n_extraterritorial,1,-0.3148799881297051
BEN,AIR,part_n_extraterritorial,2,0.07424010737720806
BEN,AIR,part_n_extraterritorial,3,-0.10498763982246134
BEN,AIR,part_n_extraterritorial,4,0.12087351444992321
BEN,AIR,part_n_extraterritorial,5,-0.23507514152474776
BFA,AIR,part_n_extraterritorial,0,-0.028698212572258436
BFA,AIR,part_n_extraterritorial,1,-0.361990058191301
BFA,AIR,part_n_extraterritorial,2,0.41415980013773507
BFA,AIR,part_n_extraterritorial,3,-0.11428852685017515
BFA,AIR,part_n_extraterritorial,4,0.12306856860194058
BFA,AIR,part_n_extraterritorial,5,-0.32906730354081
BGD,AIR,part_n_extraterritorial,0,-0.036420493630888055
BGD,AIR,part_n_extraterritorial,1,0.18354631936780824
BGD,AIR,part_n_extraterritorial,2,0.11302980785377134
BGD,AIR,part_n_extraterritorial,3,0.03156135563697001
BGD,AIR,part_n_extraterritorial,4,-0.06781123565927488
BGD,AIR,part_n_extraterritorial,5,-0.1893329071877601
BGR,AIR,part_n_extraterritorial,0,0.20457411551808607
BGR,AIR,part_n_extraterritorial,1,0.07470563667730006
BGR,AIR,part_n_extraterritorial,2,0.09834297869544577
BGR,AIR,part_n_extraterritorial,3,-0.002681418361838181
BGR,AIR,part_n_extraterritorial,4,-0.11453064609315161
BGR,AIR,part_n_extraterritorial,5,0.10582876542582559
BHR,AIR,part_n_extraterritorial,0,-0.036473436985603076
BHR,AIR,part_n_extraterritorial,1,0.15314479883397247
BHR,AIR,part_n_extraterritorial,2,0.14110258093114844
BHR,AIR,part_n_extraterritorial,3,-0.2787622971249436
BHR,AIR,part_n_extraterritorial,4,-0.020866814242787704
BHR,AIR,part_n_extraterritorial,5,0.026971412811644443
BIH,AIR,part_n_extraterritorial,0,0.1859877839061078
BIH,AIR,part_n_extraterritorial,1,-0.1859877839061078
BIH,AIR,part_n_extraterritorial,2,2.3784784355088887e-35
BIH,AIR,part_n_extraterritorial,3,1.6756441506819693e-19
BIH,AIR,part_n_extraterritorial,4,-5.714194432560363e-35
BIH,AIR,part_n_extraterritorial,5,-0.3525472188362631
BOL,AIR,part_n_extraterritorial,0,-0.3565440124588485
BOL,AIR,part_n_extraterritorial,1,0.34854359697665777
BOL,AIR,part_n_extraterritorial,2,-0.23860612537068313
BOL,AIR,part_n_extraterritorial,3,0.05682237738733145
BOL,AIR,part_n_extraterritorial,4,0.036679332553191626
BOL,AIR,part_n_extraterritorial,5,-0.11467075070870926
BRA,AIR,part_n_extraterritorial,0,0.05482071045640542
BRA,AIR,part_n_extraterritorial,1,-0.09190711453880791
BRA,AIR,part_n_extraterritorial,2,0.2390991665969722
BRA,AIR,part_n_extraterritorial,3,-0.27552396144058855
BRA,AIR,part_n_extraterritorial,4,-0.04266672285476511
BRA,AIR,part_n_extraterritorial,5,-0.07460812601998486
BTN,AIR,part_n_extraterritorial,0,0.27026386911367833
BTN,AIR,part_n_extraterritorial,1,-0.09594545026522522
BTN,AIR,part_n_extraterritorial,2,0.12370499255655928
BTN,AIR,part_n_extraterritorial,3,-0.1237154008109184
BTN,AIR,part_n_extraterritorial,4,-3.5296812457521543e-19
BTN,AIR,part_n_extraterritorial,5,-0.12373830822129521
BWA,AIR,part_n_extraterritorial,0,-0.24715517580573212
BWA,AIR,part_n_extraterritorial,1,0.2816525698880659
BWA,AIR,part_n_extraterritorial,2,-0.012949851424889918
BWA,AIR,part_n_extraterritorial,3,0.07490075173937154
BWA,AIR,part_n_extraterritorial,4,-0.32200552279551337
BWA,AIR,part_n_extraterritorial,5,0.37372659291122085
CAF,AIR,part_n_extraterritorial,0,0.1288441054758918
CAF,AIR,part_n_extraterritorial,1,-0.2940433394117807
CAF,AIR,part_n_extraterritorial,2,0.13843857678861843
CAF,AIR,part_n_extraterritorial,3,0.02314910319017168
CAF,AIR,part_n_extraterritorial,4,0.0
CAF,AIR,part_n_extraterritorial,5,0.2618356471130628
CAN,AIR,part_n_extraterritorial,0,-0.11729183948669157
CAN,AIR,part_n_extraterritorial,1,0.1622998703081972
CAN,AIR,part_n_extraterritorial,2,-0.0009223081664995893
CAN,AIR,part_n_extraterritorial,3,0.03419190491749689
CAN,AIR,part_n_extraterritorial,4,-0.02612704923681456
CAN,AIR,part_n_extraterritorial,5,-0.2190089861159881
CHE,AIR,part_n_extraterritorial,0,0.09245834444444502
CHE,AIR,part_n_extraterritorial,1,-0.17364799489161553
CHE,AIR,part_n_extraterritorial,2,-0.026212560779365825
CHE,AIR,part_n_extraterritorial,3,-0.09103563547127659
CHE,AIR,part_n_extraterritorial,4,-0.011881044479982145
CHE,AIR,part_n_extraterritorial,5,0.008536128098355581
CHN,AIR,part_n_extraterritorial,0,0.04639740114527671
CHN,AIR,part_n_extraterritorial,1,-0.03415402903057574
CHN,AIR,part_n_extraterritorial,2,0.11679269229059418
CHN,AIR,part_n_extraterritorial,3,-0.007220554008783813
CHN,AIR,part_n_extraterritorial,4,-0.06326030545205562
CHN,AIR,part_n_extraterritorial,5,-0.029552431343636828
CIV,AIR,part_n_extraterritorial,0,0.0839887075062797
CIV,AIR,part_n_extraterritorial,1,-0.07700171325103194
CIV,AIR,part_n_extraterritorial,2,0.04342861434047441
CIV,AIR,part_n_extraterritorial,3,0.029770088659724466
CIV,AIR,part_n_extraterritorial,4,0.1758113724343909
CIV,AIR,part_n_extraterritorial,5,-0.18889142459206823
CMR,AIR,part_n_extraterritorial,0,-0.18735680934295373
CMR,AIR,part_n_extraterritorial,1,0.2869234198986992
CMR,AIR,part_n_extraterritorial,2,0.2611035629617181
CMR,AIR,part_n_extraterritorial,3,-0.387040298860919
CMR,AIR,part_n_extraterritorial,4,0.3326607491561093
CMR,AIR,part_n_extraterritorial,5,0.14628796824356197
COD,AIR,part_n_extraterritorial,0,-0.0034855543397389376
COD,AIR,part_n_extraterritorial,1,0.008068924068549251
COD,AIR,part_n_extraterritorial,2,0.004794945404479653
COD,AIR,part_n_extraterritorial,3,0.05856279059275964
COD,AIR,part_n_extraterritorial,4,-0.21280799592698899
COD,AIR,part_n_extraterritorial,5,0.1865938318880336
COG,AIR,part_n_extraterritorial,0,-0.33348151554231414
COG,AIR,part_n_extraterritorial,1,0.09730809727566124
COG,AIR,part_n_extraterritorial,2,0.0038200924774534893
COG,AIR,part_n_extraterritorial,3,-0.019914027003516768
COG,AIR,part_n_extraterritorial,4,0.10924554309843865
COG,AIR,part_n_extraterritorial,5,0.10895912469059733
COL,AIR,part_n_extraterritorial,0,0.23842569002954744
COL,AIR,part_n_extraterritorial,1,0.08957929952036588
COL,AIR,part_n_extraterritorial,2,-0.10708478402758773
COL,AIR,part_n_extraterritorial,3,0.15241790292110893
COL,AIR,part_n_extraterritorial,4,-0.3331937783473022
COL,AIR,part_n_extraterritorial,5,0.33879202453704504
CUB,AIR,part_n_extraterritorial,0,-0.02171382392162608
CZE,AIR,part_n_extraterritorial,0,-0.22478875807797769
CZE,AIR,part_n_extraterritorial,1,0.018341826941653667
CZE,AIR,part_n_extraterritorial,2,0.2103087645575765
CZE,AIR,part_n_extraterritorial,3,-0.06782856688169811
CZE,AIR,part_n_extraterritorial,4,0.02965937601855885
CZE,AIR,part_n_extraterritorial,5,-0.00895417848801349
DEU,AIR,part_n_extraterritorial,0,-0.02796298440519838
DEU,AIR,part_n_extraterritorial,1,-0.2085317083900626
DEU,AIR,part_n_extraterritorial,2,0.23190668855575633
DEU,AIR,part_n_extraterritorial,3,-0.060971189038075135
DEU,AIR,part_n_extraterritorial,4,0.037838153654276736
DEU,AIR,part_n_extraterritorial,5,0.026759359555387503
DJI,AIR,part_n_extraterritorial,0,-0.48849456667070934
DJI,AIR,part_n_extraterritorial,1,0.4517434847832781
DJI,AIR,part_n_extraterritorial,2,-0.1701848417688283
DJI,AIR,part_n_extraterritorial,3,-0.16716725946894023
DJI,AIR,part_n_extraterritorial,4,0.23770006110778497
DJI,AIR,part_n_extraterritorial,5,-0.090558767965953
DNK,AIR,part_n_extraterritorial,0,0.1451478990343533
DNK,AIR,part_n_extraterritorial,1,-0.04491345067891434
DNK,AIR,part_n_extraterritorial,2,0.024925858403071943
DNK,AIR,part_n_extraterritorial,3,-0.17155456221284532
DNK,AIR,part_n_extraterritorial,4,-0.19321980285681342
DNK,AIR,part_n_extraterritorial,5,0.18911733002301775
DOM,AIR,part_n_extraterritorial,0,0.4309711451519691
DOM,AIR,part_n_extraterritorial,1,-0.09417504776229611
DOM,AIR,part_n_extraterritorial,2,-0.1291505358170254
DOM,AIR,part_n_extraterritorial,3,-0.21117898254918135
DOM,AIR,part_n_extraterritorial,4,0.4320078727863206
DOM,AIR,part_n_extraterritorial,5,-0.33667216409763084
ECU,AIR,part_n_extraterritorial,0,-0.15767245938845614
ECU,AIR,part_n_extraterritorial,1,0.1794941952912561
ECU,AIR,part_n_extraterritorial,2,0.026821135835589757
ECU,AIR,part_n_extraterritorial,3,-0.09928648842146647
ECU,AIR,part_n_extraterritorial,4,0.15900118377372036
ECU,AIR,part_n_extraterritorial,5,-0.12358633177552332
EGY,AIR,part_n_extraterritorial,0,0.1386033961921773
EGY,AIR,part_n_extraterritorial,1,0.03629222798891502
EGY,AIR,part_n_extraterritorial,2,-0.08253367799292757
EGY,AIR,part_n_extraterritorial,3,0.30875219191096465
EGY,AIR,part_n_extraterritorial,4,0.07834382035331675
EGY,AIR,part_n_extraterritorial,5,0.1041782315414483
ERI,AIR,part_n_extraterritorial,0,2.3672059936633675e-35
ERI,AIR,part_n_extraterritorial,1,-0.19286032857218577
ERI,AIR,part_n_extraterritorial,2,0.25494892128731894
ERI,AIR,part_n_extraterritorial,3,-0.06208859271513316
ERI,AIR,part_n_extraterritorial,4,-0.052938604996917035
ERI,AIR,part_n_extraterritorial,5,0.09890282964657099
ESP,AIR,part_n_extraterritorial,0,0.08132984512891313
ESP,AIR,part_n_extraterritorial,1,-0.0559574025161211
ESP,AIR,part_n_extraterritorial,2,0.04344709415218716
ESP,AIR,part_n_extraterritorial,3,0.12218346859156214
ESP,AIR,part_n_extraterritorial,4,-0.14221353761851882
ESP,AIR,part_n_extraterritorial,5,0.08889037960433296
EST,AIR,part_n_extraterritorial,0,0.261561413509858
EST,AIR,part_n_extraterritorial,1,-0.17163645781952083
EST,AIR,part_n_extraterritorial,2,0.1177638544639152
EST,AIR,part_n_extraterritorial,3,-0.06840891491996914
EST,AIR,part_n_extraterritorial,4,0.19193149478827023
EST,AIR,part_n_extraterritorial,5,-0.1436501825128289
ETH,AIR,part_n_extraterritorial,0,0.16250160746772188
ETH,AIR,part_n_extraterritorial,1,-0.49480410625001914
ETH,AIR,part_n_extraterritorial,2,-0.017862170066703393
ETH,AIR,part_n_extraterritorial,3,0.2783906948838302
ETH,AIR,part_n_extraterritorial,4,-0.016582538269856208
ETH,AIR,part_n_extraterritorial,5,-0.22086521768474165
FIN,AIR,part_n_extraterritorial,0,0.10413540433177616
FIN,AIR,part_n_extraterritorial,1,0.007272605062904243
FIN,AIR,part_n_extraterritorial,2,0.06093057089602605
FIN,AIR,part_n_extraterritorial,3,0.13674776850743647
FIN,AIR,part_n_extraterritorial,4,-0.26764186727893197
FIN,AIR,part_n_extraterritorial,5,-0.11539040940891232
FRA,AIR,part_n_extraterritorial,0,0.22456430730556118
FRA,AIR,part_n_extraterritorial,1,-0.28137256451819154
FRA,AIR,part_n_extraterritorial,2,0.1809410003103617
FRA,AIR,part_n_extraterritorial,3,-0.013391619168857671
FRA,AIR,part_n_extraterritorial,4,0.24721510337048527
FRA,AIR,part_n_extraterritorial,5,-0.3443719556397499
GAB,AIR,part_n_extraterritorial,0,-0.21847461881067395
GAB,AIR,part_n_extraterritorial,1,0.03925186365678628
GAB,AIR,part_n_extraterritorial,2,-0.008730095922312815
GAB,AIR,part_n_extraterritorial,3,-0.19630580186117513
GAB,AIR,part_n_extraterritorial,4,0.28141823965648094
GAB,AIR,part_n_extraterritorial,5,0.060171233552313165
GBR,AIR,part_n_extraterritorial,0,0.13123770167416032
GBR,AIR,part_n_extraterritorial,1,-0.12886919112902792
GBR,AIR,part_n_extraterritorial,2,-0.15611699058559406
GBR,AIR,part_n_extraterritorial,3,0.1312754637660675
GBR,AIR,part_n_extraterritorial,4,-0.018882318053939445
GBR,AIR,part_n_extraterritorial,5,0.033711240010171485
GEO,AIR,part_n_extraterritorial,0,-0.11254559459074068
GEO,AIR,part_n_extraterritorial,1,0.22184116395679884
GEO,AIR,part_n_extraterritorial,2,-0.17007476042822275
GEO,AIR,part_n_extraterritorial,3,0.1902602674933225
GEO,AIR,part_n_extraterritorial,4,-0.049999492585916926
GEO,AIR,part_n_extraterritorial,5,-0.17650186040029586
GHA,AIR,part_n_extraterritorial,0,0.23379687675152144
GHA,AIR,part_n_extraterritorial,1,-0.18006542223740027
GHA,AIR,part_n_extraterritorial,2,0.3341980712124485
GHA,AIR,part_n_extraterritorial,3,0.005062730908805697
GHA,AIR,part_n_extraterritorial,4,-0.30539329952186256
GHA,AIR,part_n_extraterritorial,5,0.22577753906717
GIN,AIR,part_n_extraterritorial,0,-0.24628681283124024
GIN,AIR,part_n_extraterritorial,1,0.3650216201737596
GIN,AIR,part_n_extraterritorial,2,-0.47621434547888375
GIN,AIR,part_n_extraterritorial,3,0.3713602249659687
GIN,AIR,part_n_extraterritorial,4,-0.21010817760770079
GIN,AIR,part_n_extraterritorial,5,0.11026658108367972
GMB,AIR,part_n_extraterritorial,0,5.64755238375182e-19
GMB,AIR,part_n_extraterritorial,1,-4.665759937613449e-19
GMB,AIR,part_n_extraterritorial,2,-4.168790539813831e-19
GMB,AIR,part_n_extraterritorial,3,2.1136356949900098e-19
GMB,AIR,part_n_extraterritorial,4,-3.261799947919842e-19
GMB,AIR,part_n_extraterritorial,5,2.5691126063920704e-19
GRC,AIR,part_n_extraterritorial,0,-0.09612248486459023
GRC,AIR,part_n_extraterritorial,1,0.11013248430243178
GRC,AIR,part_n_extraterritorial,2,-0.08587255869459694
GRC,AIR,part_n_extraterritorial,3,-0.13908466741644343
GRC,AIR,part_n_extraterritorial,4,0.29246922514207474
GRC,AIR,part_n_extraterritorial,5,0.16442450972917574
GTM,AIR,part_n_extraterritorial,0,0.35621279765516084
GTM,AIR,part_n_extraterritorial,1,0.053993837231055226
GTM,AIR,part_n_extraterritorial,2,-0.2374626754095747
GTM,AIR,part_n_extraterritorial,3,0.13810683824355852
GTM,AIR,part_n_extraterritorial,4,0.1642882283166525
GTM,AIR,part_n_extraterritorial,5,-0.22217687423781576
HND,AIR,part_n_extraterritorial,0,2.3488117817074627e-19
HND,AIR,part_n_extraterritorial,1,-0.20605531204766278
HND,AIR,part_n_extraterritorial,2,0.21101491651193222
HND,AIR,part_n_extraterritorial,3,5.800563888689413e-19
HND,AIR,part_n_extraterritorial,4,-1.6171456264301965e-20
HND,AIR,part_n_extraterritorial,5,-9.334489110037802e-19
HRV,AIR,part_n_extraterritorial,0,-0.05609317315718386
HRV,AIR,part_n_extraterritorial,1,0.030978641163822044
HRV,AIR,part_n_extraterritorial,2,-0.07554985124500001
HRV,AIR,part_n_extraterritorial,3,0.04228444851774063
HRV,AIR,part_n_extraterritorial,4,-0.14381720236280376
HRV,AIR,part_n_extraterritorial,5,0.16488578727226103
HUN,AIR,part_n_extraterritorial,0,0.01639134258693983
HUN,AIR,part_n_extraterritorial,1,-0.18466787258129788
HUN,AIR,part_n_extraterritorial,2,0.23613925524625867
HUN,AIR,part_n_extraterritorial,3,-0.09125513168783675
HUN,AIR,part_n_extraterritorial,4,0.1056852572235837
HUN,AIR,part_n_extraterritorial,5,-0.2624250780903882
IDN,AIR,part_n_extraterritorial,0,-0.06879425079718669
IDN,AIR,part_n_extraterritorial,1,-0.09422207812044635
IDN,AIR,part_n_extraterritorial,2,0.1864843862263517
IDN,AIR,part_n_extraterritorial,3,-0.15862003086957674
IDN,AIR,part_n_extraterritorial,4,-0.02990210640231247
IDN,AIR,part_n_extraterritorial,5,0.24981311576467524
IRL,AIR,part_n_extraterritorial,0,0.1391916848352837
IRL,AIR,part_n_extraterritorial,1,-0.1066711904809161
IRL,AIR,part_n_extraterritorial,2,0.054539656257718803
IRL,AIR,part_n_extraterritorial,3,-0.01684292601485203
IRL,AIR,part_n_extraterritorial,4,0.17288192278366432
IRL,AIR,part_n_extraterritorial,5,-0.23179926955453706
IRN,AIR,part_n_extraterritorial,0,0.021214444737068988
IRN,AIR,part_n_extraterritorial,1,0.02702663622665979
IRN,AIR,part_n_extraterritorial,2,-0.24132035159265572
IRN,AIR,part_n_extraterritorial,3,0.244124782481854
IRN,AIR,part_n_extraterritorial,4,-0.2315311843252338
IRN,AIR,part_n_extraterritorial,5,0.16594893111648407
ITA,AIR,part_n_extraterritorial,0,-0.24007093041079222
ITA,AIR,part_n_extraterritorial,1,0.11902138078342148
ITA,AIR,part_n_extraterritorial,2,0.06554916596752729
ITA,AIR,part_n_extraterritorial,3,0.01020229350363652
ITA,AIR,part_n_extraterritorial,4,0.05324634683721834
ITA,AIR,part_n_extraterritorial,5,-0.12600558955290414
JOR,AIR,part_n_extraterritorial,0,-0.24771028964767938
JOR,AIR,part_n_extraterritorial,1,-0.033240114559711514
JOR,AIR,part_n_extraterritorial,2,0.28150478414427765
JOR,AIR,part_n_extraterritorial,3,-0.39390095979874
JOR,AIR,part_n_extraterritorial,4,0.4498892750654811
JOR,AIR,part_n_extraterritorial,5,-0.37591526170639467
JPN,AIR,part_n_extraterritorial,0,-0.008859011333552954
JPN,AIR,part_n_extraterritorial,1,-0.025625921322892636
JPN,AIR,part_n_extraterritorial,2,-0.3345003195440734
JPN,AIR,part_n_extraterritorial,3,0.3820226175355911
JPN,AIR,part_n_extraterritorial,4,0.24299812111517524
JPN,AIR,part_n_extraterritorial,5,-0.1879996743018884
KAZ,AIR,part_n_extraterritorial,0,0.18396985644157737
KAZ,AIR,part_n_extraterritorial,1,-0.12703676402023445
KAZ,AIR,part_n_extraterritorial,2,-0.06560040468157119
KAZ,AIR,part_n_extraterritorial,3,0.06223235775500044
KAZ,AIR,part_n_extraterritorial,4,-0.056394823149572997
KAZ,AIR,part_n_extraterritorial,5,0.09801771424593159
KEN,AIR,part_n_extraterritorial,0,-0.274108847066478
KEN,AIR,part_n_extraterritorial,1,0.2645796888070854
KEN,AIR,part_n_extraterritorial,2,0.11744887723617936
KEN,AIR,part_n_extraterritorial,3,0.0444275736318413
KEN,AIR,part_n_extraterritorial,4,-0.13588955191563037
KEN,AIR,part_n_extraterritorial,5,0.2819216884215643
KGZ,AIR,part_n_extraterritorial,0,-5.637470654575931e-35
KGZ,AIR,part_n_extraterritorial,1,-1.1596044885458983e-18
KGZ,AIR,part_n_extraterritorial,2,5.92263263626735e-20
KGZ,AIR,part_n_extraterritorial,3,-5.348795837431582e-19
KGZ,AIR,part_n_extraterritorial,4,0.0
KGZ,AIR,part_n_extraterritorial,5,2.0761230744338372e-20
KHM,AIR,part_n_extraterritorial,0,0.16284685320249673
KHM,AIR,part_n_extraterritorial,1,0.12155627449417275
KHM,AIR,part_n_extraterritorial,2,0.21783457506968532
KHM,AIR,part_n_extraterritorial,3,-0.17525098391595118
KHM,AIR,part_n_extraterritorial,4,-0.08465123246697101
KHM,AIR,part_n_extraterritorial,5,0.21578178091968966
KOR,AIR,part_n_extraterritorial,0,0.34588583792091615
KOR,AIR,part_n_extraterritorial,1,-0.14780899927252697
KOR,AIR,part_n_extraterritorial,2,-0.023688242818325864
KOR,AIR,part_n_extraterritorial,3,0.07967517026324088
KOR,AIR,part_n_extraterritorial,4,-0.10277488928339415
KOR,AIR,part_n_extraterritorial,5,-0.08911929055307355
KWT,AIR,part_n_extraterritorial,0,-0.0627904453417415
KWT,AIR,part_n_extraterritorial,1,0.1260423572426637
KWT,AIR,part_n_extraterritorial,2,0.18967920655332227
KWT,AIR,part_n_extraterritorial,3,-0.18970262009275052
KWT,AIR,part_n_extraterritorial,4,2.90224400638886e-19
KWT,AIR,part_n_extraterritorial,5,0.0
LBR,AIR,part_n_extraterritorial,0,0.0
LBR,AIR,part_n_extraterritorial,1,0.0
LBR,AIR,part_n_extraterritorial,2,0.0
LBR,AIR,part_n_extraterritorial,3,0.0
LBR,AIR,part_n_extraterritorial,4,0.0
LBR,AIR,part_n_extraterritorial,5,0.0
LBY,AIR,part_n_extraterritorial,0,3.262229253957231e-19
LBY,AIR,part_n_extraterritorial,1,2.448631713216289e-19
LBY,AIR,part_n_extraterritorial,2,3.261488483833658e-19
LBY,AIR,part_n_extraterritorial,3,6.284482873242277e-19
LBY,AIR,part_n_extraterritorial,4,6.843439761654205e-19
LBY,AIR,part_n_extraterritorial,5,-3.094102564977926e-19
LKA,AIR,part_n_extraterritorial,0,-0.10956195135967015
LKA,AIR,part_n_extraterritorial,1,0.08629844201673564
LKA,AIR,part_n_extraterritorial,2,-0.0011814731017971561
LKA,AIR,part_n_extraterritorial,3,-0.2922511784724168
LKA,AIR,part_n_extraterritorial,4,0.3425904962454303
LKA,AIR,part_n_extraterritorial,5,-0.2541239865769749
LSO,AIR,part_n_extraterritorial,0,0.01218792969135978
LSO,AIR,part_n_extraterritorial,1,-0.15107640581270476
LSO,AIR,part_n_extraterritorial,2,0.012940109145703586
LSO,AIR,part_n_extraterritorial,3,0.013352126125510495
LSO,AIR,part_n_extraterritorial,4,0.17770211321680987
LSO,AIR,part_n_extraterritorial,5,0.0088929204641218
LTU,AIR,part_n_extraterritorial,0,-0.24731489520700561
LTU,AIR,part_n_extraterritorial,1,0.08029581605117095
LTU,AIR,part_n_extraterritorial,2,0.18303266043513625
LTU,AIR,part_n_extraterritorial,3,-0.27671596639876034
LTU,AIR,part_n_extraterritorial,4,0.10253566402413182
LTU,AIR,part_n_extraterritorial,5,0.08098622170179767
LUX,AIR,part_n_extraterritorial,0,-0.3941505525342415
LUX,AIR,part_n_extraterritorial,1,0.2629571406281761
LUX,AIR,part_n_extraterritorial,2,0.1311934119060654
LUX,AIR,part_n_extraterritorial,3,0.3941505525342414
LUX,AIR,part_n_extraterritorial,4,-0.4532781364592256
LUX,AIR,part_n_extraterritorial,5,-0.5000477499936783
LVA,AIR,part_n_extraterritorial,0,0.19626342692047002
LVA,AIR,part_n_extraterritorial,1,-0.2828943843202122
LVA,AIR,part_n_extraterritorial,2,0.10175108935343342
LVA,AIR,part_n_extraterritorial,3,-0.06892024523882409
LVA,AIR,part_n_extraterritorial,4,0.1686298308454454
LVA,AIR,part_n_extraterritorial,5,-0.1573945871940874
MAR,AIR,part_n_extraterritorial,0,-0.028167166967095272
MAR,AIR,part_n_extraterritorial,1,-0.16832464331033833
MAR,AIR,part_n_extraterritorial,2,-0.129867724826716
MAR,AIR,part_n_extraterritorial,3,0.3450017970555747
MAR,AIR,part_n_extraterritorial,4,-0.01980272075392181
MAR,AIR,part_n_extraterritorial,5,-0.09013253958270245
MDG,AIR,part_n_extraterritorial,0,0.13742598788739366
MDG,AIR,part_n_extraterritorial,1,-0.010867441539842022
MDG,AIR,part_n_extraterritorial,2,0.08274545108311704
MDG,AIR,part_n_extraterritorial,3,0.009544652597443677
MDG,AIR,part_n_extraterritorial,4,-0.0920552560621597
MDG,AIR,part_n_extraterritorial,5,-7.030471095134817e-20
MEX,AIR,part_n_extraterritorial,0,-0.15253591399852304
MEX,AIR,part_n_extraterritorial,1,-0.022904749532717865
MEX,AIR,part_n_extraterritorial,2,-0.0030231372096046613
MEX,AIR,part_n_extraterritorial,3,0.04672350199896638
MEX,AIR,part_n_extraterritorial,4,0.07843424325638809
MEX,AIR,part_n_extraterritorial,5,0.046813898187705615
MKD,AIR,part_n_extraterritorial,0,0.04308360798075457
MKD,AIR,part_n_extraterritorial,1,0.015284153167252495
MKD,AIR,part_n_extraterritorial,2,-0.40296666624132965
MKD,AIR,part_n_extraterritorial,3,0.13473106463553752
MKD,AIR,part_n_extraterritorial,4,0.2192805210522017
MKD,AIR,part_n_extraterritorial,5,0.02373601517093203
MLI,AIR,part_n_extraterritorial,0,-0.3599021015795434
MLI,AIR,part_n_extraterritorial,1,0.1850329842972256
MLI,AIR,part_n_extraterritorial,2,0.21531634007561323
MLI,AIR,part_n_extraterritorial,3,-0.21837538482967006
MLI,AIR,part_n_extraterritorial,4,-0.011810399570998142
MLI,AIR,part_n_extraterritorial,5,-0.007324826968665838
MNE,AIR,part_n_extraterritorial,0,0.0
MNE,AIR,part_n_extraterritorial,1,0.0
MNE,AIR,part_n_extraterritorial,2,0.0
MNE,AIR,part_n_extraterritorial,3,-1.193414933250504e-19
MNE,AIR,part_n_extraterritorial,4,2.1010844376542823e-19
MNE,AIR,part_n_extraterritorial,5,0.0
MNG,AIR,part_n_extraterritorial,0,0.09860356642305257
MNG,AIR,part_n_extraterritorial,1,-0.3685932201163728
MNG,AIR,part_n_extraterritorial,2,0.18766649299386345
MNG,AIR,part_n_extraterritorial,3,0.0726353825974106
MNG,AIR,part_n_extraterritorial,4,-0.16725492554625623
MNG,AIR,part_n_extraterritorial,5,0.1957064033848908
MRT,AIR,part_n_extraterritorial,0,-0.5551829750728733
MRT,AIR,part_n_extraterritorial,1,0.26335332692036206
MRT,AIR,part_n_extraterritorial,2,-0.08097191974857107
MRT,AIR,part_n_extraterritorial,3,0.22154952539181158
MRT,AIR,part_n_extraterritorial,4,0.10805065979143401
MRT,AIR,part_n_extraterritorial,5,-0.23469834427554426
MWI,AIR,part_n_extraterritorial,0,0.3598321584162802
MWI,AIR,part_n_extraterritorial,1,-0.33525756629600956
MWI,AIR,part_n_extraterritorial,2,0.18964462543455096
MWI,AIR,part_n_extraterritorial,3,-0.011414975702787261
MWI,AIR,part_n_extraterritorial,4,0.032968693201163704
MWI,AIR,part_n_extraterritorial,5,0.01185939602049531
MYS,AIR,part_n_extraterritorial,0,-0.17319275946128265
MYS,AIR,part_n_extraterritorial,1,0.06695859540109776
MYS,AIR,part_n_extraterritorial,2,0.011729148303833602
MYS,AIR,part_n_extraterritorial,3,-0.0801287779695396
MYS,AIR,part_n_extraterritorial,4,0.1383835354503703
MYS,AIR,part_n_extraterritorial,5,0.14159282531408793
NAM,AIR,part_n_extraterritorial,0,-0.057422925908642834
NAM,AIR,part_n_extraterritorial,1,0.03910291928500642
NAM,AIR,part_n_extraterritorial,2,-0.23361811881468325
NAM,AIR,part_n_extraterritorial,3,0.03745898888465582
NAM,AIR,part_n_extraterritorial,4,0.1151294667069591
NAM,AIR,part_n_extraterritorial,5,0.0925968228274187
NER,AIR,part_n_extraterritorial,0,0.29097061558431164
NER,AIR,part_n_extraterritorial,1,0.010339589313347518
NER,AIR,part_n_extraterritorial,2,0.03525585678095626
NER,AIR,part_n_extraterritorial,3,-0.24994591562411667
NER,AIR,part_n_extraterritorial,4,-0.1300909842437694
NER,AIR,part_n_extraterritorial,5,0.2557775170129175
NGA,AIR,part_n_extraterritorial,0,-0.16660632758378585
NGA,AIR,part_n_extraterritorial,1,-0.2382462459921061
NGA,AIR,part_n_extraterritorial,2,0.13866492035702424
NGA,AIR,part_n_extraterritorial,3,0.2855035444488649
NGA,AIR,part_n_extraterritorial,4,-0.24452091550151914
NGA,AIR,part_n_extraterritorial,5,0.049159121122198175
NIC,AIR,part_n_extraterritorial,0,1.5803246070712053e-19
NIC,AIR,part_n_extraterritorial,1,-4.38202001136567e-19
NIC,AIR,part_n_extraterritorial,2,-2.852114871267492e-19
NIC,AIR,part_n_extraterritorial,3,2.9630064221775246e-19
NIC,AIR,part_n_extraterritorial,4,-3.658881144338019e-19
NIC,AIR,part_n_extraterritorial,5,-3.20725790375558e-19
NLD,AIR,part_n_extraterritorial,0,-0.02584667327149743
NLD,AIR,part_n_extraterritorial,1,0.10056120325577465
NLD,AIR,part_n_extraterritorial,2,-0.28900100581372246
NLD,AIR,part_n_extraterritorial,3,0.32652575699883163
NLD,AIR,part_n_extraterritorial,4,-0.10953578999001451
NLD,AIR,part_n_extraterritorial,5,0.030420770793031994
NOR,AIR,part_n_extraterritorial,0,-0.2590018866707792
NOR,AIR,part_n_extraterritorial,1,0.19291039795797907
NOR,AIR,part_n_extraterritorial,2,-0.057610733659072356
NOR,AIR,part_n_extraterritorial,3,0.15427516782436623
NOR,AIR,part_n_extraterritorial,4,-0.2816989827238453
NOR,AIR,part_n_extraterritorial,5,0.23989187810206206
NPL,AIR,part_n_extraterritorial,0,0.022859442698479664
NPL,AIR,part_n_extraterritorial,1,-0.28481985352304273
NPL,AIR,part_n_extraterritorial,2,0.08311751638732919
NPL,AIR,part_n_extraterritorial,3,0.2806204905126402
NPL,AIR,part_n_extraterritorial,4,0.16948459460411042
NPL,AIR,part_n_extraterritorial,5,-0.34027267163164177
NZL,AIR,part_n_extraterritorial,0,0.11102348953578403
NZL,AIR,part_n_extraterritorial,1,0.040207447528302825
NZL,AIR,part_n_extraterritorial,2,-0.07090316702090903
NZL,AIR,part_n_extraterritorial,3,0.034028824291703404
NZL,AIR,part_n_extraterritorial,4,-0.27374633429812834
NZL,AIR,part_n_extraterritorial,5,0.16116077441221774
OMN,AIR,part_n_extraterritorial,0,-2.1897746899956156e-20
OMN,AIR,part_n_extraterritorial,1,-0.014700664693685252
OMN,AIR,part_n_extraterritorial,2,0.020472461950161086
PAK,AIR,part_n_extraterritorial,0,0.156845379814841
PAK,AIR,part_n_extraterritorial,1,0.1771070746915631
PAK,AIR,part_n_extraterritorial,2,-0.20352917581513993
PAK,AIR,part_n_extraterritorial,3,0.1143633700616369
PAK,AIR,part_n_extraterritorial,4,-0.03709341540467978
PAK,AIR,part_n_extraterritorial,5,0.013757367158696954
PER,AIR,part_n_extraterritorial,0,0.1598626220448255
PER,AIR,part_n_extraterritorial,1,0.07243683761583862
PER,AIR,part_n_extraterritorial,2,-0.3846423365966143
PER,AIR,part_n_extraterritorial,3,0.2672615188186939
PER,AIR,part_n_extraterritorial,4,0.14838724716681173
PER,AIR,part_n_extraterritorial,5,-0.06357350458788374
PHL,AIR,part_n_extraterritorial,0,0.1702611310018629
PHL,AIR,part_n_extraterritorial,1,-0.013213220481958285
PHL,AIR,part_n_extraterritorial,2,-0.07626486653646229
PHL,AIR,part_n_extraterritorial,3,0.2922496732180624
PHL,AIR,part_n_extraterritorial,4,-0.363092281261602
PHL,AIR,part_n_extraterritorial,5,-0.2136464593193414
POL,AIR,part_n_extraterritorial,0,0.21428556491725814
POL,AIR,part_n_extraterritorial,1,0.11244300400004338
POL,AIR,part_n_extraterritorial,2,-0.09722467698274363
POL,AIR,part_n_extraterritorial,3,0.16594611720508987
POL,AIR,part_n_extraterritorial,4,-0.044959713061847616
POL,AIR,part_n_extraterritorial,5,0.1430221808021128
PRK,AIR,part_n_extraterritorial,0,0.023657158384788206
PRK,AIR,part_n_extraterritorial,1,0.02437031779997347
PRK,AIR,part_n_extraterritorial,2,0.025127811572351066
PRK,AIR,part_n_extraterritorial,3,0.02593390653474591
PRK,AIR,part_n_extraterritorial,4,0.026793435208789882
PRK,AIR,part_n_extraterritorial,5,0.027711892767835547
PRT,AIR,part_n_extraterritorial,0,0.07540908016451792
PRT,AIR,part_n_extraterritorial,1,0.08911676346599263
PRT,AIR,part_n_extraterritorial,2,-0.12406536282126153
PRT,AIR,part_n_extraterritorial,3,0.015133237563824198
PRT,AIR,part_n_extraterritorial,4,-0.1530091383476184
PRT,AIR,part_n_extraterritorial,5,0.0937326668813598
PRY,AIR,part_n_extraterritorial,0,-0.17130950814703721
PRY,AIR,part_n_extraterritorial,1,0.2675308850966369
PRY,AIR,part_n_extraterritorial,2,-0.2513073336437545
PRY,AIR,part_n_extraterritorial,3,0.2180148067250204
PRY,AIR,part_n_extraterritorial,4,0.012945589407734147
PRY,AIR,part_n_extraterritorial,5,0.06389931528526961
QAT,AIR,part_n_extraterritorial,0,-0.00848266030623565
QAT,AIR,part_n_extraterritorial,1,0.20907974467996807
QAT,AIR,part_n_extraterritorial,2,-0.12716864425204408
QAT,AIR,part_n_extraterritorial,3,-0.09991540332670146
QAT,AIR,part_n_extraterritorial,4,0.050720332637717774
QAT,AIR,part_n_extraterritorial,5,0.05117391552043443
ROU,AIR,part_n_extraterritorial,0,0.1895326438938862
ROU,AIR,part_n_extraterritorial,1,-0.2995857021326733
ROU,AIR,part_n_extraterritorial,2,0.06395718739437639
ROU,AIR,part_n_extraterritorial,3,0.0692251154704661
ROU,AIR,part_n_extraterritorial,4,-0.27254221408034157
ROU,AIR,part_n_extraterritorial,5,0.08431023370867313
RUS,AIR,part_n_extraterritorial,0,0.04562622608626929
RUS,AIR,part_n_extraterritorial,1,-0.1335819360719562
RUS,AIR,part_n_extraterritorial,2,0.09322297208591668
RUS,AIR,part_n_extraterritorial,3,0.12495590927769681
RUS,AIR,part_n_extraterritorial,4,0.11700444451537807
RUS,AIR,part_n_extraterritorial,5,0.01703305519836906
RWA,AIR,part_n_extraterritorial,0,0.27069758723123677
RWA,AIR,part_n_extraterritorial,1,-0.0726677094751535
RWA,AIR,part_n_extraterritorial,2,-0.16707831109464835
RWA,AIR,part_n_extraterritorial,3,0.04879372357358358
RWA,AIR,part_n_extraterritorial,4,-0.06183883091539159
RWA,AIR,part_n_extraterritorial,5,-0.11226133312931512
SAU,AIR,part_n_extraterritorial,0,0.08032767973477253
SAU,AIR,part_n_extraterritorial,1,-0.018929580950329025
SAU,AIR,part_n_extraterritorial,2,0.07425985898764706
SAU,AIR,part_n_extraterritorial,3,0.0772311147732416
SAU,AIR,part_n_extraterritorial,4,-0.27502418734340844
SAU,AIR,part_n_extraterritorial,5,0.12026212159579094
SDN,AIR,part_n_extraterritorial,0,0.0926578180994423
SDN,AIR,part_n_extraterritorial,1,-0.15936347288036795
SDN,AIR,part_n_extraterritorial,2,0.08346419385592742
SDN,AIR,part_n_extraterritorial,3,-0.14291489811704286
SDN,AIR,part_n_extraterritorial,4,0.37478163919803226
SDN,AIR,part_n_extraterritorial,5,-0.1769760241622325
SEN,AIR,part_n_extraterritorial,0,0.29761042833855644
SEN,AIR,part_n_extraterritorial,1,-0.26297056347214576
SEN,AIR,part_n_extraterritorial,2,0.1753766471189757
SEN,AIR,part_n_extraterritorial,3,-0.07852880962443937
SEN,AIR,part_n_extraterritorial,4,0.008544227153764197
SEN,AIR,part_n_extraterritorial,5,-0.3912049036724982
SGP,AIR,part_n_extraterritorial,0,0.1400247063893095
SGP,AIR,part_n_extraterritorial,1,0.04953419287776163
SGP,AIR,part_n_extraterritorial,2,-0.01044390339667645
SGP,AIR,part_n_extraterritorial,3,-0.19127258757097632
SGP,AIR,part_n_extraterritorial,4,-0.030372674998577376
SGP,AIR,part_n_extraterritorial,5,0.2523570664729484
SLE,AIR,part_n_extraterritorial,0,7.334165174967951e-20
SLE,AIR,part_n_extraterritorial,1,-1.756426621229027e-20
SLE,AIR,part_n_extraterritorial,2,0.0
SLE,AIR,part_n_extraterritorial,3,-7.304396399337294e-19
SLE,AIR,part_n_extraterritorial,4,2.9747761129639147e-19
SLE,AIR,part_n_extraterritorial,5,-3.0645310874211666e-19
SLV,AIR,part_n_extraterritorial,0,-0.32905358289149544
SLV,AIR,part_n_extraterritorial,1,0.24480551289345304
SLV,AIR,part_n_extraterritorial,2,-0.1935435266637965
SLV,AIR,part_n_extraterritorial,3,0.22691010573556503
SLV,AIR,part_n_extraterritorial,4,-0.07873011277506373
SLV,AIR,part_n_extraterritorial,5,0.09595582202245241
SRB,AIR,part_n_extraterritorial,0,-0.07195334369372142
SRB,AIR,part_n_extraterritorial,1,0.09369006743751304
SRB,AIR,part_n_extraterritorial,2,-0.1013746967860037
SRB,AIR,part_n_extraterritorial,3,-0.28901578339755996
SRB,AIR,part_n_extraterritorial,4,0.6163334305050667
SRB,AIR,part_n_extraterritorial,5,-0.0744597078941244
SSD,AIR,part_n_extraterritorial,0,0.3862629375856334
SSD,AIR,part_n_extraterritorial,1,-0.2870207378930888
SSD,AIR,part_n_extraterritorial,2,0.04590184577083321
SSD,AIR,part_n_extraterritorial,3,0.16535400623530455
SSD,AIR,part_n_extraterritorial,4,-0.10562792600306888
SSD,AIR,part_n_extraterritorial,5,-0.22504153854114195
SVK,AIR,part_n_extraterritorial,0,0.008899062449534815
SVK,AIR,part_n_extraterritorial,1,-0.040991379367646893
SVK,AIR,part_n_extraterritorial,2,0.16307460345032457
SVK,AIR,part_n_extraterritorial,3,0.010041865802211102
SVK,AIR,part_n_extraterritorial,4,-0.018504151130966547
SVK,AIR,part_n_extraterritorial,5,0.13910166354378745
SVN,AIR,part_n_extraterritorial,0,-0.011676539855060402
SVN,AIR,part_n_extraterritorial,1,-0.223422092620235
SVN,AIR,part_n_extraterritorial,2,-5.563611898274327e-20
SVN,AIR,part_n_extraterritorial,3,0.09019766939690879
SVN,AIR,part_n_extraterritorial,4,2.015779038009885e-34
SVN,AIR,part_n_extraterritorial,5,0.12712647493615384
SWE,AIR,part_n_extraterritorial,0,-0.009525480287078015
SWE,AIR,part_n_extraterritorial,1,-0.11477681850166135
SWE,AIR,part_n_extraterritorial,2,0.3269755607520639
SWE,AIR,part_n_extraterritorial,3,-0.16985340418148914
SWE,AIR,part_n_extraterritorial,4,0.1077904428439303
SWE,AIR,part_n_extraterritorial,5,-0.030866710050164486
SYR,AIR,part_n_extraterritorial,0,-0.14422116336795202
SYR,AIR,part_n_extraterritorial,1,0.5475650708699045
SYR,AIR,part_n_extraterritorial,2,-0.2682088333772526
TCD,AIR,part_n_extraterritorial,0,0.10838651520638887
TCD,AIR,part_n_extraterritorial,1,-0.21907055665868608
TCD,AIR,part_n_extraterritorial,2,-0.01746137351152165
TCD,AIR,part_n_extraterritorial,3,-0.044680851056692124
TCD,AIR,part_n_extraterritorial,4,-0.017575236010397476
TCD,AIR,part_n_extraterritorial,5,0.25117493443243927
TGO,AIR,part_n_extraterritorial,0,-0.10281017934899901
TGO,AIR,part_n_extraterritorial,1,0.24989896707003859
TGO,AIR,part_n_extraterritorial,2,-0.23863244449299728
TGO,AIR,part_n_extraterritorial,3,0.004124231197154807
TGO,AIR,part_n_extraterritorial,4,0.14565691980468232
TGO,AIR,part_n_extraterritorial,5,-0.20633049590572433
THA,AIR,part_n_extraterritorial,0,-0.1946869936923102
THA,AIR,part_n_extraterritorial,1,0.08908355939314147
THA,AIR,part_n_extraterritorial,2,-0.008515573159085384
THA,AIR,part_n_extraterritorial,3,0.023058798606067306
THA,AIR,part_n_extraterritorial,4,0.13578805784332418
THA,AIR,part_n_extraterritorial,5,0.15720303308397784
TJK,AIR,part_n_extraterritorial,0,2.7624741207769183e-20
TJK,AIR,part_n_extraterritorial,1,2.988672557770777e-20
TJK,AIR,part_n_extraterritorial,2,0.0
TJK,AIR,part_n_extraterritorial,3,0.0
TJK,AIR,part_n_extraterritorial,4,0.0
TJK,AIR,part_n_extraterritorial,5,-0.24398668647998198
TKM,AIR,part_n_extraterritorial,0,-1.913739106160424e-18
TKM,AIR,part_n_extraterritorial,1,-1.1009596622404463e-18
TKM,AIR,part_n_extraterritorial,2,-0.5140476537385866
TKM,AIR,part_n_extraterritorial,3,0.5808455203461137
TKM,AIR,part_n_extraterritorial,4,-1.6363357668687393e-18
TKM,AIR,part_n_extraterritorial,5,1.5636803540940606e-18
TON,AIR,part_n_extraterritorial,0,0.0
TON,AIR,part_n_extraterritorial,1,3.7382019824398644e-35
TON,AIR,part_n_extraterritorial,2,0.0
TON,AIR,part_n_extraterritorial,3,0.0
TON,AIR,part_n_extraterritorial,4,0.0
TON,AIR,part_n_extraterritorial,5,2.9994571723814066e-35
TUN,AIR,part_n_extraterritorial,0,-0.2526398010864654
TUN,AIR,part_n_extraterritorial,1,0.3771718415571708
TUN,AIR,part_n_extraterritorial,2,-0.09905538777756047
TUN,AIR,part_n_extraterritorial,3,-0.18704357486448744
TUN,AIR,part_n_extraterritorial,4,0.3603153438002297
TUN,AIR,part_n_extraterritorial,5,-0.061145987030236146
TUR,AIR,part_n_extraterritorial,0,0.042390340324619996
TUR,AIR,part_n_extraterritorial,1,0.018872780870821886
TUR,AIR,part_n_extraterritorial,2,-0.10072339652122406
TUR,AIR,part_n_extraterritorial,3,-0.20453297596568168
TUR,AIR,part_n_extraterritorial,4,0.21704343462910253
TUR,AIR,part_n_extraterritorial,5,-0.13452311816756485
TZA,AIR,part_n_extraterritorial,0,-0.1681573109856082
TZA,AIR,part_n_extraterritorial,1,-0.002413349405790187
TZA,AIR,part_n_extraterritorial,2,0.3708587653658557
TZA,AIR,part_n_extraterritorial,3,-0.07638888514913011
TZA,AIR,part_n_extraterritorial,4,-0.27705906226173477
TZA,AIR,part_n_extraterritorial,5,0.03844941091734653
UGA,AIR,part_n_extraterritorial,0,0.34600461924992
UGA,AIR,part_n_extraterritorial,1,0.09109112597001386
UGA,AIR,part_n_extraterritorial,2,-0.2446780918647066
UGA,AIR,part_n_extraterritorial,3,0.13863314420624392
UGA,AIR,part_n_extraterritorial,4,0.05468797138768328
UGA,AIR,part_n_extraterritorial,5,-0.02740374102809063
UKR,AIR,part_n_extraterritorial,0,0.15187844685851276
UKR,AIR,part_n_extraterritorial,1,-0.030147152538488483
UKR,AIR,part_n_extraterritorial,2,-0.4734129209528784
UKR,AIR,part_n_extraterritorial,3,0.43227749155470996
UKR,AIR,part_n_extraterritorial,4,-0.13694965112521024
UKR,AIR,part_n_extraterritorial,5,-0.4081443872675189
USA,AIR,part_n_extraterritorial,0,-0.02189669218827687
USA,AIR,part_n_extraterritorial,1,-0.13230316871681425
USA,AIR,part_n_extraterritorial,2,0.11750173420547107
USA,AIR,part_n_extraterritorial,3,-0.19635704486530847
USA,AIR,part_n_extraterritorial,4,0.015539378365975158
USA,AIR,part_n_extraterritorial,5,-0.29753453091257853
UZB,AIR,part_n_extraterritorial,0,0.0
UZB,AIR,part_n_extraterritorial,1,-2.921217133545507e-19
UZB,AIR,part_n_extraterritorial,2,-5.732828333495855e-19
UZB,AIR,part_n_extraterritorial,3,0.013165757025686842
UZB,AIR,part_n_extraterritorial,4,0.022540074745031037
UZB,AIR,part_n_extraterritorial,5,0.021757282103811906
VNM,AIR,part_n_extraterritorial,0,0.09258968441507474
VNM,AIR,part_n_extraterritorial,1,0.2660467422613081
VNM,AIR,part_n_extraterritorial,2,-0.4249184549417163
VNM,AIR,part_n_extraterritorial,3,0.08691719736231295
VNM,AIR,part_n_extraterritorial,4,0.19597042546463642
VNM,AIR,part_n_extraterritorial,5,-0.17142521907734287
YEM,AIR,part_n_extraterritorial,0,0.31259987471453765
YEM,AIR,part_n_extraterritorial,1,-0.32288649446037987
YEM,AIR,part_n_extraterritorial,2,0.42903058631144375
YEM,AIR,part_n_extraterritorial,3,-0.33710088068599103
YEM,AIR,part_n_extraterritorial,4,0.22298524437495135
YEM,AIR,part_n_extraterritorial,5,-0.25336850152443674
ZAF,AIR,part_n_extraterritorial,0,-0.43092685715449824
ZAF,AIR,part_n_extraterritorial,1,0.035113943072842164
ZAF,AIR,part_n_extraterritorial,2,0.30678477827379713
ZAF,AIR,part_n_extraterritorial,3,0.0028861360906687608
ZAF,AIR,part_n_extraterritorial,4,-0.29991451210175263
ZAF,AIR,part_n_extraterritorial,5,0.05758578097244648
ZMB,AIR,part_n_extraterritorial,0,-0.2303525507274579
ZMB,AIR,part_n_extraterritorial,1,-0.14291332592773684
ZMB,AIR,part_n_extraterritorial,2,0.27282516664273077
ZMB,AIR,part_n_extraterritorial,3,0.0692928344138823
ZMB,AIR,part_n_extraterritorial,4,-0.12940444711629517
ZMB,AIR,part_n_extraterritorial,5,-0.019973731436320002
ZWE,AIR,part_n_extraterritorial,0,0.01347358645349695
ZWE,AIR,part_n_extraterritorial,1,-0.053626938937454065
ZWE,AIR,part_n_extraterritorial,2,0.07254905043608074
ZWE,AIR,part_n_extraterritorial,3,-0.10978085262917854
ZWE,AIR,part_n_extraterritorial,4,-0.17476739071973735
ZWE,AIR,part_n_extraterritorial,5,-0.10331680109405528
AFG,MISSILES,part_n_minor,0,0.0741939260332584
AFG,MISSILES,part_n_minor,1,-0.019374366664663613
AFG,MISSILES,part_n_minor,2,0.0031283668610899507
AFG,MISSILES,part_n_minor,3,-0.11465490864983423
AFG,MISSILES,part_n_minor,4,0.14411144268793297
AFG,MISSILES,part_n_minor,5,0.4205549378472531
AGO,MISSILES,part_n_minor,0,-0.4227747779394056
AGO,MISSILES,part_n_minor,1,0.1996969840806694
AGO,MISSILES,part_n_minor,2,0.11204732383424344
AGO,MISSILES,part_n_minor,3,-0.2606694035068514
AGO,MISSILES,part_n_minor,4,0.11554397965571786
AGO,MISSILES,part_n_minor,5,0.0680174991911607
ALB,MISSILES,part_n_minor,0,0.0
ALB,MISSILES,part_n_minor,1,0.0
ALB,MISSILES,part_n_minor,2,0.0
ALB,MISSILES,part_n_minor,3,0.0
ALB,MISSILES,part_n_minor,4,0.0
ALB,MISSILES,part_n_minor,5,0.0
ARE,MISSILES,part_n_minor,0,0.13184118431584574
ARE,MISSILES,part_n_minor,1,-0.06835257913904245
ARE,MISSILES,part_n_minor,2,-0.2195081557248252
ARE,MISSILES,part_n_minor,3,-0.05837407152403875
ARE,MISSILES,part_n_minor,4,0.24438789668956787
ARE,MISSILES,part_n_minor,5,-0.21212614989758466
ARG,MISSILES,part_n_minor,0,0.004211257041868141
ARG,MISSILES,part_n_minor,1,-0.2281170076759804
ARG,MISSILES,part_n_minor,2,0.22409018320179697
ARG,MISSILES,part_n_minor,3,0.005372404792423435
ARG,MISSILES,part_n_minor,4,0.0055468952767862715
ARG,MISSILES,part_n_minor,5,0.00573310091707744
ARM,MISSILES,part_n_minor,0,-0.23178432003386315
ARM,MISSILES,part_n_minor,1,0.04226672248707474
ARM,MISSILES,part_n_minor,2,0.14709313792093306
ARM,MISSILES,part_n_minor,3,-0.08090264253484823
ARM,MISSILES,part_n_minor,4,0.16361675189306013
ARM,MISSILES,part_n_minor,5,-0.11671748863445423
AUS,MISSILES,part_n_minor,0,0.11855810910925937
AUS,MISSILES,part_n_minor,1,-0.006465882389944435
AUS,MISSILES,part_n_minor,2,0.005378541266105981
AUS,MISSILES,part_n_minor,3,0.04311404226240987
AUS,MISSILES,part_n_minor,4,-0.05220003432562455
AUS,MISSILES,part_n_minor,5,0.09407559428477523
AUT,MISSILES,part_n_minor,0,-0.12017216452300782
AUT,MISSILES,part_n_minor,1,0.24035070382718293
AUT,MISSILES,part_n_minor,2,-0.24035746551304515
AUT,MISSILES,part_n_minor,3,0.12018232521479826
AUT,MISSILES,part_n_minor,4,0.12018614979860957
AUT,MISSILES,part_n_minor,5,-0.2403804595143158
AZE,MISSILES,part_n_minor,0,-0.29295519206978454
AZE,MISSILES,part_n_minor,1,0.13030119981224833
AZE,MISSILES,part_n_minor,2,-0.2958546894272167
AZE,MISSILES,part_n_minor,3,0.20257673367743348
AZE,MISSILES,part_n_minor,4,-0.00018152097696869495
AZE,MISSILES,part_n_minor,5,0.13545099100066746
BDI,MISSILES,part_n_minor,0,-0.22051824121184146
BDI,MISSILES,part_n_minor,1,0.010586023410382948
BDI,MISSILES,part_n_minor,2,0.2476148859621948
BDI,MISSILES,part_n_minor,3,-0.2292575286851971
BDI,MISSILES,part_n_minor,4,-0.13255029497903345
BDI,MISSILES,part_n_minor,5,0.006472286064543605
BEL,MISSILES,part_n_minor,0,-0.3721841949842561
BEL,MISSILES,part_n_minor,1,0.21470170134371908
BEL,MISSILES,part_n_minor,2,-0.009559498360845626
BEL,MISSILES,part_n_minor,3,0.06806407725480365
BEL,MISSILES,part_n_minor,4,-0.3046547590676763
BEL,MISSILES,part_n_minor,5,0.22741028949959824
BFA,MISSILES,part_n_minor,0,-0.598582088132121
BFA,MISSILES,part_n_minor,1,0.6709578662631678
BFA,MISSILES,part_n_minor,2,-0.16346372284376348
BFA,MISSILES,part_n_minor,3,0.2689496963500529
BFA,MISSILES,part_n_minor,4,-0.37453661626188717
BFA,MISSILES,part_n_minor,5,0.12048810225600687
BGD,MISSILES,part_n_minor,0,-0.08104484061170757
BGD,MISSILES,part_n_minor,1,0.02241161172245567
BGD,MISSILES,part_n_minor,2,0.14538533250632532
BGD,MISSILES,part_n_minor,3,-0.15018900084100706
BGD,MISSILES,part_n_minor,4,0.15665802166364115
BGD,MISSILES,part_n_minor,5,-0.357819940764972
BGR,MISSILES,part_n_minor,0,3.778669033482508e-18
BGR,MISSILES,part_n_minor,1,-2.42483453849802e-18
BGR,MISSILES,part_n_minor,2,1.0197761369597804e-18
BGR,MISSILES,part_n_minor,3,5.110745843530773e-19
BGR,MISSILES,part_n_minor,4,-1.6445182465453427e-18
BGR,MISSILES,part_n_minor,5,1.3203719604480932e-18
BHR,MISSILES,part_n_minor,0,-0.0004364349371306354
BHR,MISSILES,part_n_minor,1,-0.055272199191001875
BHR,MISSILES,part_n_minor,2,0.2684437903238002
BHR,MISSILES,part_n_minor,3,0.24779718852649704
BHR,MISSILES,part_n_minor,4,-0.2037353755664108
BHR,MISSILES,part_n_minor,5,-0.014782412105486552
BIH,MISSILES,part_n_minor,0,0.11351215030227652
BIH,MISSILES,part_n_minor,1,0.21674246534101424
BIH,MISSILES,part_n_minor,2,-0.056756075151138265
BIH,MISSILES,part_n_minor,3,-0.22807298432248221
BIH,MISSILES,part_n_minor,4,-3.2960411381610384e-19
BIH,MISSILES,part_n_minor,5,-1.4252242436349557e-19
BOL,MISSILES,part_n_minor,0,0.0
BOL,MISSILES,part_n_minor,1,0.0
BOL,MISSILES,part_n_minor,2,0.0
BOL,MISSILES,part_n_minor,3,0.0
BOL,MISSILES,part_n_minor,4,0.0
BOL,MISSILES,part_n_minor,5,0.0
BRA,MISSILES,part_n_minor,0,-0.09503188395440594
BRA,MISSILES,part_n_minor,1,0.20709276123968606
BRA,MISSILES,part_n_minor,2,0.07414532996871878
BRA,MISSILES,part_n_minor,3,-0.4777205182564304
BRA,MISSILES,part_n_minor,4,0.03866741319946712
BRA,MISSILES,part_n_minor,5,-0.07013406044732044
BWA,MISSILES,part_n_minor,0,-0.34898226415339595
BWA,MISSILES,part_n_minor,1,0.06860696709111372
BWA,MISSILES,part_n_minor,2,0.29161793424635624
BWA,MISSILES,part_n_minor,3,0.006623150343437665
BWA,MISSILES,part_n_minor,4,-0.11261911940637946
BWA,MISSILES,part_n_minor,5,-0.023187628738443496
CAN,MISSILES,part_n_minor,0,-0.11292007761734509
CAN,MISSILES,part_n_minor,1,0.048365599392309715
CAN,MISSILES,part_n_minor,2,0.0488409488370736
CAN,MISSILES,part_n_minor,3,-0.042592779326421186
CAN,MISSILES,part_n_minor,4,0.061357695068026956
CAN,MISSILES,part_n_minor,5,-0.18108196031080034
CHE,MISSILES,part_n_minor,0,-0.023164214296551338
CHE,MISSILES,part_n_minor,1,0.18974152312093343
CHE,MISSILES,part_n_minor,2,-0.22993662760032335
CHE,MISSILES,part_n_minor,3,-4.1977634514054296e-19
CHE,MISSILES,part_n_minor,4,-0.21267448678831194
CHE,MISSILES,part_n_minor,5,0.2704266876496604
CHN,MISSILES,part_n_minor,0,-0.07693702796644125
CHN,MISSILES,part_n_minor,1,0.06823271332536515
CHN,MISSILES,part_n_minor,2,0.19808618186834512
CHN,MISSILES,part_n_minor,3,-0.5014302581793454
CHN,MISSILES,part_n_minor,4,0.27271492654516144
CHN,MISSILES,part_n_minor,5,0.22465141691528692
CIV,MISSILES,part_n_minor,0,1.7723069313324287e-19
CIV,MISSILES,part_n_minor,1,-0.25643403334166626
CIV,MISSILES,part_n_minor,2,0.25644001623621715
CIV,MISSILES,part_n_minor,3,0.09464672627093187
CIV,MISSILES,part_n_minor,4,0.06715469323105934
CIV,MISSILES,part_n_minor,5,-0.16180847249937286
CMR,MISSILES,part_n_minor,0,-0.2586688851699644
CMR,MISSILES,part_n_minor,1,-0.11028787503073735
CMR,MISSILES,part_n_minor,2,0.4695374746350584
CMR,MISSILES,part_n_minor,3,-0.09688412808060619
CMR,MISSILES,part_n_minor,4,0.036290427930831856
CMR,MISSILES,part_n_minor,5,0.1208475830092818
COD,MISSILES,part_n_minor,0,-0.011406662841670216
COD,MISSILES,part_n_minor,1,7.776829645203762e-19
COD,MISSILES,part_n_minor,2,-0.20966391346736835
COD,MISSILES,part_n_minor,3,0.4194219683899063
COD,MISSILES,part_n_minor,4,-0.5422246463625194
COD,MISSILES,part_n_minor,5,0.45528205793761917
COG,MISSILES,part_n_minor,0,0.008077719648864078
COG,MISSILES,part_n_minor,1,0.008319169972027434
COG,MISSILES,part_n_minor,2,-0.2744160282344523
COG,MISSILES,part_n_minor,3,0.2919883529152253
COG,MISSILES,part_n_minor,4,9.988062429734511e-19
COG,MISSILES,part_n_minor,5,0.010281225788055934
COL,MISSILES,part_n_minor,0,-0.20770531299722697
COL,MISSILES,part_n_minor,1,0.1720770984420493
COL,MISSILES,part_n_minor,2,-0.2130773674565427
COL,MISSILES,part_n_minor,3,0.1385715216257674
COL,MISSILES,part_n_minor,4,0.023489632988414326
COL,MISSILES,part_n_minor,5,-0.013872261354000258
CZE,MISSILES,part_n_minor,0,0.029827985472957258
CZE,MISSILES,part_n_minor,1,-0.25604503649041005
CZE,MISSILES,part_n_minor,2,0.16231710286939144
CZE,MISSILES,part_n_minor,3,-0.022958501304430154
CZE,MISSILES,part_n_minor,4,-0.1708846432705825
CZE,MISSILES,part_n_minor,5,0.20338763617093694
DEU,MISSILES,part_n_minor,0,0.014309477948092586
DEU,MISSILES,part_n_minor,1,0.12378136295925568
DEU,MISSILES,part_n_minor,2,-0.2784102470064344
DEU,MISSILES,part_n_minor,3,-0.004004580359794586
DEU,MISSILES,part_n_minor,4,-0.2685452377029831
DEU,MISSILES,part_n_minor,5,0.4797088984152158
DJI,MISSILES,part_n_minor,0,-0.19968336059661854
DJI,MISSILES,part_n_minor,1,0.09984412456493652
DJI,MISSILES,part_n_minor,2,0.10279303995965954
DJI,MISSILES,part_n_minor,3,-0.20558607991931907
DJI,MISSILES,part_n_minor,4,0.20558607991931904
DJI,MISSILES,part_n_minor,5,-0.1478564709263321
DNK,MISSILES,part_n_minor,0,-0.025870522226062124
DNK,MISSILES,part_n_minor,1,0.1767830922042383
DNK,MISSILES,part_n_minor,2,-0.2728995781393029
DNK,MISSILES,part_n_minor,3,0.16578983556216556
DNK,MISSILES,part_n_minor,4,0.13794268839733845
DNK,MISSILES,part_n_minor,5,-0.18643803706628526
DZA,MISSILES,part_n_minor,0,0.44816978563227644
DZA,MISSILES,part_n_minor,1,-0.04281562919590343
DZA,MISSILES,part_n_minor,2,0.007603931131300574
DZA,MISSILES,part_n_minor,3,0.0026134162893022804
DZA,MISSILES,part_n_minor,4,0.16835703211476005
DZA,MISSILES,part_n_minor,5,-0.16141986415427523
ECU,MISSILES,part_n_minor,0,-0.26644545417011967
ECU,MISSILES,part_n_minor,1,0.21759070173235243
ECU,MISSILES,part_n_minor,2,-0.10879535086617623
ECU,MISSILES,part_n_minor,3,-0.18514440040487656
ECU,MISSILES,part_n_minor,4,0.3702888008097531
ECU,MISSILES,part_n_minor,5,-0.18514440040487656
EGY,MISSILES,part_n_minor,0,0.05245174890515059
EGY,MISSILES,part_n_minor,1,-0.2581678528856399
EGY,MISSILES,part_n_minor,2,-0.001571654308885527
EGY,MISSILES,part_n_minor,3,0.3038537848388657
EGY,MISSILES,part_n_minor,4,0.03705154813363718
EGY,MISSILES,part_n_minor,5,-0.27841569487964857
ERI,MISSILES,part_n_minor,0,-0.16129542517020465
ERI,MISSILES,part_n_minor,1,0.39695499776217885
ERI,MISSILES,part_n_minor,2,-0.3032055872257612
ERI,MISSILES,part_n_minor,3,-0.0007384412775291583
ERI,MISSILES,part_n_minor,4,0.1943169538608176
ERI,MISSILES,part_n_minor,5,-0.038711194907087
ESP,MISSILES,part_n_minor,0,0.045491236396982895
ESP,MISSILES,part_n_minor,1,-0.0549873834672541
ESP,MISSILES,part_n_minor,2,-0.25727843235273773
ESP,MISSILES,part_n_minor,3,0.18611536298190293
ESP,MISSILES,part_n_minor,4,0.07496502466746266
ESP,MISSILES,part_n_minor,5,0.12448667145988225
EST,MISSILES,part_n_minor,0,-0.026767142160387003
EST,MISSILES,part_n_minor,1,-0.11001143074198101
EST,MISSILES,part_n_minor,2,-0.24952814372828355
EST,MISSILES,part_n_minor,3,0.23165670466256788
EST,MISSILES,part_n_minor,4,-0.27937799769431115
EST,MISSILES,part_n_minor,5,0.2938655217715811
ETH,MISSILES,part_n_minor,0,0.3941770283782891
ETH,MISSILES,part_n_minor,1,-0.05432569259629688
ETH,MISSILES,part_n_minor,2,-0.14990426066214835
ETH,MISSILES,part_n_minor,3,0.14272567635431746
ETH,MISSILES,part_n_minor,4,0.03529039514374669
ETH,MISSILES,part_n_minor,5,-0.21723301560616998
FIN,MISSILES,part_n_minor,0,0.11713882181963622
FIN,MISSILES,part_n_minor,1,-0.003272154299175952
FIN,MISSILES,part_n_minor,2,-0.17945752505292334
FIN,MISSILES,part_n_minor,3,0.2227598259291254
FIN,MISSILES,part_n_minor,4,-0.058956479375934935
FIN,MISSILES,part_n_minor,5,0.06711039358242628
FRA,MISSILES,part_n_minor,0,-0.1374168121575036
FRA,MISSILES,part_n_minor,1,0.004430241321254139
FRA,MISSILES,part_n_minor,2,-0.09487014449879604
FRA,MISSILES,part_n_minor,3,0.2650475717277243
FRA,MISSILES,part_n_minor,4,-0.07640729003496724
FRA,MISSILES,part_n_minor,5,0.2096133064169522
GBR,MISSILES,part_n_minor,0,0.22197823970397942
GBR,MISSILES,part_n_minor,1,-0.28516569558827143
GBR,MISSILES,part_n_minor,2,0.3174240229225277
GBR,MISSILES,part_n_minor,3,-0.10600680535883197
GBR,MISSILES,part_n_minor,4,-0.030965056666325194
GBR,MISSILES,part_n_minor,5,-0.039462741241243264
GEO,MISSILES,part_n_minor,0,0.2025504721185013
GEO,MISSILES,part_n_minor,1,0.04345740411916439
GEO,MISSILES,part_n_minor,2,-0.015094078313436713
GEO,MISSILES,part_n_minor,3,0.04416571326732146
GEO,MISSILES,part_n_minor,4,-0.3510156388677286
GEO,MISSILES,part_n_minor,5,0.3740581847323371
GHA,MISSILES,part_n_minor,0,-0.2810411840530464
GHA,MISSILES,part_n_minor,1,0.1405248853976234
GHA,MISSILES,part_n_minor,2,0.06138736334605935
GHA,MISSILES,part_n_minor,3,-0.12277895442647667
GHA,MISSILES,part_n_minor,4,0.011231033820849634
GHA,MISSILES,part_n_minor,5,0.24087023726817056
GIN,MISSILES,part_n_minor,0,-0.1047078646521516
GIN,MISSILES,part_n_minor,1,0.17900409666500913
GIN,MISSILES,part_n_minor,2,-0.18484507133962383
GIN,MISSILES,part_n_minor,3,0.0
GIN,MISSILES,part_n_minor,4,0.0
GIN,MISSILES,part_n_minor,5,-6.447151482662073e-35
GRC,MISSILES,part_n_minor,0,-0.22794479569837647
GRC,MISSILES,part_n_minor,1,-0.18297375064771038
GRC,MISSILES,part_n_minor,2,0.19054172686903387
GRC,MISSILES,part_n_minor,3,-0.12772091107247602
GRC,MISSILES,part_n_minor,4,0.3760250152700637
GRC,MISSILES,part_n_minor,5,-0.4816833220427415
HRV,MISSILES,part_n_minor,0,0.05827236505211416
HRV,MISSILES,part_n_minor,1,-0.14344286469794063
HRV,MISSILES,part_n_minor,2,-4.599397573568711e-35
HRV,MISSILES,part_n_minor,3,-1.621286566373767e-18
HRV,MISSILES,part_n_minor,4,4.330317549886664e-19
HRV,MISSILES,part_n_minor,5,-1.1484654837549896e-19
HUN,MISSILES,part_n_minor,0,-0.06845653529776154
HUN,MISSILES,part_n_minor,1,0.19385910705278572
HUN,MISSILES,part_n_minor,2,-0.10367407153412314
HUN,MISSILES,part_n_minor,3,0.009914805539860112
HUN,MISSILES,part_n_minor,4,0.0072582273821089425
HUN,MISSILES,part_n_minor,5,-0.1506180201410419
IDN,MISSILES,part_n_minor,0,0.007443507583787972
IDN,MISSILES,part_n_minor,1,0.09545031388726999
IDN,MISSILES,part_n_minor,2,0.5083633184437657
IDN,MISSILES,part_n_minor,3,-0.15857523755197492
IDN,MISSILES,part_n_minor,4,-0.08331824378325951
IDN,MISSILES,part_n_minor,5,0.07233554913731492
IND,MISSILES,part_n_minor,0,0.2546972923072689
IND,MISSILES,part_n_minor,1,0.043872410413286426
IND,MISSILES,part_n_minor,2,-0.07536771833084677
IND,MISSILES,part_n_minor,3,-0.21221396443199084
IND,MISSILES,part_n_minor,4,-0.0012441846691500786
IND,MISSILES,part_n_minor,5,-0.2008106335328885
IRL,MISSILES,part_n_minor,0,-0.09619805359807489
IRL,MISSILES,part_n_minor,1,0.08435615638890522
IRL,MISSILES,part_n_minor,2,-0.27420488481384214
IRL,MISSILES,part_n_minor,3,-0.1152796349464266
IRL,MISSILES,part_n_minor,4,0.33620020696005865
IRL,MISSILES,part_n_minor,5,0.41101413597466385
IRN,MISSILES,part_n_minor,0,0.26358854094221124
IRN,MISSILES,part_n_minor,1,-0.2337134503127723
IRN,MISSILES,part_n_minor,2,0.19336748212850707
IRN,MISSILES,part_n_minor,3,-0.070023675644374
IRN,MISSILES,part_n_minor,4,-0.061430668175839885
IRN,MISSILES,part_n_minor,5,0.1723914500351243
IRQ,MISSILES,part_n_minor,0,-0.13695288863791116
IRQ,MISSILES,part_n_minor,1,-0.01611942705479976
IRQ,MISSILES,part_n_minor,2,0.053368553873911
IRQ,MISSILES,part_n_minor,3,0.03350696054378085
IRQ,MISSILES,part_n_minor,4,-0.06655140997564696
IRQ,MISSILES,part_n_minor,5,-0.010502153665879834
ISR,MISSILES,part_n_minor,0,-0.13179574578800335
ISR,MISSILES,part_n_minor,1,0.19017320470599836
ISR,MISSILES,part_n_minor,2,-0.09715660365862304
ISR,MISSILES,part_n_minor,3,-0.03337296629529548
ISR,MISSILES,part_n_minor,4,0.020599945179814685
ISR,MISSILES,part_n_minor,5,-0.08625258741955416
ITA,MISSILES,part_n_minor,0,0.02191868643367985
ITA,MISSILES,part_n_minor,1,0.19127947807527387
ITA,MISSILES,part_n_minor,2,0.10310410727711357
ITA,MISSILES,part_n_minor,3,0.20857003517575612
ITA,MISSILES,part_n_minor,4,-0.5976600711595016
ITA,MISSILES,part_n_minor,5,0.0004779914369854227
JOR,MISSILES,part_n_minor,0,-0.2032728962554938
JOR,MISSILES,part_n_minor,1,0.2579981587317668
JOR,MISSILES,part_n_minor,2,-0.16621305075171283
JOR,MISSILES,part_n_minor,3,0.05044676241475906
JOR,MISSILES,part_n_minor,4,0.3423563448929354
JOR,MISSILES,part_n_minor,5,-0.10097508608894527
JPN,MISSILES,part_n_minor,0,-0.23152545089754542
JPN,MISSILES,part_n_minor,1,0.19789181359725652
JPN,MISSILES,part_n_minor,2,-0.08139941011486046
JPN,MISSILES,part_n_minor,3,-0.29053734720982904
JPN,MISSILES,part_n_minor,4,0.2699489107760422
JPN,MISSILES,part_n_minor,5,0.010216440091348322
KAZ,MISSILES,part_n_minor,0,0.04401051599665496
KAZ,MISSILES,part_n_minor,1,0.1976255390874779
KAZ,MISSILES,part_n_minor,2,-0.2139711961382287
KAZ,MISSILES,part_n_minor,3,-0.21868084170365854
KAZ,MISSILES,part_n_minor,4,-0.014081631577215604
KAZ,MISSILES,part_n_minor,5,0.061294707526608885
KGZ,MISSILES,part_n_minor,0,-0.3535533905932738
KGZ,MISSILES,part_n_minor,1,1.9856250986504635e-19
KHM,MISSILES,part_n_minor,0,0.3401703125322747
KHM,MISSILES,part_n_minor,1,-0.4377813069904893
KHM,MISSILES,part_n_minor,2,0.5111179030449594
KHM,MISSILES,part_n_minor,3,-0.6250067492448699
KHM,MISSILES,part_n_minor,4,0.4535370011631799
KHM,MISSILES,part_n_minor,5,-0.11045449932933406
KOR,MISSILES,part_n_minor,0,0.04535086079819271
KOR,MISSILES,part_n_minor,1,-0.04443984946274336
KOR,MISSILES,part_n_minor,2,0.09589107235777207
KOR,MISSILES,part_n_minor,3,-0.08239153219363438
KOR,MISSILES,part_n_minor,4,0.09402188920253596
KOR,MISSILES,part_n_minor,5,-0.1604833007386153
KWT,MISSILES,part_n_minor,0,-2.9288786246478854e-20
KWT,MISSILES,part_n_minor,1,-0.18860197522006691
KWT,MISSILES,part_n_minor,2,0.3773901099252343
KWT,MISSILES,part_n_minor,3,-0.46448410872472695
KWT,MISSILES,part_n_minor,4,0.3116782650953412
KWT,MISSILES,part_n_minor,5,0.009735643086335243
LAO,MISSILES,part_n_minor,0,1.206197647666098e-18
LAO,MISSILES,part_n_minor,1,-1.4075775456803875e-18
LBN,MISSILES,part_n_minor,0,0.3064302720596652
LBN,MISSILES,part_n_minor,1,-0.4161003016818709
LBN,MISSILES,part_n_minor,2,0.18288356880496032
LBN,MISSILES,part_n_minor,3,0.12009866441683283
LBN,MISSILES,part_n_minor,4,-0.304662664539452
LBN,MISSILES,part_n_minor,5,0.08527059657050247
LBY,MISSILES,part_n_minor,0,0.0020230488502978824
LBY,MISSILES,part_n_minor,1,0.08941808216743743
LBY,MISSILES,part_n_minor,2,0.1431815948608202
LBY,MISSILES,part_n_minor,3,-0.4628755102878357
LBY,MISSILES,part_n_minor,4,0.4326982071711114
LBY,MISSILES,part_n_minor,5,-0.04957279367894778
LKA,MISSILES,part_n_minor,0,-1.018315507179828e-19
LKA,MISSILES,part_n_minor,1,-1.1057988542587956e-20
LKA,MISSILES,part_n_minor,2,-0.1481799877285835
LKA,MISSILES,part_n_minor,3,0.29638324291473717
LKA,MISSILES,part_n_minor,4,-0.29640801752158974
LKA,MISSILES,part_n_minor,5,0.1974710348561478
LTU,MISSILES,part_n_minor,0,-0.15164980808487558
LTU,MISSILES,part_n_minor,1,0.3232022121879937
LTU,MISSILES,part_n_minor,2,-0.09838015983434303
LTU,MISSILES,part_n_minor,3,0.20182959985977986
LTU,MISSILES,part_n_minor,4,-0.13565059154509737
LTU,MISSILES,part_n_minor,5,-0.29940973722682573
LUX,MISSILES,part_n_minor,0,-0.41086541392986986
LUX,MISSILES,part_n_minor,1,8.26849123269883e-36
LUX,MISSILES,part_n_minor,2,1.1528148156202881e-34
LUX,MISSILES,part_n_minor,3,0.0
LUX,MISSILES,part_n_minor,4,-0.2269380235136643
LUX,MISSILES,part_n_minor,5,0.2269380235136643
LVA,MISSILES,part_n_minor,0,-0.057353047915991814
LVA,MISSILES,part_n_minor,1,-0.0038987934361392005
LVA,MISSILES,part_n_minor,2,0.11577067193932797
LVA,MISSILES,part_n_minor,3,-0.010736851079014514
LVA,MISSILES,part_n_minor,4,-0.15449330215329898
LVA,MISSILES,part_n_minor,5,0.24505611015876547
MAR,MISSILES,part_n_minor,0,0.16626537338753236
MAR,MISSILES,part_n_minor,1,0.03172724213098094
MAR,MISSILES,part_n_minor,2,-0.2526483689210515
MAR,MISSILES,part_n_minor,3,0.36436845891039976
MAR,MISSILES,part_n_minor,4,-0.03306974611909228
MAR,MISSILES,part_n_minor,5,-0.36189998730926204
MDA,MISSILES,part_n_minor,0,-2.9049268842545237e-18
MEX,MISSILES,part_n_minor,0,-5.0327100303699445e-36
MEX,MISSILES,part_n_minor,1,-6.777396243188479e-35
MEX,MISSILES,part_n_minor,2,1.8235721981429546e-35
MEX,MISSILES,part_n_minor,3,0.24985755206876115
MEX,MISSILES,part_n_minor,4,-0.285016220172876
MEX,MISSILES,part_n_minor,5,-5.1464419696217024e-20
MKD,MISSILES,part_n_minor,0,0.511443603673305
MKD,MISSILES,part_n_minor,1,-0.28955879568054305
MKD,MISSILES,part_n_minor,2,-0.18804781414887145
MKD,MISSILES,part_n_minor,3,0.07229714330147373
MKD,MISSILES,part_n_minor,4,0.11575067084739775
MKD,MISSILES,part_n_minor,5,-0.09209051583728231
MLI,MISSILES,part_n_minor,0,-0.07459615057996177
MMR,MISSILES,part_n_minor,0,-0.13949071950334502
MMR,MISSILES,part_n_minor,1,0.07007793425179222
MMR,MISSILES,part_n_minor,2,-0.027413414310717695
MMR,MISSILES,part_n_minor,3,-0.15064556973055213
MMR,MISSILES,part_n_minor,4,0.0889662867334979
MMR,MISSILES,part_n_minor,5,-0.12932709431061823
MNG,MISSILES,part_n_minor,0,0.25795073577521666
MNG,MISSILES,part_n_minor,1,0.2579507357752167
MNG,MISSILES,part_n_minor,2,-0.5159014715504334
MNG,MISSILES,part_n_minor,3,0.5159014715504334
MNG,MISSILES,part_n_minor,4,-0.2579507357752167
MNG,MISSILES,part_n_minor,5,0.0
MRT,MISSILES,part_n_minor,0,-0.30192770151647913
MRT,MISSILES,part_n_minor,1,-0.38146128220828546
MRT,MISSILES,part_n_minor,2,0.008998237250224157
MRT,MISSILES,part_n_minor,3,0.009284342334510556
MRT,MISSILES,part_n_minor,4,0.009589240831665041
MRT,MISSILES,part_n_minor,5,0.009914847582114583
MYS,MISSILES,part_n_minor,0,0.12250522395946595
MYS,MISSILES,part_n_minor,1,0.056368715002562915
MYS,MISSILES,part_n_minor,2,-0.004420851072542032
MYS,MISSILES,part_n_minor,3,-0.16708685175139462
MYS,MISSILES,part_n_minor,4,0.34121148179355604
MYS,MISSILES,part_n_minor,5,-0.1929571804190207
NAM,MISSILES,part_n_minor,0,0.0
NAM,MISSILES,part_n_minor,1,0.0
NAM,MISSILES,part_n_minor,2,0.0
NAM,MISSILES,part_n_minor,3,0.0
NAM,MISSILES,part_n_minor,4,0.0
NAM,MISSILES,part_n_minor,5,0.0
NGA,MISSILES,part_n_minor,0,-0.21273494356190964
NGA,MISSILES,part_n_minor,1,-0.0265057821426602
NGA,MISSILES,part_n_minor,2,0.03974280393191973
NGA,MISSILES,part_n_minor,3,0.13404172992206048
NGA,MISSILES,part_n_minor,4,-0.10288743233656374
NGA,MISSILES,part_n_minor,5,-0.04153792978657487
NIC,MISSILES,part_n_minor,0,-0.41020632707118326
NIC,MISSILES,part_n_minor,1,7.105622376586588e-19
NIC,MISSILES,part_n_minor,2,0.0
NIC,MISSILES,part_n_minor,3,0.0
NIC,MISSILES,part_n_minor,4,0.0
NIC,MISSILES,part_n_minor,5,0.0
NLD,MISSILES,part_n_minor,0,0.28477593652741673
NLD,MISSILES,part_n_minor,1,-0.436620764539934
NLD,MISSILES,part_n_minor,2,0.34468248920637706
NLD,MISSILES,part_n_minor,3,-0.2222256839003086
NLD,MISSILES,part_n_minor,4,0.13085555159547085
NLD,MISSILES,part_n_minor,5,-0.1242670194500867
NOR,MISSILES,part_n_minor,0,-0.15187011888045904
NOR,MISSILES,part_n_minor,1,-0.29311307217287647
NOR,MISSILES,part_n_minor,2,0.3723656157671351
NOR,MISSILES,part_n_minor,3,-0.13541138395328536
NOR,MISSILES,part_n_minor,4,0.09269577329647649
NOR,MISSILES,part_n_minor,5,0.10892587473575817
NZL,MISSILES,part_n_minor,0,-0.16527634718548032
NZL,MISSILES,part_n_minor,1,-0.022292596423787836
NZL,MISSILES,part_n_minor,2,-0.16308663836016138
NZL,MISSILES,part_n_minor,3,0.14206170328271667
NZL,MISSILES,part_n_minor,4,0.25569688685784986
NZL,MISSILES,part_n_minor,5,0.07820490253524104
PAK,MISSILES,part_n_minor,0,0.10060323510110122
PAK,MISSILES,part_n_minor,1,-0.1537367032655271
PAK,MISSILES,part_n_minor,2,0.33212960980317663
PAK,MISSILES,part_n_minor,3,-0.3903542563903454
PAK,MISSILES,part_n_minor,4,0.06773290830372361
PAK,MISSILES,part_n_minor,5,0.16407106466278465
PER,MISSILES,part_n_minor,0,0.130159581401358
PER,MISSILES,part_n_minor,1,0.17237164668068747
PER,MISSILES,part_n_minor,2,-0.255672947674709
PER,MISSILES,part_n_minor,3,0.015476716756803241
PER,MISSILES,part_n_minor,4,-0.18263606295682108
PER,MISSILES,part_n_minor,5,0.2587493217100189
PHL,MISSILES,part_n_minor,0,-0.0020383615682848773
PHL,MISSILES,part_n_minor,1,-0.030453499280213358
PHL,MISSILES,part_n_minor,2,-0.0785496664935167
PHL,MISSILES,part_n_minor,3,0.13229064325999798
PHL,MISSILES,part_n_minor,4,-0.2565777006249426
PHL,MISSILES,part_n_minor,5,0.20847725703779854
POL,MISSILES,part_n_minor,0,0.033056630934160905
POL,MISSILES,part_n_minor,1,0.27222018958577654
POL,MISSILES,part_n_minor,2,0.05220676782726339
POL,MISSILES,part_n_minor,3,-0.08512111217844764
POL,MISSILES,part_n_minor,4,0.22017962807734573
POL,MISSILES,part_n_minor,5,-0.09981569775565938
PRT,MISSILES,part_n_minor,0,0.1418753161659105
PRT,MISSILES,part_n_minor,1,-0.49755498692611333
PRT,MISSILES,part_n_minor,2,0.17864128525882422
PRT,MISSILES,part_n_minor,3,-0.12402131764271362
PRT,MISSILES,part_n_minor,4,0.012716902105065266
PRT,MISSILES,part_n_minor,5,0.16349384282959065
ROU,MISSILES,part_n_minor,0,0.141170360693092
ROU,MISSILES,part_n_minor,1,0.17279160311922107
ROU,MISSILES,part_n_minor,2,-0.3361393373359093
ROU,MISSILES,part_n_minor,3,0.3096020032551372
ROU,MISSILES,part_n_minor,4,-0.28474803690632017
ROU,MISSILES,part_n_minor,5,0.056539229029361114
RUS,MISSILES,part_n_minor,0,-0.13372862860745635
RUS,MISSILES,part_n_minor,1,0.30624831133914626
RUS,MISSILES,part_n_minor,2,-0.23959144137696606
RUS,MISSILES,part_n_minor,3,0.25086241619523264
RUS,MISSILES,part_n_minor,4,-0.2907991164934736
RUS,MISSILES,part_n_minor,5,0.14446966218034762
RWA,MISSILES,part_n_minor,0,0.07762152198163644
RWA,MISSILES,part_n_minor,1,-0.07661149412756225
RWA,MISSILES,part_n_minor,2,0.28170599942174374
RWA,MISSILES,part_n_minor,3,-0.012551327510687781
RWA,MISSILES,part_n_minor,4,-0.18073818712802922
RWA,MISSILES,part_n_minor,5,0.1315709068936363
SAU,MISSILES,part_n_minor,0,-0.045276319879740394
SAU,MISSILES,part_n_minor,1,0.232273002204195
SAU,MISSILES,part_n_minor,2,0.06576726069149785
SAU,MISSILES,part_n_minor,3,-0.012063962420594555
SAU,MISSILES,part_n_minor,4,-0.3219556211324864
SAU,MISSILES,part_n_minor,5,-0.09650267392972016
SDN,MISSILES,part_n_minor,0,0.17416379541432012
SDN,MISSILES,part_n_minor,1,-0.1798600000310303
SDN,MISSILES,part_n_minor,2,0.043992888269807975
SDN,MISSILES,part_n_minor,3,-0.042825092484241496
SDN,MISSILES,part_n_minor,4,-0.0011368168164164311
SDN,MISSILES,part_n_minor,5,0.11688325260641655
SEN,MISSILES,part_n_minor,0,0.20073890302600955
SEN,MISSILES,part_n_minor,1,-0.2899877506597766
SGP,MISSILES,part_n_minor,0,0.07667530693310144
SGP,MISSILES,part_n_minor,1,-0.0646477165211477
SGP,MISSILES,part_n_minor,2,0.12686289917055277
SGP,MISSILES,part_n_minor,3,-0.05170770082515516
SGP,MISSILES,part_n_minor,4,0.14725005327974594
SGP,MISSILES,part_n_minor,5,-0.5809124340205275
SRB,MISSILES,part_n_minor,0,-0.018444945639069996
SRB,MISSILES,part_n_minor,1,0.2543577100764544
SRB,MISSILES,part_n_minor,2,0.11129474809822029
SRB,MISSILES,part_n_minor,3,0.10210137924528688
SRB,MISSILES,part_n_minor,4,-0.08621639980066292
SRB,MISSILES,part_n_minor,5,0.06515000296365359
SSD,MISSILES,part_n_minor,0,-0.18283495164356792
SSD,MISSILES,part_n_minor,1,-5.1023443140985106e-36
SSD,MISSILES,part_n_minor,2,2.424106971342517e-34
SSD,MISSILES,part_n_minor,3,0.0
SSD,MISSILES,part_n_minor,4,4.0249577001128205e-35
SSD,MISSILES,part_n_minor,5,3.8821691736803124e-36
SVK,MISSILES,part_n_minor,0,0.0474321251015397
SVK,MISSILES,part_n_minor,1,0.09634711453909235
SVK,MISSILES,part_n_minor,2,-0.1549566239216821
SVK,MISSILES,part_n_minor,3,-0.03932053191183016
SVK,MISSILES,part_n_minor,4,0.24963785281458015
SVK,MISSILES,part_n_minor,5,-0.2284817638244008
SVN,MISSILES,part_n_minor,0,0.0
SVN,MISSILES,part_n_minor,1,0.16358827767035558
SVN,MISSILES,part_n_minor,2,-0.25557763575353537
SVN,MISSILES,part_n_minor,3,0.1690467422339811
SVN,MISSILES,part_n_minor,4,0.010680998184687545
SVN,MISSILES,part_n_minor,5,-0.09520436930167808
SWE,MISSILES,part_n_minor,0,-0.03942916773480319
SWE,MISSILES,part_n_minor,1,-0.010440136687314805
SWE,MISSILES,part_n_minor,2,-0.07683683988778371
SWE,MISSILES,part_n_minor,3,-0.2040866112711993
SWE,MISSILES,part_n_minor,4,0.04318539445932664
SWE,MISSILES,part_n_minor,5,0.0024865327192241243
SYR,MISSILES,part_n_minor,0,-0.022425148911195594
SYR,MISSILES,part_n_minor,1,0.3174486846748196
SYR,MISSILES,part_n_minor,2,-0.22336445818727454
SYR,MISSILES,part_n_minor,3,0.29443101068196453
SYR,MISSILES,part_n_minor,4,-0.20729231169945977
SYR,MISSILES,part_n_minor,5,0.2318458069251069
TCD,MISSILES,part_n_minor,0,-0.4179939709859648
TCD,MISSILES,part_n_minor,1,0.2820387500228966
TCD,MISSILES,part_n_minor,2,-0.03830189142706015
TCD,MISSILES,part_n_minor,3,-0.06511844820715885
TCD,MISSILES,part_n_minor,4,0.22220767491937138
TCD,MISSILES,part_n_minor,5,-0.2198290939624527
THA,MISSILES,part_n_minor,0,-0.04866339597645657
THA,MISSILES,part_n_minor,1,-0.12541017400863957
THA,MISSILES,part_n_minor,2,0.10817420336002885
THA,MISSILES,part_n_minor,3,0.2432592341899704
THA,MISSILES,part_n_minor,4,-0.24666598327225192
THA,MISSILES,part_n_minor,5,-0.0561182801838841
TJK,MISSILES,part_n_minor,0,-0.21914188571073795
TJK,MISSILES,part_n_minor,1,0.3000206354728155
TJK,MISSILES,part_n_minor,2,0.05738438618658277
TJK,MISSILES,part_n_minor,3,-0.4686317515790075
TJK,MISSILES,part_n_minor,4,0.4400930652231068
TJK,MISSILES,part_n_minor,5,0.1247005310066889
TKM,MISSILES,part_n_minor,0,-3.1297126259139872e-18
TKM,MISSILES,part_n_minor,1,-2.6155775670479353e-18
TKM,MISSILES,part_n_minor,2,-0.5292045990691076
TKM,MISSILES,part_n_minor,3,0.6045031707506477
TKM,MISSILES,part_n_minor,4,-9.661337393310681e-19
TKM,MISSILES,part_n_minor,5,4.788295035030347e-18
TUN,MISSILES,part_n_minor,0,0.04410308962940637
TUN,MISSILES,part_n_minor,1,0.04410589574462122
TUN,MISSILES,part_n_minor,2,-0.0882177450256164
TUN,MISSILES,part_n_minor,3,0.0441120359895014
TUN,MISSILES,part_n_minor,4,0.10099005232898256
TUN,MISSILES,part_n_minor,5,-0.2019965583439661
TUR,MISSILES,part_n_minor,0,0.049100403918163435
TUR,MISSILES,part_n_minor,1,-0.2894714081193744
TUR,MISSILES,part_n_minor,2,0.3104833957346017
TUR,MISSILES,part_n_minor,3,-0.2500636700365146
TUR,MISSILES,part_n_minor,4,0.33807512986030475
TUR,MISSILES,part_n_minor,5,-0.10928353503377018
TZA,MISSILES,part_n_minor,0,0.19425618177454268
TZA,MISSILES,part_n_minor,1,0.2979276871920794
TZA,MISSILES,part_n_minor,2,-0.08032616229108289
TZA,MISSILES,part_n_minor,3,-0.5229006170464198
TZA,MISSILES,part_n_minor,4,0.3856241672730249
TZA,MISSILES,part_n_minor,5,0.030553629169909682
UGA,MISSILES,part_n_minor,0,0.20988296943816498
UGA,MISSILES,part_n_minor,1,0.028450731283939695
UGA,MISSILES,part_n_minor,2,-0.043445396587499796
UGA,MISSILES,part_n_minor,3,0.19955760609103645
UGA,MISSILES,part_n_minor,4,0.04887663823952617
UGA,MISSILES,part_n_minor,5,0.10569435410926534
UKR,MISSILES,part_n_minor,0,0.030301243633270407
UKR,MISSILES,part_n_minor,1,-0.553471341164999
UKR,MISSILES,part_n_minor,2,0.027286256619110695
UKR,MISSILES,part_n_minor,3,-0.4601375893496999
UKR,MISSILES,part_n_minor,4,0.5470829542413506
UKR,MISSILES,part_n_minor,5,-0.5115051494524679
USA,MISSILES,part_n_minor,0,-0.04052978329950688
USA,MISSILES,part_n_minor,1,0.28647855857435006
USA,MISSILES,part_n_minor,2,0.045257116950995505
USA,MISSILES,part_n_minor,3,0.05977198499715747
USA,MISSILES,part_n_minor,4,-0.31354142757899967
USA,MISSILES,part_n_minor,5,-0.013631777258511777
UZB,MISSILES,part_n_minor,0,-4.700785695723742e-20
UZB,MISSILES,part_n_minor,1,0.0
UZB,MISSILES,part_n_minor,2,0.0
UZB,MISSILES,part_n_minor,3,5.58797612903673e-19
UZB,MISSILES,part_n_minor,4,0.0
UZB,MISSILES,part_n_minor,5,9.234750641357369e-19
VEN,MISSILES,part_n_minor,0,-0.02712252061807033
VEN,MISSILES,part_n_minor,1,0.009560751857993781
VEN,MISSILES,part_n_minor,2,0.16410241471406745
VEN,MISSILES,part_n_minor,3,-0.22551580945932143
VNM,MISSILES,part_n_minor,0,-0.012513149776947086
VNM,MISSILES,part_n_minor,1,-0.09333959259893862
VNM,MISSILES,part_n_minor,2,0.08662293645402991
VNM,MISSILES,part_n_minor,3,-0.21851353534207457
VNM,MISSILES,part_n_minor,4,0.30980363597847654
VNM,MISSILES,part_n_minor,5,-0.07195485015074377
YEM,MISSILES,part_n_minor,0,7.471536275333074e-20
YEM,MISSILES,part_n_minor,1,3.232982891991734e-19
YEM,MISSILES,part_n_minor,2,-3.9441804182747208e-19
YEM,MISSILES,part_n_minor,3,-0.10683140271453402
YEM,MISSILES,part_n_minor,4,3.456471734545459e-19
YEM,MISSILES,part_n_minor,5,0.1343540874765432
ZAF,MISSILES,part_n_minor,0,-0.27990409345005757
ZAF,MISSILES,part_n_minor,1,-0.006174705309228999
ZAF,MISSILES,part_n_minor,2,0.15133652126403238
ZAF,MISSILES,part_n_minor,3,-0.1476064158851052
ZAF,MISSILES,part_n_minor,4,-0.218688337946627
ZAF,MISSILES,part_n_minor,5,0.16749293759424042
ZMB,MISSILES,part_n_minor,0,-0.43061426920916146
ZMB,MISSILES,part_n_minor,1,0.43068138424292063
ZMB,MISSILES,part_n_minor,2,-0.20028855351866182
ZMB,MISSILES,part_n_minor,3,-0.23050455272567597
ZMB,MISSILES,part_n_minor,4,0.6312701909416291
ZMB,MISSILES,part_n_minor,5,-0.041333832008384044
AFG,MISSILES,part_n_war,0,0.016651704028490224
AFG,MISSILES,part_n_war,1,-0.0012455792916609544
AFG,MISSILES,part_n_war,2,0.040714992984160495
AFG,MISSILES,part_n_war,3,-0.038519957647732646
AFG,MISSILES,part_n_war,4,-0.03897154537497889
AFG,MISSILES,part_n_war,5,-0.07372479529632986
AGO,MISSILES,part_n_war,0,0.15134707211696327
AGO,MISSILES,part_n_war,1,-0.17960261200793043
AGO,MISSILES,part_n_war,2,0.021856504288639673
AGO,MISSILES,part_n_war,3,-0.004902296142579195
AGO,MISSILES,part_n_war,4,0.178857025529838
AGO,MISSILES,part_n_war,5,-0.02955471916326331
ALB,MISSILES,part_n_war,0,0.0
ALB,MISSILES,part_n_war,1,0.0
ALB,MISSILES,part_n_war,2,0.0
ALB,MISSILES,part_n_war,3,0.0
ALB,MISSILES,part_n_war,4,0.0
ALB,MISSILES,part_n_war,5,0.0
ARE,MISSILES,part_n_war,0,0.2534874083850075
ARE,MISSILES,part_n_war,1,-0.12752493405222298
ARE,MISSILES,part_n_war,2,-0.10899602779784141
ARE,MISSILES,part_n_war,3,0.1398706720888656
ARE,MISSILES,part_n_war,4,0.13116362462501024
ARE,MISSILES,part_n_war,5,-0.05302683049635888
ARG,MISSILES,part_n_war,0,-0.17965836548372863
ARG,MISSILES,part_n_war,1,0.19267595231724866
ARG,MISSILES,part_n_war,2,0.003607698629271897
ARM,MISSILES,part_n_war,0,-0.3393457794204029
ARM,MISSILES,part_n_war,1,0.4043707997580181
ARM,MISSILES,part_n_war,2,-0.27931716002337315
ARM,MISSILES,part_n_war,3,0.020765845763766944
ARM,MISSILES,part_n_war,4,0.32692626574701505
ARM,MISSILES,part_n_war,5,-0.16585489349954624
AUS,MISSILES,part_n_war,0,-0.30375315806213476
AUS,MISSILES,part_n_war,1,-0.013512014303992273
AUS,MISSILES,part_n_war,2,0.2970995969018842
AUS,MISSILES,part_n_war,3,-0.2408210379169205
AUS,MISSILES,part_n_war,4,0.22941544010654924
AUS,MISSILES,part_n_war,5,-0.05500701880988005
AUT,MISSILES,part_n_war,0,-1.8539365467474702e-19
AUT,MISSILES,part_n_war,1,0.18168110577111415
AUT,MISSILES,part_n_war,2,-0.36337243385940704
AUT,MISSILES,part_n_war,3,0.1816916480083862
AUT,MISSILES,part_n_war,4,-0.2588877218008451
AUT,MISSILES,part_n_war,5,1.0764205318151665e-19
AZE,MISSILES,part_n_war,0,0.10068643494984258
AZE,MISSILES,part_n_war,1,-0.013725582862387372
AZE,MISSILES,part_n_war,2,0.01889643907239009
AZE,MISSILES,part_n_war,3,0.02381726757394605
AZE,MISSILES,part_n_war,4,-0.04425925806028903
AZE,MISSILES,part_n_war,5,-0.11831204207797498
BDI,MISSILES,part_n_war,0,0.015385708330766048
BDI,MISSILES,part_n_war,1,0.015847110086311733
BDI,MISSILES,part_n_war,2,0.01633704330782038
BDI,MISSILES,part_n_war,3,0.01685823905668876
BDI,MISSILES,part_n_war,4,0.017413788470421573
BDI,MISSILES,part_n_war,5,0.018007204133092702
BEL,MISSILES,part_n_war,0,0.24504311452643218
BEL,MISSILES,part_n_war,1,-0.13863768169649718
BEL,MISSILES,part_n_war,2,0.09641718246538872
BEL,MISSILES,part_n_war,3,-0.2290934563265719
BEL,MISSILES,part_n_war,4,-0.03310052339505373
BEL,MISSILES,part_n_war,5,0.12583592005409314
BFA,MISSILES,part_n_war,0,-0.004015377155557931
BFA,MISSILES,part_n_war,1,3.4940158260388064e-19
BFA,MISSILES,part_n_war,2,9.594970442938612e-19
BFA,MISSILES,part_n_war,3,-1.7230768958590832e-19
BFA,MISSILES,part_n_war,4,-1.2572892565158583e-18
BFA,MISSILES,part_n_war,5,-5.886464309810329e-19
BGD,MISSILES,part_n_war,0,0.0034095705259364886
BGD,MISSILES,part_n_war,1,-0.06292749612491719
BGD,MISSILES,part_n_war,2,-0.09053619901889194
BGD,MISSILES,part_n_war,3,0.3816526069088309
BGD,MISSILES,part_n_war,4,-0.2287645918541619
BGD,MISSILES,part_n_war,5,-0.26915252346733426
BGR,MISSILES,part_n_war,0,-1.996172817046251e-18
BGR,MISSILES,part_n_war,1,-2.5524320260545436e-18
BGR,MISSILES,part_n_war,2,1.0734378903208008e-18
BGR,MISSILES,part_n_war,3,5.37967896817127e-19
BGR,MISSILES,part_n_war,4,-1.7310546238397791e-18
BGR,MISSILES,part_n_war,5,1.3898514000215723e-18
BHR,MISSILES,part_n_war,0,-0.21867404736586854
BHR,MISSILES,part_n_war,1,0.049766296672410816
BHR,MISSILES,part_n_war,2,0.05068472291565288
BHR,MISSILES,part_n_war,3,-0.21841133641944876
BHR,MISSILES,part_n_war,4,0.13765038062921825
BHR,MISSILES,part_n_war,5,-6.564294377233371e-05
BIH,MISSILES,part_n_war,0,0.382223854455663
BIH,MISSILES,part_n_war,1,0.32670799750791535
BIH,MISSILES,part_n_war,2,-0.19111192722783152
BIH,MISSILES,part_n_war,3,-0.3699589118180412
BIH,MISSILES,part_n_war,4,1.8987219416328416e-18
BIH,MISSILES,part_n_war,5,1.4745059858411473e-18
CAN,MISSILES,part_n_war,0,0.09735719045465044
CAN,MISSILES,part_n_war,1,0.0016522691840176657
CAN,MISSILES,part_n_war,2,-0.1347314472190299
CAN,MISSILES,part_n_war,3,-0.1350350895479227
CAN,MISSILES,part_n_war,4,-0.027248965876043012
CAN,MISSILES,part_n_war,5,0.08876501831781325
CHE,MISSILES,part_n_war,0,0.36147719879987417
CHE,MISSILES,part_n_war,1,-0.1398165245561893
CHE,MISSILES,part_n_war,2,0.05782528404143431
CHE,MISSILES,part_n_war,3,0.12521232307796482
CHE,MISSILES,part_n_war,4,-0.06965305293053192
CHE,MISSILES,part_n_war,5,-0.3693446275191038
CHN,MISSILES,part_n_war,0,8.36618021027074e-19
CHN,MISSILES,part_n_war,1,5.763867922716727e-19
CHN,MISSILES,part_n_war,2,-0.6104021719623032
CHN,MISSILES,part_n_war,3,0.6081391001592517
CHN,MISSILES,part_n_war,4,0.22548073578852673
CHN,MISSILES,part_n_war,5,-0.3310546762700922
CIV,MISSILES,part_n_war,0,0.0
CIV,MISSILES,part_n_war,1,0.0
CIV,MISSILES,part_n_war,2,0.0
CIV,MISSILES,part_n_war,3,0.0
CIV,MISSILES,part_n_war,4,0.0
CIV,MISSILES,part_n_war,5,0.0
CMR,MISSILES,part_n_war,0,-0.2794030377799905
CMR,MISSILES,part_n_war,1,0.33013916815920763
CMR,MISSILES,part_n_war,2,9.353282812559837e-19
CMR,MISSILES,part_n_war,3,0.05072798879284097
CMR,MISSILES,part_n_war,4,0.22873137337353663
CMR,MISSILES,part_n_war,5,-0.6096932665408372
COD,MISSILES,part_n_war,0,-0.16849213332535815
COD,MISSILES,part_n_war,1,0.2149183745473805
COD,MISSILES,part_n_war,2,0.0
COD,MISSILES,part_n_war,3,-0.13176510714915277
COD,MISSILES,part_n_war,4,0.48878415277591647
COD,MISSILES,part_n_war,5,-0.3570190456267636
COG,MISSILES,part_n_war,0,-1.0615782066243483e-18
COG,MISSILES,part_n_war,1,4.938304648407543e-19
COG,MISSILES,part_n_war,2,-2.2426722316666015e-18
COG,MISSILES,part_n_war,3,-1.9912943636310705e-18
COG,MISSILES,part_n_war,4,-2.1496262907019043e-18
COG,MISSILES,part_n_war,5,-2.6233508751921613e-19
COL,MISSILES,part_n_war,0,0.08619250736555875
COL,MISSILES,part_n_war,1,-0.021335459383095893
COL,MISSILES,part_n_war,2,-0.09509006233001939
COL,MISSILES,part_n_war,3,0.08404317182189294
COL,MISSILES,part_n_war,4,-0.1776131467076757
COL,MISSILES,part_n_war,5,-0.016474964655306967
CUB,MISSILES,part_n_war,0,-0.28969233344349304
CZE,MISSILES,part_n_war,0,-0.24331259081774645
CZE,MISSILES,part_n_war,1,0.26099865665146693
CZE,MISSILES,part_n_war,2,0.14421008111727257
CZE,MISSILES,part_n_war,3,-0.19786618340961812
CZE,MISSILES,part_n_war,4,0.07056297430763575
CZE,MISSILES,part_n_war,5,-0.17772353937320276
DEU,MISSILES,part_n_war,0,-0.060416621799217946
DEU,MISSILES,part_n_war,1,0.25435466808028057
DEU,MISSILES,part_n_war,2,-0.10115569221843672
DEU,MISSILES,part_n_war,3,-0.016145151112231255
DEU,MISSILES,part_n_war,4,-0.05251336816565331
DEU,MISSILES,part_n_war,5,-0.12765849918389444
DJI,MISSILES,part_n_war,0,-2.1472821675688163e-19
DJI,MISSILES,part_n_war,1,6.542620434882431e-19
DJI,MISSILES,part_n_war,2,3.6569719298105433e-19
DJI,MISSILES,part_n_war,3,3.32538290206625e-19
DJI,MISSILES,part_n_war,4,-1.1646636746097245e-18
DJI,MISSILES,part_n_war,5,-0.019683666479473907
DNK,MISSILES,part_n_war,0,0.26113238563465724
DNK,MISSILES,part_n_war,1,-0.16999661546812342
DNK,MISSILES,part_n_war,2,0.08939280087600719
DNK,MISSILES,part_n_war,3,0.05694432979051024
DNK,MISSILES,part_n_war,4,-0.14299160922032045
DNK,MISSILES,part_n_war,5,-0.07046241846638075
DZA,MISSILES,part_n_war,0,-0.25297417136741024
DZA,MISSILES,part_n_war,1,3.796308770865874e-19
DZA,MISSILES,part_n_war,2,-0.005400500091917111
DZA,MISSILES,part_n_war,3,-1.7520565695970505e-20
DZA,MISSILES,part_n_war,4,0.005819039407629049
DZA,MISSILES,part_n_war,5,-1.9271428718420692e-18
EGY,MISSILES,part_n_war,0,0.0012047516955791448
EGY,MISSILES,part_n_war,1,0.024626437706332122
EGY,MISSILES,part_n_war,2,-0.15998449232813997
EGY,MISSILES,part_n_war,3,-0.12672712754848506
EGY,MISSILES,part_n_war,4,-0.20160050455304349
EGY,MISSILES,part_n_war,5,0.4560798507908008
ERI,MISSILES,part_n_war,0,0.15779213233753883
ERI,MISSILES,part_n_war,1,0.17301052568915853
ERI,MISSILES,part_n_war,2,-0.11349891990583912
ERI,MISSILES,part_n_war,3,-0.05951160578331944
ERI,MISSILES,part_n_war,4,0.0
ERI,MISSILES,part_n_war,5,0.09828052655421937
ESP,MISSILES,part_n_war,0,0.09105837857994957
ESP,MISSILES,part_n_war,1,-0.3184875093906687
ESP,MISSILES,part_n_war,2,0.1062819508535198
ESP,MISSILES,part_n_war,3,-0.018560195067154273
ESP,MISSILES,part_n_war,4,-0.052981362811430247
ESP,MISSILES,part_n_war,5,0.09961701471949422
EST,MISSILES,part_n_war,0,-0.31774835651733907
EST,MISSILES,part_n_war,1,-0.019412982896816245
EST,MISSILES,part_n_war,2,0.18566339434285956
EST,MISSILES,part_n_war,3,-0.217529305349151
EST,MISSILES,part_n_war,4,0.1596916931939875
EST,MISSILES,part_n_war,5,0.1335652262673253
ETH,MISSILES,part_n_war,0,-0.08351830203066446
ETH,MISSILES,part_n_war,1,0.098885675721611
ETH,MISSILES,part_n_war,2,0.11552659499417499
ETH,MISSILES,part_n_war,3,-0.1394898648345053
ETH,MISSILES,part_n_war,4,-0.009546855304501329
ETH,MISSILES,part_n_war,5,-0.013462786514151073
FIN,MISSILES,part_n_war,0,-0.14081759215361883
FIN,MISSILES,part_n_war,1,-0.18108902129269475
FIN,MISSILES,part_n_war,2,0.15335037522794484
FIN,MISSILES,part_n_war,3,-0.013155539282313142
FIN,MISSILES,part_n_war,4,0.05971948648644925
FIN,MISSILES,part_n_war,5,-0.22189626798549575
FRA,MISSILES,part_n_war,0,0.08057001254911804
FRA,MISSILES,part_n_war,1,0.27169407495165415
FRA,MISSILES,part_n_war,2,-0.3690028878777005
FRA,MISSILES,part_n_war,3,-0.07544779808993898
FRA,MISSILES,part_n_war,4,0.1991285386781943
FRA,MISSILES,part_n_war,5,-0.048790807092738045
GBR,MISSILES,part_n_war,0,-0.00453859302531682
GBR,MISSILES,part_n_war,1,0.21622789105278872
GBR,MISSILES,part_n_war,2,-0.38213275601493035
GBR,MISSILES,part_n_war,3,0.35623066595601455
GBR,MISSILES,part_n_war,4,-0.19697772093949314
GBR,MISSILES,part_n_war,5,0.030798635301111574
GEO,MISSILES,part_n_war,0,0.16317071373724512
GEO,MISSILES,part_n_war,1,-0.004806735331299516
GEO,MISSILES,part_n_war,2,0.10835113565187095
GEO,MISSILES,part_n_war,3,-0.12265628747217362
GEO,MISSILES,part_n_war,4,-0.09806886805823237
GEO,MISSILES,part_n_war,5,0.1559199996984274
GHA,MISSILES,part_n_war,0,-2.2276826302375947e-19
GHA,MISSILES,part_n_war,1,5.120148422239813e-19
GHA,MISSILES,part_n_war,2,6.671442066921358e-20
GHA,MISSILES,part_n_war,3,3.8308331739349594e-19
GHA,MISSILES,part_n_war,4,6.583594777084172e-19
GHA,MISSILES,part_n_war,5,-0.17400000610596528
GIN,MISSILES,part_n_war,0,-0.28867513459481287
GIN,MISSILES,part_n_war,1,0.0
GIN,MISSILES,part_n_war,2,0.0
GIN,MISSILES,part_n_war,3,0.0
GIN,MISSILES,part_n_war,4,0.0
GIN,MISSILES,part_n_war,5,0.0
GRC,MISSILES,part_n_war,0,-0.10124402411712928
GRC,MISSILES,part_n_war,1,-0.0266371815846356
GRC,MISSILES,part_n_war,2,-0.06431924388515613
GRC,MISSILES,part_n_war,3,-0.062050423778048557
GRC,MISSILES,part_n_war,4,0.09846961625686963
GRC,MISSILES,part_n_war,5,0.17128975586660322
HRV,MISSILES,part_n_war,0,-0.3598672180525282
HRV,MISSILES,part_n_war,1,0.3676596161044201
HRV,MISSILES,part_n_war,2,-0.20913479605417915
HRV,MISSILES,part_n_war,3,-6.411614577451646e-19
HRV,MISSILES,part_n_war,4,-3.0053088799501577e-19
HRV,MISSILES,part_n_war,5,0.0
HUN,MISSILES,part_n_war,0,0.19824365046445386
HUN,MISSILES,part_n_war,1,-0.033899692722259935
HUN,MISSILES,part_n_war,2,0.11529377388789434
HUN,MISSILES,part_n_war,3,0.06789758074176144
HUN,MISSILES,part_n_war,4,0.008730305953565023
HUN,MISSILES,part_n_war,5,-0.29368020349373475
IDN,MISSILES,part_n_war,0,-0.19441335806746568
IDN,MISSILES,part_n_war,1,0.1646517837565108
IDN,MISSILES,part_n_war,2,0.15239718518396678
IDN,MISSILES,part_n_war,3,-0.08284029276678073
IDN,MISSILES,part_n_war,4,-0.04208505409206874
IDN,MISSILES,part_n_war,5,0.059580927056409015
IND,MISSILES,part_n_war,0,0.02451724956225005
IND,MISSILES,part_n_war,1,0.20959955871923067
IND,MISSILES,part_n_war,2,0.26380198309938563
IND,MISSILES,part_n_war,3,0.19960373134505208
IND,MISSILES,part_n_war,4,-0.22934388241557002
IND,MISSILES,part_n_war,5,0.0948513288403162
IRL,MISSILES,part_n_war,0,-0.047223731814083084
IRL,MISSILES,part_n_war,1,-0.05400653480166581
IRL,MISSILES,part_n_war,2,0.0919704606655228
IRL,MISSILES,part_n_war,3,-0.24980186937237772
IRL,MISSILES,part_n_war,4,0.16750375663012193
IRL,MISSILES,part_n_war,5,-0.004971436100385704
IRN,MISSILES,part_n_war,0,0.07947971774073169
IRN,MISSILES,part_n_war,1,-0.04136213698323783
IRN,MISSILES,part_n_war,2,0.0798279931760862
IRN,MISSILES,part_n_war,3,-0.27084514265089404
IRN,MISSILES,part_n_war,4,0.46351159459225777
IRN,MISSILES,part_n_war,5,-0.48908493369730416
IRQ,MISSILES,part_n_war,0,0.022834474522105786
IRQ,MISSILES,part_n_war,1,0.25282541990635127
IRQ,MISSILES,part_n_war,2,0.1828224295557451
IRQ,MISSILES,part_n_war,3,-0.06093957500718657
IRQ,MISSILES,part_n_war,4,-0.07076128201885393
IRQ,MISSILES,part_n_war,5,-0.0157499983267807
ISR,MISSILES,part_n_war,0,0.01610911415306138
ISR,MISSILES,part_n_war,1,0.16183031182995786
ISR,MISSILES,part_n_war,2,-0.24967073273174767
ISR,MISSILES,part_n_war,3,0.08441061098385688
ISR,MISSILES,part_n_war,4,0.07747271627137493
ISR,MISSILES,part_n_war,5,-0.2723714490259812
ITA,MISSILES,part_n_war,0,-0.09583533730458854
ITA,MISSILES,part_n_war,1,0.0346892894136868
ITA,MISSILES,part_n_war,2,0.020531364214943122
ITA,MISSILES,part_n_war,3,0.06915168580546019
ITA,MISSILES,part_n_war,4,-0.08439383550391147
ITA,MISSILES,part_n_war,5,-0.06515331698342665
JOR,MISSILES,part_n_war,0,0.17604177409014857
JOR,MISSILES,part_n_war,1,-0.028159709451934467
JOR,MISSILES,part_n_war,2,0.019459367788463744
JOR,MISSILES,part_n_war,3,0.07696048593596591
JOR,MISSILES,part_n_war,4,-0.1870589953358932
JOR,MISSILES,part_n_war,5,0.06607053110364146
KAZ,MISSILES,part_n_war,0,-0.035128409637816785
KAZ,MISSILES,part_n_war,1,0.012559832714592075
KAZ,MISSILES,part_n_war,2,-0.03336671051926664
KAZ,MISSILES,part_n_war,3,-0.30875687208724184
KAZ,MISSILES,part_n_war,4,0.3545058287437436
KAZ,MISSILES,part_n_war,5,-0.058736237244898744
KHM,MISSILES,part_n_war,0,-0.6708683497657616
KHM,MISSILES,part_n_war,1,0.717864707470692
KHM,MISSILES,part_n_war,2,-0.44758966207306666
KHM,MISSILES,part_n_war,3,-1.1301408985968894e-19
KHM,MISSILES,part_n_war,4,-2.5458943140664427e-19
KHM,MISSILES,part_n_war,5,5.076905100476109e-19
KOR,MISSILES,part_n_war,0,0.01613778071123522
KOR,MISSILES,part_n_war,1,-0.046327205539744704
KOR,MISSILES,part_n_war,2,0.12402103921438916
KOR,MISSILES,part_n_war,3,-0.11803477729947381
KOR,MISSILES,part_n_war,4,0.13332725133253082
KOR,MISSILES,part_n_war,5,-0.10450475789379841
KWT,MISSILES,part_n_war,0,0.016805637873738635
KWT,MISSILES,part_n_war,1,0.21705221506846603
KWT,MISSILES,part_n_war,2,0.02089247387989016
KWT,MISSILES,part_n_war,3,-0.18074021452728878
KWT,MISSILES,part_n_war,4,-0.05746459765418186
KWT,MISSILES,part_n_war,5,0.16231120046390174
LBY,MISSILES,part_n_war,0,-0.0755286056675787
LBY,MISSILES,part_n_war,1,0.19171242051594525
LBY,MISSILES,part_n_war,2,-0.3496462949452163
LBY,MISSILES,part_n_war,3,0.47493420826739824
LBY,MISSILES,part_n_war,4,-0.240797278341233
LBY,MISSILES,part_n_war,5,-0.14670491889283976
LKA,MISSILES,part_n_war,0,-1.1795678072273924e-34
LKA,MISSILES,part_n_war,1,0.37339280663390934
LKA,MISSILES,part_n_war,2,-0.3734166800910888
LKA,MISSILES,part_n_war,3,-2.466994679032357e-19
LKA,MISSILES,part_n_war,4,-2.240319764978467e-20
LKA,MISSILES,part_n_war,5,-0.23547610582620646
LTU,MISSILES,part_n_war,0,0.2710244177610874
LTU,MISSILES,part_n_war,1,-0.07055313866328786
LTU,MISSILES,part_n_war,2,0.3167797368264635
LTU,MISSILES,part_n_war,3,-0.2740997338019658
LTU,MISSILES,part_n_war,4,0.06646177684791836
LTU,MISSILES,part_n_war,5,-0.02972998124209194
LUX,MISSILES,part_n_war,0,-1.393889083193143e-20
LUX,MISSILES,part_n_war,1,0.0
LUX,MISSILES,part_n_war,2,-0.28867513459481287
LUX,MISSILES,part_n_war,3,0.28867513459481287
LUX,MISSILES,part_n_war,4,0.0
LUX,MISSILES,part_n_war,5,0.0
LVA,MISSILES,part_n_war,0,-0.03459373456050482
LVA,MISSILES,part_n_war,1,0.07323603678975052
LVA,MISSILES,part_n_war,2,-0.09817468030193956
LVA,MISSILES,part_n_war,3,0.06407524758856836
LVA,MISSILES,part_n_war,4,-0.10996520817535045
LVA,MISSILES,part_n_war,5,-0.07097826007471893
MAR,MISSILES,part_n_war,0,0.22707595814309114
MAR,MISSILES,part_n_war,1,-0.027109531115723017
MAR,MISSILES,part_n_war,2,-0.2341517290492287
MAR,MISSILES,part_n_war,3,0.01325939242736698
MAR,MISSILES,part_n_war,4,0.255047618896016
MAR,MISSILES,part_n_war,5,0.1477609092251218
MDA,MISSILES,part_n_war,0,3.084741662055592e-20
MEX,MISSILES,part_n_war,0,0.0
MEX,MISSILES,part_n_war,1,-0.33485989927148635
MEX,MISSILES,part_n_war,2,0.6697197985429727
MEX,MISSILES,part_n_war,3,-0.3348598992714864
MEX,MISSILES,part_n_war,4,-1.1459383120583555e-18
MEX,MISSILES,part_n_war,5,0.0
MKD,MISSILES,part_n_war,0,0.0
MKD,MISSILES,part_n_war,1,0.0
MKD,MISSILES,part_n_war,2,-0.5215208253775014
MKD,MISSILES,part_n_war,3,0.7139986449171929
MKD,MISSILES,part_n_war,4,-0.4539630402122413
MKD,MISSILES,part_n_war,5,0.2869537992140473
MLI,MISSILES,part_n_war,0,-0.5072996561958923
MMR,MISSILES,part_n_war,0,-0.2527681215384792
MMR,MISSILES,part_n_war,1,-0.021190202659068666
MMR,MISSILES,part_n_war,2,0.17380470250239302
MMR,MISSILES,part_n_war,3,-0.1691190177291019
MMR,MISSILES,part_n_war,4,0.042785655715905674
MMR,MISSILES,part_n_war,5,-0.05027796419109242
MNG,MISSILES,part_n_war,0,0.29224560453554893
MNG,MISSILES,part_n_war,1,0.0
MNG,MISSILES,part_n_war,2,0.0
MNG,MISSILES,part_n_war,3,0.0
MNG,MISSILES,part_n_war,4,0.292245604535549
MNG,MISSILES,part_n_war,5,-0.29224560453554893
MRT,MISSILES,part_n_war,0,-0.2502965736340593
MRT,MISSILES,part_n_war,1,1.2824816795414879e-18
MRT,MISSILES,part_n_war,2,-1.0277517859821282e-18
MRT,MISSILES,part_n_war,3,5.790601851419289e-19
MRT,MISSILES,part_n_war,4,-4.479440805136007e-20
MRT,MISSILES,part_n_war,5,-7.798369870788246e-19
MYS,MISSILES,part_n_war,0,-0.24499273860668347
MYS,MISSILES,part_n_war,1,0.24971419793882793
MYS,MISSILES,part_n_war,2,-0.15486817718179913
MYS,MISSILES,part_n_war,3,0.1374384653394621
MYS,MISSILES,part_n_war,4,0.0955217454407324
MYS,MISSILES,part_n_war,5,0.18590185502446469
NAM,MISSILES,part_n_war,0,0.0
NAM,MISSILES,part_n_war,1,0.0
NAM,MISSILES,part_n_war,2,0.0
NAM,MISSILES,part_n_war,3,0.0
NAM,MISSILES,part_n_war,4,0.0
NAM,MISSILES,part_n_war,5,0.0
NGA,MISSILES,part_n_war,0,-0.06727154029132812
NGA,MISSILES,part_n_war,1,0.07863124964271258
NGA,MISSILES,part_n_war,2,0.0206058315945444
NGA,MISSILES,part_n_war,3,0.002088314714039916
NGA,MISSILES,part_n_war,4,-0.15066617068996468
NGA,MISSILES,part_n_war,5,0.3064574143562988
NIC,MISSILES,part_n_war,0,0.0
NIC,MISSILES,part_n_war,1,0.0
NIC,MISSILES,part_n_war,2,0.0
NIC,MISSILES,part_n_war,3,0.0
NIC,MISSILES,part_n_war,4,0.0
NIC,MISSILES,part_n_war,5,0.0
NLD,MISSILES,part_n_war,0,-0.1872099991790653
NLD,MISSILES,part_n_war,1,0.1688988460602493
NLD,MISSILES,part_n_war,2,-0.13405596830285466
NLD,MISSILES,part_n_war,3,0.19839219841280645
NLD,MISSILES,part_n_war,4,-0.19787023829200215
NLD,MISSILES,part_n_war,5,0.08279442751310617
NOR,MISSILES,part_n_war,0,-0.00837232335251987
NOR,MISSILES,part_n_war,1,-0.038634379141246095
NOR,MISSILES,part_n_war,2,-0.08012642179469395
NOR,MISSILES,part_n_war,3,-0.26545371137061874
NOR,MISSILES,part_n_war,4,0.1970451464452001
NOR,MISSILES,part_n_war,5,-0.06521171064867627
NZL,MISSILES,part_n_war,0,0.07973405367420135
NZL,MISSILES,part_n_war,1,-0.2012353786871816
NZL,MISSILES,part_n_war,2,-1.2469118240167434e-19
NZL,MISSILES,part_n_war,3,-8.270056235852157e-20
NZL,MISSILES,part_n_war,4,4.848955670553584e-19
NZL,MISSILES,part_n_war,5,-1.3120722899887596e-19
OMN,MISSILES,part_n_war,0,-0.1343806578679389
OMN,MISSILES,part_n_war,1,0.08632507146133692
OMN,MISSILES,part_n_war,2,0.06636191609379397
PAK,MISSILES,part_n_war,0,0.013975638291606264
PAK,MISSILES,part_n_war,1,0.3421001444221971
PAK,MISSILES,part_n_war,2,-0.29324706953147955
PAK,MISSILES,part_n_war,3,0.11903687687912042
PAK,MISSILES,part_n_war,4,0.0010437607271404313
PAK,MISSILES,part_n_war,5,-0.2555039733176711
PER,MISSILES,part_n_war,0,-0.3249139903998599
PER,MISSILES,part_n_war,1,6.29626023125866e-19
PER,MISSILES,part_n_war,2,1.2345330637635533e-19
PHL,MISSILES,part_n_war,0,0.12033043443824508
PHL,MISSILES,part_n_war,1,-0.08618409781966482
PHL,MISSILES,part_n_war,2,0.009971008686975188
PHL,MISSILES,part_n_war,3,-1.7007187662138945e-19
PHL,MISSILES,part_n_war,4,3.0740491233932813e-19
PHL,MISSILES,part_n_war,5,-0.03980497035270337
POL,MISSILES,part_n_war,0,-0.07341687812049012
POL,MISSILES,part_n_war,1,0.17686865888949074
POL,MISSILES,part_n_war,2,0.08922572687177156
POL,MISSILES,part_n_war,3,-0.11208792957672714
POL,MISSILES,part_n_war,4,0.19187558054895792
POL,MISSILES,part_n_war,5,0.022382471521332898
PRK,MISSILES,part_n_war,0,0.07482922709274528
PRK,MISSILES,part_n_war,1,0.0772800911640519
PRK,MISSILES,part_n_war,2,0.07989743416745179
PRK,MISSILES,part_n_war,3,0.08269887088924358
PRK,MISSILES,part_n_war,4,0.08570460070130856
PRK,MISSILES,part_n_war,5,0.0889379014064513
PRT,MISSILES,part_n_war,0,0.14613393811182576
PRT,MISSILES,part_n_war,1,-0.014757193950940327
PRT,MISSILES,part_n_war,2,-0.03385733688469352
PRT,MISSILES,part_n_war,3,0.0956077863897012
PRT,MISSILES,part_n_war,4,-0.08165800317218912
PRT,MISSILES,part_n_war,5,0.04930180169473741
QAT,MISSILES,part_n_war,0,0.05645308924142346
QAT,MISSILES,part_n_war,1,-0.4880363196081201
QAT,MISSILES,part_n_war,2,0.3250579574426649
QAT,MISSILES,part_n_war,3,-0.10157886139644098
QAT,MISSILES,part_n_war,4,0.29038969327388936
QAT,MISSILES,part_n_war,5,-0.04293880474527136
ROU,MISSILES,part_n_war,0,0.2860010682111078
ROU,MISSILES,part_n_war,1,-0.2453247133143745
ROU,MISSILES,part_n_war,2,0.2278099216189716
ROU,MISSILES,part_n_war,3,-0.05509443299088962
ROU,MISSILES,part_n_war,4,-0.04000163614284875
ROU,MISSILES,part_n_war,5,0.21652198489727098
RUS,MISSILES,part_n_war,0,0.15108831040836143
RUS,MISSILES,part_n_war,1,-0.14419851973586492
RUS,MISSILES,part_n_war,2,0.1817177424203897
RUS,MISSILES,part_n_war,3,-0.19758798622681858
RUS,MISSILES,part_n_war,4,0.22648722074466512
RUS,MISSILES,part_n_war,5,-0.12895182351118997
RWA,MISSILES,part_n_war,0,-3.6827597484629086e-35
RWA,MISSILES,part_n_war,1,0.0084349095396273
RWA,MISSILES,part_n_war,2,5.494560825587246e-35
RWA,MISSILES,part_n_war,3,0.0
RWA,MISSILES,part_n_war,4,-2.492292297247696e-35
RWA,MISSILES,part_n_war,5,5.634584607603752e-19
SAU,MISSILES,part_n_war,0,0.15355882384613373
SAU,MISSILES,part_n_war,1,0.07144446021158257
SAU,MISSILES,part_n_war,2,0.10486480534369251
SAU,MISSILES,part_n_war,3,0.14158490067302537
SAU,MISSILES,part_n_war,4,0.11289156343991572
SAU,MISSILES,part_n_war,5,0.06253404207660676
SDN,MISSILES,part_n_war,0,-0.23653040773439124
SDN,MISSILES,part_n_war,1,0.3941839772264187
SDN,MISSILES,part_n_war,2,-0.3459467974186255
SDN,MISSILES,part_n_war,3,0.28325568695341
SDN,MISSILES,part_n_war,4,-0.1836268367797728
SDN,MISSILES,part_n_war,5,0.09386361928675609
SEN,MISSILES,part_n_war,0,-0.49634939938194644
SEN,MISSILES,part_n_war,1,-8.431829553711161e-19
SGP,MISSILES,part_n_war,0,0.3840746009730586
SGP,MISSILES,part_n_war,1,-0.07798811777667336
SGP,MISSILES,part_n_war,2,0.015413837282923011
SGP,MISSILES,part_n_war,3,-0.0006933438622407665
SGP,MISSILES,part_n_war,4,0.07870267489832455
SGP,MISSILES,part_n_war,5,-0.4069807679866899
SRB,MISSILES,part_n_war,0,-0.15751604065914412
SRB,MISSILES,part_n_war,1,0.2122688619861314
SRB,MISSILES,part_n_war,2,0.21181122345701053
SRB,MISSILES,part_n_war,3,0.12677493471466844
SRB,MISSILES,part_n_war,4,0.08812250260117889
SRB,MISSILES,part_n_war,5,-0.2915933328643002
SSD,MISSILES,part_n_war,0,1.0
SSD,MISSILES,part_n_war,1,-0.5000000000000001
SSD,MISSILES,part_n_war,2,0.0
SSD,MISSILES,part_n_war,3,0.0
SSD,MISSILES,part_n_war,4,0.0
SSD,MISSILES,part_n_war,5,0.0
SVK,MISSILES,part_n_war,0,0.0175889720243837
SVK,MISSILES,part_n_war,1,-0.017590194819050057
SVK,MISSILES,part_n_war,2,0.029510358887058243
SVK,MISSILES,part_n_war,3,-0.11282422992394577
SVK,MISSILES,part_n_war,4,0.3164576068486101
SVK,MISSILES,part_n_war,5,0.0
SVN,MISSILES,part_n_war,0,0.0
SVN,MISSILES,part_n_war,1,0.0
SVN,MISSILES,part_n_war,2,-0.02916980041298886
SVN,MISSILES,part_n_war,3,0.029169800412988854
SVN,MISSILES,part_n_war,4,-0.15076106845105502
SVN,MISSILES,part_n_war,5,0.3145701791276538
SWE,MISSILES,part_n_war,0,0.01406510446226159
SWE,MISSILES,part_n_war,1,0.3654582278145937
SWE,MISSILES,part_n_war,2,-0.2442004569858293
SWE,MISSILES,part_n_war,3,-8.400950477034371e-21
SWE,MISSILES,part_n_war,4,-2.3697061568453133e-19
SWE,MISSILES,part_n_war,5,0.022678264877177626
SYR,MISSILES,part_n_war,0,0.27477576624522304
SYR,MISSILES,part_n_war,1,-0.4620338643279688
SYR,MISSILES,part_n_war,2,0.4796743061166416
SYR,MISSILES,part_n_war,3,-0.027006294533942814
SYR,MISSILES,part_n_war,4,-0.15439978095416124
SYR,MISSILES,part_n_war,5,0.06368426597005014
TCD,MISSILES,part_n_war,0,-0.06612617849514973
TCD,MISSILES,part_n_war,1,-0.0165406819878218
TCD,MISSILES,part_n_war,2,0.2102627208934873
TCD,MISSILES,part_n_war,3,-0.21524323774258627
TCD,MISSILES,part_n_war,4,0.06501436153372137
TCD,MISSILES,part_n_war,5,0.18810601504168087
TJK,MISSILES,part_n_war,0,0.0
TJK,MISSILES,part_n_war,1,0.0
TJK,MISSILES,part_n_war,2,0.0
TJK,MISSILES,part_n_war,3,-5.277344266765242e-19
TJK,MISSILES,part_n_war,4,-4.042161661688884e-19
TJK,MISSILES,part_n_war,5,0.0
TUN,MISSILES,part_n_war,0,0.0
TUN,MISSILES,part_n_war,1,0.0
TUN,MISSILES,part_n_war,2,0.0
TUN,MISSILES,part_n_war,3,0.0
TUN,MISSILES,part_n_war,4,-0.24894828619205703
TUN,MISSILES,part_n_war,5,0.497896572384114
TUR,MISSILES,part_n_war,0,-0.19939125775834704
TUR,MISSILES,part_n_war,1,0.1228549769518683
TUR,MISSILES,part_n_war,2,-0.231068005997701
TUR,MISSILES,part_n_war,3,0.30515318685505255
TUR,MISSILES,part_n_war,4,-0.21975038532617588
TUR,MISSILES,part_n_war,5,0.008541255618051758
TZA,MISSILES,part_n_war,0,0.7912024578530363
TZA,MISSILES,part_n_war,1,-0.3956012289265183
TZA,MISSILES,part_n_war,2,0.0
TZA,MISSILES,part_n_war,3,0.0
TZA,MISSILES,part_n_war,4,0.0
TZA,MISSILES,part_n_war,5,0.0
UGA,MISSILES,part_n_war,0,-0.13755785296093526
UGA,MISSILES,part_n_war,1,-0.05612162115230574
UGA,MISSILES,part_n_war,2,0.2856036191065894
UGA,MISSILES,part_n_war,3,-0.1848613783820351
UGA,MISSILES,part_n_war,4,0.2949068189651499
UGA,MISSILES,part_n_war,5,-0.11374403150578853
UKR,MISSILES,part_n_war,0,0.25427183397634034
UKR,MISSILES,part_n_war,1,-0.003572669582600944
UKR,MISSILES,part_n_war,2,0.07474292643246463
UKR,MISSILES,part_n_war,3,-0.1972280520730859
UKR,MISSILES,part_n_war,4,0.18705855805421268
UKR,MISSILES,part_n_war,5,-4.814104092966573e-19
USA,MISSILES,part_n_war,0,-0.2859762116936761
USA,MISSILES,part_n_war,1,-0.0012485509246493612
USA,MISSILES,part_n_war,2,-0.0994643384451381
USA,MISSILES,part_n_war,3,0.28640444744385496
USA,MISSILES,part_n_war,4,0.056696722577274095
USA,MISSILES,part_n_war,5,-0.12007752520118921
UZB,MISSILES,part_n_war,0,-9.401571391447487e-20
UZB,MISSILES,part_n_war,1,0.0
UZB,MISSILES,part_n_war,2,0.0
UZB,MISSILES,part_n_war,3,1.4987394079118417e-18
UZB,MISSILES,part_n_war,4,9.60586256715707e-19
YEM,MISSILES,part_n_war,0,0.014370261984459964
YEM,MISSILES,part_n_war,1,-0.09812392001478604
YEM,MISSILES,part_n_war,2,-0.13260175904377158
YEM,MISSILES,part_n_war,3,0.13261439440127745
YEM,MISSILES,part_n_war,4,0.1326278489129948
YEM,MISSILES,part_n_war,5,-0.4173162022761129
ZAF,MISSILES,part_n_war,0,-0.23571289526122707
ZAF,MISSILES,part_n_war,1,0.4075990946504638
ZAF,MISSILES,part_n_war,2,-0.39678881340978767
ZAF,MISSILES,part_n_war,3,0.2107243961017853
ZAF,MISSILES,part_n_war,4,-0.21726419100917016
ZAF,MISSILES,part_n_war,5,0.21068677372330302
ZMB,MISSILES,part_n_war,0,-0.7174300539794394
ZMB,MISSILES,part_n_war,1,-1.490306770261614e-18
ZMB,MISSILES,part_n_war,2,0.7180703308172537
ZMB,MISSILES,part_n_war,3,1.269140126778415e-18
ZMB,MISSILES,part_n_war,4,3.441433899523398e-19
ZMB,MISSILES,part_n_war,5,9.968946272841693e-19
AFG,MISSILES,part_n_extraterritorial,0,0.05806031837278096
AFG,MISSILES,part_n_extraterritorial,1,-0.027339707174315633
AFG,MISSILES,part_n_extraterritorial,2,-0.027351815480765686
AFG,MISSILES,part_n_extraterritorial,3,-0.04678026055760662
AFG,MISSILES,part_n_extraterritorial,4,-1.5384640159056466e-19
AFG,MISSILES,part_n_extraterritorial,5,-0.019708370562760695
AGO,MISSILES,part_n_extraterritorial,0,-0.04426360041606396
AGO,MISSILES,part_n_extraterritorial,1,0.05193705694461831
AGO,MISSILES,part_n_extraterritorial,2,-0.24555815612218893
AGO,MISSILES,part_n_extraterritorial,3,0.2818442627732158
AGO,MISSILES,part_n_extraterritorial,4,-0.15620743410740898
AGO,MISSILES,part_n_extraterritorial,5,0.26858219856619514
ALB,MISSILES,part_n_extraterritorial,0,0.0
ALB,MISSILES,part_n_extraterritorial,1,0.0
ALB,MISSILES,part_n_extraterritorial,2,0.0
ALB,MISSILES,part_n_extraterritorial,3,0.0
ALB,MISSILES,part_n_extraterritorial,4,0.0
ALB,MISSILES,part_n_extraterritorial,5,0.0
ARE,MISSILES,part_n_extraterritorial,0,0.2871735360244202
ARE,MISSILES,part_n_extraterritorial,1,-0.13977085245320486
ARE,MISSILES,part_n_extraterritorial,2,-0.22721385854986337
ARE,MISSILES,part_n_extraterritorial,3,0.07051445383454108
ARE,MISSILES,part_n_extraterritorial,4,0.25906115529890167
ARE,MISSILES,part_n_extraterritorial,5,-0.16356963598707194
ARG,MISSILES,part_n_extraterritorial,0,-0.11069620003958786
ARG,MISSILES,part_n_extraterritorial,1,-0.054130842181915995
ARG,MISSILES,part_n_extraterritorial,2,0.19486147136211174
ARG,MISSILES,part_n_extraterritorial,3,0.005372404792423435
ARG,MISSILES,part_n_extraterritorial,4,0.0055468952767862715
ARG,MISSILES,part_n_extraterritorial,5,0.00573310091707744
ARM,MISSILES,part_n_extraterritorial,0,-0.3515263426877412
ARM,MISSILES,part_n_extraterritorial,1,0.1584066192963285
ARM,MISSILES,part_n_extraterritorial,2,0.055410383514992216
ARM,MISSILES,part_n_extraterritorial,3,-0.06655727779892426
ARM,MISSILES,part_n_extraterritorial,4,0.24071742336656227
ARM,MISSILES,part_n_extraterritorial,5,-0.14652381204151918
AUS,MISSILES,part_n_extraterritorial,0,-0.1635942710848596
AUS,MISSILES,part_n_extraterritorial,1,-0.022981132582380874
AUS,MISSILES,part_n_extraterritorial,2,0.27080650393045563
AUS,MISSILES,part_n_extraterritorial,3,-0.20612669526926922
AUS,MISSILES,part_n_extraterritorial,4,0.1031406757074775
AUS,MISSILES,part_n_extraterritorial,5,0.07812960493700416
AUT,MISSILES,part_n_extraterritorial,0,-0.07702547890312295
AUT,MISSILES,part_n_extraterritorial,1,0.28573446219982157
AUT,MISSILES,part_n_extraterritorial,2,-0.4174256235476484
AUT,MISSILES,part_n_extraterritorial,3,0.20871905074848054
AUT,MISSILES,part_n_extraterritorial,4,-0.11060303595644204
AUT,MISSILES,part_n_extraterritorial,5,-0.15407411596965967
AZE,MISSILES,part_n_extraterritorial,0,0.10107476680592868
AZE,MISSILES,part_n_extraterritorial,1,-0.1621590268067429
AZE,MISSILES,part_n_extraterritorial,2,0.050620947061730676
AZE,MISSILES,part_n_extraterritorial,3,-0.0663463628744885
AZE,MISSILES,part_n_extraterritorial,4,-0.08694215270136912
AZE,MISSILES,part_n_extraterritorial,5,-0.17751138038510622
BDI,MISSILES,part_n_extraterritorial,0,0.02362759053651915
BDI,MISSILES,part_n_extraterritorial,1,0.024339958976033225
BDI,MISSILES,part_n_extraterritorial,2,0.02509661923006502
BDI,MISSILES,part_n_extraterritorial,3,0.02590183471561804
BDI,MISSILES,part_n_extraterritorial,4,0.026760434181431016
BDI,MISSILES,part_n_extraterritorial,5,0.0276779086271907
BEL,MISSILES,part_n_extraterritorial,0,-0.19527572714756297
BEL,MISSILES,part_n_extraterritorial,1,0.17417175965558168
BEL,MISSILES,part_n_extraterritorial,2,-0.02791678674483206
BEL,MISSILES,part_n_extraterritorial,3,-0.03953790202216551
BEL,MISSILES,part_n_extraterritorial,4,-0.28554009298555977
BEL,MISSILES,part_n_extraterritorial,5,0.25177493719130056
BFA,MISSILES,part_n_extraterritorial,0,-0.6175249571260872
BFA,MISSILES,part_n_extraterritorial,1,0.6888399632309018
BFA,MISSILES,part_n_extraterritorial,2,-0.16781016842855023
BFA,MISSILES,part_n_extraterritorial,3,0.2760832554561792
BFA,MISSILES,part_n_extraterritorial,4,-0.38444442350295427
BFA,MISSILES,part_n_extraterritorial,5,0.1923019143108327
BGD,MISSILES,part_n_extraterritorial,0,-0.030372621742698225
BGD,MISSILES,part_n_extraterritorial,1,-0.06808148303789323
BGD,MISSILES,part_n_extraterritorial,2,0.22615487500370043
BGD,MISSILES,part_n_extraterritorial,3,-0.0914381108628004
BGD,MISSILES,part_n_extraterritorial,4,0.07351213671607455
BGD,MISSILES,part_n_extraterritorial,5,-0.49827614076838167
BGR,MISSILES,part_n_extraterritorial,0,3.2467387175856613e-18
BGR,MISSILES,part_n_extraterritorial,1,-2.08348603969285e-18
BGR,MISSILES,part_n_extraterritorial,2,-4.009718351272633e-18
BGR,MISSILES,part_n_extraterritorial,3,-4.4521792945326755e-18
BGR,MISSILES,part_n_extraterritorial,4,-1.4130163334029828e-18
BGR,MISSILES,part_n_extraterritorial,5,6.037686860096361e-18
BHR,MISSILES,part_n_extraterritorial,0,-0.23188490928238756
BHR,MISSILES,part_n_extraterritorial,1,0.027223323320216472
BHR,MISSILES,part_n_extraterritorial,2,0.18867423897481586
BHR,MISSILES,part_n_extraterritorial,3,-0.09771614705826293
BHR,MISSILES,part_n_extraterritorial,4,0.03480072689985166
BHR,MISSILES,part_n_extraterritorial,5,-0.008422955518383221
BIH,MISSILES,part_n_extraterritorial,0,-4.560414647514491e-35
BIH,MISSILES,part_n_extraterritorial,1,0.0
BIH,MISSILES,part_n_extraterritorial,2,1.1446288340961129e-35
BIH,MISSILES,part_n_extraterritorial,3,0.0
BIH,MISSILES,part_n_extraterritorial,4,-3.101030213916492e-35
BIH,MISSILES,part_n_extraterritorial,5,-8.464343470879457e-35
BOL,MISSILES,part_n_extraterritorial,0,0.0
BOL,MISSILES,part_n_extraterritorial,1,0.0
BOL,MISSILES,part_n_extraterritorial,2,0.0
BOL,MISSILES,part_n_extraterritorial,3,0.0
BOL,MISSILES,part_n_extraterritorial,4,0.0
BOL,MISSILES,part_n_extraterritorial,5,0.0
BRA,MISSILES,part_n_extraterritorial,0,-0.09503188395440594
BRA,MISSILES,part_n_extraterritorial,1,0.20709276123968606
BRA,MISSILES,part_n_extraterritorial,2,0.07414532996871878
BRA,MISSILES,part_n_extraterritorial,3,-0.4777205182564304
BRA,MISSILES,part_n_extraterritorial,4,0.03866741319946712
BRA,MISSILES,part_n_extraterritorial,5,-0.07013406044732044
BWA,MISSILES,part_n_extraterritorial,0,-0.34898226415339595
BWA,MISSILES,part_n_extraterritorial,1,0.06860696709111372
BWA,MISSILES,part_n_extraterritorial,2,0.29161793424635624
BWA,MISSILES,part_n_extraterritorial,3,0.006623150343437665
BWA,MISSILES,part_n_extraterritorial,4,-0.11261911940637946
BWA,MISSILES,part_n_extraterritorial,5,-0.023187628738443496
CAN,MISSILES,part_n_extraterritorial,0,0.07018534149978055
CAN,MISSILES,part_n_extraterritorial,1,-0.09065258209634677
CAN,MISSILES,part_n_extraterritorial,2,-0.023490860863339975
CAN,MISSILES,part_n_extraterritorial,3,-0.10855506256208282
CAN,MISSILES,part_n_extraterritorial,4,-0.047074081844609365
CAN,MISSILES,part_n_extraterritorial,5,-0.009408357519841268
CHE,MISSILES,part_n_extraterritorial,0,0.18067801070201536
CHE,MISSILES,part_n_extraterritorial,1,0.12239891655702408
CHE,MISSILES,part_n_extraterritorial,2,-0.17403633347933392
CHE,MISSILES,part_n_extraterritorial,3,0.08334129806424596
CHE,MISSILES,part_n_extraterritorial,4,-0.24293091312622658
CHE,MISSILES,part_n_extraterritorial,5,0.0662525048819586
CHN,MISSILES,part_n_extraterritorial,0,-0.015334017287976105
CHN,MISSILES,part_n_extraterritorial,1,-0.016908202812170956
CHN,MISSILES,part_n_extraterritorial,2,0.018467611595638568
CHN,MISSILES,part_n_extraterritorial,3,-0.40376841858025075
CHN,MISSILES,part_n_extraterritorial,4,0.4100744271780383
CHN,MISSILES,part_n_extraterritorial,5,0.21882058017375172
CIV,MISSILES,part_n_extraterritorial,0,2.5641003672668923e-19
CIV,MISSILES,part_n_extraterritorial,1,-7.703589760201866e-20
CIV,MISSILES,part_n_extraterritorial,2,1.7099274866255976e-19
CIV,MISSILES,part_n_extraterritorial,3,-1.9352310090728857e-19
CIV,MISSILES,part_n_extraterritorial,4,3.7715679063768187e-19
CIV,MISSILES,part_n_extraterritorial,5,-2.5590778543449825e-19
CMR,MISSILES,part_n_extraterritorial,0,-0.37708119380319943
CMR,MISSILES,part_n_extraterritorial,1,0.20185076449508846
CMR,MISSILES,part_n_extraterritorial,2,0.3046235156569686
CMR,MISSILES,part_n_extraterritorial,3,-0.1285728555522282
CMR,MISSILES,part_n_extraterritorial,4,0.04193961484307857
CMR,MISSILES,part_n_extraterritorial,5,0.1463023093240492
COD,MISSILES,part_n_extraterritorial,0,-0.00893544343863562
COD,MISSILES,part_n_extraterritorial,1,3.5287329569227316e-19
COD,MISSILES,part_n_extraterritorial,2,7.021057431011476e-20
COD,MISSILES,part_n_extraterritorial,3,4.772684555997598e-19
COD,MISSILES,part_n_extraterritorial,4,-6.601565796280894e-19
COD,MISSILES,part_n_extraterritorial,5,6.634345967153692e-21
COG,MISSILES,part_n_extraterritorial,0,0.015052383319810137
COG,MISSILES,part_n_extraterritorial,1,0.015503563314257883
COG,MISSILES,part_n_extraterritorial,2,0.015982628191024154
COG,MISSILES,part_n_extraterritorial,3,0.016492245674939857
COG,MISSILES,part_n_extraterritorial,4,0.017035435017868
COG,MISSILES,part_n_extraterritorial,5,0.01761562687679102
COL,MISSILES,part_n_extraterritorial,0,-3.1793327516974435e-19
COL,MISSILES,part_n_extraterritorial,1,-0.17024269130700997
COL,MISSILES,part_n_extraterritorial,2,0.3404969246333834
COL,MISSILES,part_n_extraterritorial,3,-0.17025459465758108
COL,MISSILES,part_n_extraterritorial,4,-0.25960186185259243
COL,MISSILES,part_n_extraterritorial,5,0.26171303539908225
CUB,MISSILES,part_n_extraterritorial,0,-0.28969233344349304
CZE,MISSILES,part_n_extraterritorial,0,-0.10711427744109824
CZE,MISSILES,part_n_extraterritorial,1,-0.022580535480986853
CZE,MISSILES,part_n_extraterritorial,2,0.1821382885381492
CZE,MISSILES,part_n_extraterritorial,3,-0.11384152436693173
CZE,MISSILES,part_n_extraterritorial,4,-0.09024207923477236
CZE,MISSILES,part_n_extraterritorial,5,0.09178104845715074
DEU,MISSILES,part_n_extraterritorial,0,-0.051784289382318015
DEU,MISSILES,part_n_extraterritorial,1,0.31509794695341636
DEU,MISSILES,part_n_extraterritorial,2,-0.41491142373681444
DEU,MISSILES,part_n_extraterritorial,3,0.09467498461259015
DEU,MISSILES,part_n_extraterritorial,4,-0.39714186785946537
DEU,MISSILES,part_n_extraterritorial,5,0.4166359387572973
DJI,MISSILES,part_n_extraterritorial,0,-0.2365235338485979
DJI,MISSILES,part_n_extraterritorial,1,0.11828204193582417
DJI,MISSILES,part_n_extraterritorial,2,0.11830355713513413
DJI,MISSILES,part_n_extraterritorial,3,-0.23665285980724904
DJI,MISSILES,part_n_extraterritorial,4,0.23670158583731696
DJI,MISSILES,part_n_extraterritorial,5,-0.1919467149934802
DNK,MISSILES,part_n_extraterritorial,0,0.10879740291611202
DNK,MISSILES,part_n_extraterritorial,1,0.08075554976830321
DNK,MISSILES,part_n_extraterritorial,2,-0.22730276954783987
DNK,MISSILES,part_n_extraterritorial,3,0.14306484923685514
DNK,MISSILES,part_n_extraterritorial,4,0.03498075214783761
DNK,MISSILES,part_n_extraterritorial,5,-0.11337295136795837
ECU,MISSILES,part_n_extraterritorial,0,4.941012985621308e-35
ECU,MISSILES,part_n_extraterritorial,1,4.7699583385704936e-36
ECU,MISSILES,part_n_extraterritorial,2,6.65040149144691e-35
ECU,MISSILES,part_n_extraterritorial,3,0.0
ECU,MISSILES,part_n_extraterritorial,4,-3.0165731050882044e-35
ECU,MISSILES,part_n_extraterritorial,5,-3.657720820295801e-35
EGY,MISSILES,part_n_extraterritorial,0,0.044417090364944664
EGY,MISSILES,part_n_extraterritorial,1,-0.3037368613928583
EGY,MISSILES,part_n_extraterritorial,2,0.030924550472452437
EGY,MISSILES,part_n_extraterritorial,3,0.326476660443524
EGY,MISSILES,part_n_extraterritorial,4,-0.06526281955181151
EGY,MISSILES,part_n_extraterritorial,5,-0.11469351260694442
ERI,MISSILES,part_n_extraterritorial,0,-0.20902340988519238
ERI,MISSILES,part_n_extraterritorial,1,0.41804681977038466
ERI,MISSILES,part_n_extraterritorial,2,-0.20902340988519236
ERI,MISSILES,part_n_extraterritorial,3,-0.04951955464248521
ERI,MISSILES,part_n_extraterritorial,4,0.09903910928497044
ERI,MISSILES,part_n_extraterritorial,5,-0.04951955464248521
ESP,MISSILES,part_n_extraterritorial,0,0.007110725635157954
ESP,MISSILES,part_n_extraterritorial,1,-0.09877938124435358
ESP,MISSILES,part_n_extraterritorial,2,-0.21865815382158418
ESP,MISSILES,part_n_extraterritorial,3,0.1929289642568465
ESP,MISSILES,part_n_extraterritorial,4,-0.05372563310412155
ESP,MISSILES,part_n_extraterritorial,5,0.25372307535033783
EST,MISSILES,part_n_extraterritorial,0,-0.12126227308201808
EST,MISSILES,part_n_extraterritorial,1,-0.15699201700368837
EST,MISSILES,part_n_extraterritorial,2,-0.12353467854462172
EST,MISSILES,part_n_extraterritorial,3,0.15181145093109563
EST,MISSILES,part_n_extraterritorial,4,-0.2519035511133357
EST,MISSILES,part_n_extraterritorial,5,0.30751717766995657
ETH,MISSILES,part_n_extraterritorial,0,1.0806031383213419e-19
ETH,MISSILES,part_n_extraterritorial,1,0.19983372195214114
ETH,MISSILES,part_n_extraterritorial,2,-0.18685096557591074
ETH,MISSILES,part_n_extraterritorial,3,-0.26020055005788795
ETH,MISSILES,part_n_extraterritorial,4,0.2946065715626967
ETH,MISSILES,part_n_extraterritorial,5,-0.10049071187977081
FIN,MISSILES,part_n_extraterritorial,0,0.04245026435518972
FIN,MISSILES,part_n_extraterritorial,1,-0.0865748250115894
FIN,MISSILES,part_n_extraterritorial,2,-0.10250871516775813
FIN,MISSILES,part_n_extraterritorial,3,0.2637893824573632
FIN,MISSILES,part_n_extraterritorial,4,-0.03481608929164398
FIN,MISSILES,part_n_extraterritorial,5,-0.09600244463017539
FRA,MISSILES,part_n_extraterritorial,0,-0.1800455782903239
FRA,MISSILES,part_n_extraterritorial,1,0.333713596721522
FRA,MISSILES,part_n_extraterritorial,2,-0.42404587627206314
FRA,MISSILES,part_n_extraterritorial,3,0.2800476819021968
FRA,MISSILES,part_n_extraterritorial,4,0.00721119282050689
FRA,MISSILES,part_n_extraterritorial,5,0.09788996298366824
GBR,MISSILES,part_n_extraterritorial,0,-0.08373704794603512
GBR,MISSILES,part_n_extraterritorial,1,-0.13935755001012462
GBR,MISSILES,part_n_extraterritorial,2,0.128458883933416
GBR,MISSILES,part_n_extraterritorial,3,0.13283506707281906
GBR,MISSILES,part_n_extraterritorial,4,-0.16296225691050306
GBR,MISSILES,part_n_extraterritorial,5,-0.16865305818926504
GEO,MISSILES,part_n_extraterritorial,0,0.18920093924163295
GEO,MISSILES,part_n_extraterritorial,1,0.04374418405716709
GEO,MISSILES,part_n_extraterritorial,2,-0.015048794620255936
GEO,MISSILES,part_n_extraterritorial,3,-0.0022898875239896564
GEO,MISSILES,part_n_extraterritorial,4,-0.2801743346604719
GEO,MISSILES,part_n_extraterritorial,5,0.2825670871527459
GHA,MISSILES,part_n_extraterritorial,0,-0.25196189565002547
GHA,MISSILES,part_n_extraterritorial,1,0.12599328493323328
GHA,MISSILES,part_n_extraterritorial,2,0.05666006213778734
GHA,MISSILES,part_n_extraterritorial,3,-0.11333263498670643
GHA,MISSILES,part_n_extraterritorial,4,0.008756657952545587
GHA,MISSILES,part_n_extraterritorial,5,0.15252474730521773
GIN,MISSILES,part_n_extraterritorial,0,-0.3570718871530894
GIN,MISSILES,part_n_extraterritorial,1,-1.811529120418496e-19
GIN,MISSILES,part_n_extraterritorial,2,2.2410499293052111e-35
GIN,MISSILES,part_n_extraterritorial,3,0.0
GIN,MISSILES,part_n_extraterritorial,4,9.671291489420424e-36
GIN,MISSILES,part_n_extraterritorial,5,-6.429360025331631e-35
GRC,MISSILES,part_n_extraterritorial,0,-0.23052486016677948
GRC,MISSILES,part_n_extraterritorial,1,-0.1615022543193342
GRC,MISSILES,part_n_extraterritorial,2,0.09313572357061228
GRC,MISSILES,part_n_extraterritorial,3,-0.0785441894279345
GRC,MISSILES,part_n_extraterritorial,4,0.290358492727425
GRC,MISSILES,part_n_extraterritorial,5,-0.24305574072599695
HRV,MISSILES,part_n_extraterritorial,0,-0.2599248167830595
HRV,MISSILES,part_n_extraterritorial,1,-4.969569614303339e-19
HRV,MISSILES,part_n_extraterritorial,2,-4.737259119738687e-19
HRV,MISSILES,part_n_extraterritorial,3,-5.743595699185239e-19
HRV,MISSILES,part_n_extraterritorial,4,4.84524780149191e-19
HRV,MISSILES,part_n_extraterritorial,5,0.0
HUN,MISSILES,part_n_extraterritorial,0,0.10180342397340607
HUN,MISSILES,part_n_extraterritorial,1,0.14214534478609375
HUN,MISSILES,part_n_extraterritorial,2,-0.009810730500648665
HUN,MISSILES,part_n_extraterritorial,3,0.021920015788199663
HUN,MISSILES,part_n_extraterritorial,4,-0.02813861454880659
HUN,MISSILES,part_n_extraterritorial,5,-0.30003625359021757
IDN,MISSILES,part_n_extraterritorial,0,0.08917533825284099
IDN,MISSILES,part_n_extraterritorial,1,-0.008259683378086758
IDN,MISSILES,part_n_extraterritorial,2,0.39331201795565146
IDN,MISSILES,part_n_extraterritorial,3,-0.042919182049844636
IDN,MISSILES,part_n_extraterritorial,4,-0.1104882334970414
IDN,MISSILES,part_n_extraterritorial,5,0.14196292746620373
IRL,MISSILES,part_n_extraterritorial,0,-0.12522192432123327
IRL,MISSILES,part_n_extraterritorial,1,0.07926101894978042
IRL,MISSILES,part_n_extraterritorial,2,-0.2527444648892092
IRL,MISSILES,part_n_extraterritorial,3,-0.19751985287215315
IRL,MISSILES,part_n_extraterritorial,4,0.37263807367454205
IRL,MISSILES,part_n_extraterritorial,5,0.328183749589188
IRN,MISSILES,part_n_extraterritorial,0,-0.013051737999537289
IRN,MISSILES,part_n_extraterritorial,1,0.005821690939346338
IRN,MISSILES,part_n_extraterritorial,2,-0.06925571292666344
IRN,MISSILES,part_n_extraterritorial,3,-0.1901049135771191
IRN,MISSILES,part_n_extraterritorial,4,0.15206222908600056
IRN,MISSILES,part_n_extraterritorial,5,0.04274726575371718
ITA,MISSILES,part_n_extraterritorial,0,-0.027591101728931734
ITA,MISSILES,part_n_extraterritorial,1,0.17635940719778026
ITA,MISSILES,part_n_extraterritorial,2,0.0961698279773174
ITA,MISSILES,part_n_extraterritorial,3,0.18858794889773847
ITA,MISSILES,part_n_extraterritorial,4,-0.5192215788523514
ITA,MISSILES,part_n_extraterritorial,5,-0.02179490708311916
JOR,MISSILES,part_n_extraterritorial,0,-0.10394416961238293
JOR,MISSILES,part_n_extraterritorial,1,0.15513331201768796
JOR,MISSILES,part_n_extraterritorial,2,-0.11730554020783976
JOR,MISSILES,part_n_extraterritorial,3,0.09607087631243036
JOR,MISSILES,part_n_extraterritorial,4,0.22893919243916863
JOR,MISSILES,part_n_extraterritorial,5,-0.0906909182939561
JPN,MISSILES,part_n_extraterritorial,0,-0.23152545089754542
JPN,MISSILES,part_n_extraterritorial,1,0.19789181359725652
JPN,MISSILES,part_n_extraterritorial,2,-0.08139941011486046
JPN,MISSILES,part_n_extraterritorial,3,-0.29053734720982904
JPN,MISSILES,part_n_extraterritorial,4,0.2699489107760422
JPN,MISSILES,part_n_extraterritorial,5,0.010216440091348322
KAZ,MISSILES,part_n_extraterritorial,0,0.007619440511028951
KAZ,MISSILES,part_n_extraterritorial,1,0.16380515440867915
KAZ,MISSILES,part_n_extraterritorial,2,-0.18272233113759215
KAZ,MISSILES,part_n_extraterritorial,3,-0.2846626499858889
KAZ,MISSILES,part_n_extraterritorial,4,0.16761817125407028
KAZ,MISSILES,part_n_extraterritorial,5,-0.003039982243380462
KGZ,MISSILES,part_n_extraterritorial,0,0.0
KGZ,MISSILES,part_n_extraterritorial,1,2.8080979442999004e-19
KHM,MISSILES,part_n_extraterritorial,0,0.33306244211468633
KHM,MISSILES,part_n_extraterritorial,1,-0.38357626688482394
KHM,MISSILES,part_n_extraterritorial,2,0.351754693836556
KHM,MISSILES,part_n_extraterritorial,3,-0.6782644525773778
KHM,MISSILES,part_n_extraterritorial,4,0.6028245288765522
KHM,MISSILES,part_n_extraterritorial,5,-0.14279698260869056
KOR,MISSILES,part_n_extraterritorial,0,0.002220842863941127
KOR,MISSILES,part_n_extraterritorial,1,-0.029292304082921307
KOR,MISSILES,part_n_extraterritorial,2,0.104473952025872
KOR,MISSILES,part_n_extraterritorial,3,-0.09133193718462769
KOR,MISSILES,part_n_extraterritorial,4,0.12165600866878573
KOR,MISSILES,part_n_extraterritorial,5,-0.14960258698955564
KWT,MISSILES,part_n_extraterritorial,0,0.04316766122204947
KWT,MISSILES,part_n_extraterritorial,1,-0.009772884976998197
KWT,MISSILES,part_n_extraterritorial,2,0.28711516246516383
KWT,MISSILES,part_n_extraterritorial,3,-0.4562424943580013
KWT,MISSILES,part_n_extraterritorial,4,0.17975620811794563
KWT,MISSILES,part_n_extraterritorial,5,0.1216554897561136
LBY,MISSILES,part_n_extraterritorial,0,-4.362866644977341e-19
LBY,MISSILES,part_n_extraterritorial,1,-0.20123333201548532
LBY,MISSILES,part_n_extraterritorial,2,0.4024762521026637
LBY,MISSILES,part_n_extraterritorial,3,-0.20124322008985718
LBY,MISSILES,part_n_extraterritorial,4,-4.768933833251196e-19
LBY,MISSILES,part_n_extraterritorial,5,3.886050986416727e-19
LKA,MISSILES,part_n_extraterritorial,0,-3.9617851528533243e-19
LKA,MISSILES,part_n_extraterritorial,1,-1.2183200383525207e-18
LKA,MISSILES,part_n_extraterritorial,2,1.0496661912071867e-18
LKA,MISSILES,part_n_extraterritorial,3,2.45863840196248e-19
LKA,MISSILES,part_n_extraterritorial,4,-5.6821666883091395e-19
LKA,MISSILES,part_n_extraterritorial,5,-0.14227445824932922
LTU,MISSILES,part_n_extraterritorial,0,-0.034984765992189366
LTU,MISSILES,part_n_extraterritorial,1,0.27339880651380877
LTU,MISSILES,part_n_extraterritorial,2,0.08521667413062704
LTU,MISSILES,part_n_extraterritorial,3,0.03854138015409562
LTU,MISSILES,part_n_extraterritorial,4,-0.16333627370261034
LTU,MISSILES,part_n_extraterritorial,5,-0.21388299237486005
LUX,MISSILES,part_n_extraterritorial,0,-0.39710757920494544
LUX,MISSILES,part_n_extraterritorial,1,7.991620676192522e-36
LUX,MISSILES,part_n_extraterritorial,2,-0.2193390002947498
LUX,MISSILES,part_n_extraterritorial,3,0.21933900029474973
LUX,MISSILES,part_n_extraterritorial,4,-0.12830509011809527
LUX,MISSILES,part_n_extraterritorial,5,0.12830509011809527
LVA,MISSILES,part_n_extraterritorial,0,-0.09369841971041785
LVA,MISSILES,part_n_extraterritorial,1,-0.008521652073417376
LVA,MISSILES,part_n_extraterritorial,2,0.08489769926907333
LVA,MISSILES,part_n_extraterritorial,3,0.01053120202919699
LVA,MISSILES,part_n_extraterritorial,4,-0.15380143280747424
LVA,MISSILES,part_n_extraterritorial,5,0.13018217168672627
MAR,MISSILES,part_n_extraterritorial,0,0.2364580226160739
MAR,MISSILES,part_n_extraterritorial,1,-0.038500525736140614
MAR,MISSILES,part_n_extraterritorial,2,-0.29533410666256155
MAR,MISSILES,part_n_extraterritorial,3,0.35967574082725806
MAR,MISSILES,part_n_extraterritorial,4,0.08366876504372212
MAR,MISSILES,part_n_extraterritorial,5,-0.2570250919387027
MDA,MISSILES,part_n_extraterritorial,0,-1.3125484655405494e-18
MEX,MISSILES,part_n_extraterritorial,0,0.0
MEX,MISSILES,part_n_extraterritorial,1,-0.084826181650284
MEX,MISSILES,part_n_extraterritorial,2,0.16965236330056802
MEX,MISSILES,part_n_extraterritorial,3,0.239111576332238
MEX,MISSILES,part_n_extraterritorial,4,-0.36952061119227503
MEX,MISSILES,part_n_extraterritorial,5,0.0
MKD,MISSILES,part_n_extraterritorial,0,0.0
MKD,MISSILES,part_n_extraterritorial,1,0.0
MKD,MISSILES,part_n_extraterritorial,2,-0.5225150339737064
MKD,MISSILES,part_n_extraterritorial,3,0.5225150339737064
MKD,MISSILES,part_n_extraterritorial,4,-0.1532450890858823
MKD,MISSILES,part_n_extraterritorial,5,0.08452537333563304
MLI,MISSILES,part_n_extraterritorial,0,-0.2649854499557584
MNG,MISSILES,part_n_extraterritorial,0,0.32768552005703766
MNG,MISSILES,part_n_extraterritorial,1,0.12093897563851606
MNG,MISSILES,part_n_extraterritorial,2,-0.24187795127703213
MNG,MISSILES,part_n_extraterritorial,3,0.24187795127703213
MNG,MISSILES,part_n_extraterritorial,4,0.0858075687800056
MNG,MISSILES,part_n_extraterritorial,5,-0.2067465444185216
MRT,MISSILES,part_n_extraterritorial,0,-0.39721071210045533
MRT,MISSILES,part_n_extraterritorial,1,-0.4393443062035528
MRT,MISSILES,part_n_extraterritorial,2,0.01036376080451026
MRT,MISSILES,part_n_extraterritorial,3,0.010693425016126665
MRT,MISSILES,part_n_extraterritorial,4,0.011044753365208083
MRT,MISSILES,part_n_extraterritorial,5,0.011419954167731207
MYS,MISSILES,part_n_extraterritorial,0,-0.14136539985278823
MYS,MISSILES,part_n_extraterritorial,1,0.2500106654759264
MYS,MISSILES,part_n_extraterritorial,2,-0.07499071356017155
MYS,MISSILES,part_n_extraterritorial,3,-0.11021497556774114
MYS,MISSILES,part_n_extraterritorial,4,0.3305381068700741
MYS,MISSILES,part_n_extraterritorial,5,-0.047710512463623525
NAM,MISSILES,part_n_extraterritorial,0,0.0
NAM,MISSILES,part_n_extraterritorial,1,0.0
NAM,MISSILES,part_n_extraterritorial,2,0.0
NAM,MISSILES,part_n_extraterritorial,3,0.0
NAM,MISSILES,part_n_extraterritorial,4,0.0
NAM,MISSILES,part_n_extraterritorial,5,0.0
NGA,MISSILES,part_n_extraterritorial,0,-0.11351711443421908
NGA,MISSILES,part_n_extraterritorial,1,-0.18815949464154125
NGA,MISSILES,part_n_extraterritorial,2,0.1511314724904676
NGA,MISSILES,part_n_extraterritorial,3,0.14887886382271726
NGA,MISSILES,part_n_extraterritorial,4,-0.13675765734842524
NGA,MISSILES,part_n_extraterritorial,5,0.023239136998048398
NIC,MISSILES,part_n_extraterritorial,0,0.0
NIC,MISSILES,part_n_extraterritorial,1,0.0
NIC,MISSILES,part_n_extraterritorial,2,0.0
NIC,MISSILES,part_n_extraterritorial,3,0.0
NIC,MISSILES,part_n_extraterritorial,4,0.0
NIC,MISSILES,part_n_extraterritorial,5,0.0
NLD,MISSILES,part_n_extraterritorial,0,0.08232505952697618
NLD,MISSILES,part_n_extraterritorial,1,-0.1677026117361375
NLD,MISSILES,part_n_extraterritorial,2,0.16235375625424084
NLD,MISSILES,part_n_extraterritorial,3,-0.10884993719919296
NLD,MISSILES,part_n_extraterritorial,4,-0.008521836377784272
NLD,MISSILES,part_n_extraterritorial,5,0.01267612947255815
NOR,MISSILES,part_n_extraterritorial,0,-0.17459124884749777
NOR,MISSILES,part_n_extraterritorial,1,-0.2874902121581781
NOR,MISSILES,part_n_extraterritorial,2,0.27227319847947873
NOR,MISSILES,part_n_extraterritorial,3,-0.20291039381936532
NOR,MISSILES,part_n_extraterritorial,4,0.13108776372927822
NOR,MISSILES,part_n_extraterritorial,5,0.08584204219440768
NZL,MISSILES,part_n_extraterritorial,0,-0.1152183218695867
NZL,MISSILES,part_n_extraterritorial,1,-0.11071046335689627
NZL,MISSILES,part_n_extraterritorial,2,-0.1779999122686639
NZL,MISSILES,part_n_extraterritorial,3,0.11899042458368864
NZL,MISSILES,part_n_extraterritorial,4,0.29922219918416976
NZL,MISSILES,part_n_extraterritorial,5,0.0429243835856651
OMN,MISSILES,part_n_extraterritorial,0,-0.1343806578679389
OMN,MISSILES,part_n_extraterritorial,1,0.08632507146133692
OMN,MISSILES,part_n_extraterritorial,2,0.06636191609379397
PAK,MISSILES,part_n_extraterritorial,0,-0.005527688011104358
PAK,MISSILES,part_n_extraterritorial,1,-0.020319268161986037
PAK,MISSILES,part_n_extraterritorial,2,0.2861638373992001
PAK,MISSILES,part_n_extraterritorial,3,-0.43514453700750194
PAK,MISSILES,part_n_extraterritorial,4,0.15965337889340328
PAK,MISSILES,part_n_extraterritorial,5,0.10941641453373288
PER,MISSILES,part_n_extraterritorial,0,-0.05234478021847634
PER,MISSILES,part_n_extraterritorial,1,-0.08957997543502126
PER,MISSILES,part_n_extraterritorial,2,-0.011267421083586745
PER,MISSILES,part_n_extraterritorial,3,-0.01563837058291281
PER,MISSILES,part_n_extraterritorial,4,-0.09608759994318036
PER,MISSILES,part_n_extraterritorial,5,0.29885867018084467
PHL,MISSILES,part_n_extraterritorial,0,0.3189214299063776
PHL,MISSILES,part_n_extraterritorial,1,-0.28682699297428516
PHL,MISSILES,part_n_extraterritorial,2,0.07075826851680037
PHL,MISSILES,part_n_extraterritorial,3,0.2653941954486083
PHL,MISSILES,part_n_extraterritorial,4,-0.3379569189832974
PHL,MISSILES,part_n_extraterritorial,5,0.24139348812351197
POL,MISSILES,part_n_extraterritorial,0,-0.08641143290335203
POL,MISSILES,part_n_extraterritorial,1,0.3322882428358529
POL,MISSILES,part_n_extraterritorial,2,0.08504090713336626
POL,MISSILES,part_n_extraterritorial,3,-0.10831906882402982
POL,MISSILES,part_n_extraterritorial,4,0.2035626623867892
POL,MISSILES,part_n_extraterritorial,5,-0.009627161748413807
PRK,MISSILES,part_n_extraterritorial,0,0.07482922709274528
PRK,MISSILES,part_n_extraterritorial,1,0.0772800911640519
PRK,MISSILES,part_n_extraterritorial,2,0.07989743416745179
PRK,MISSILES,part_n_extraterritorial,3,0.08269887088924358
PRK,MISSILES,part_n_extraterritorial,4,0.08570460070130856
PRK,MISSILES,part_n_extraterritorial,5,0.0889379014064513
PRT,MISSILES,part_n_extraterritorial,0,0.280432001875747
PRT,MISSILES,part_n_extraterritorial,1,-0.4602412015897751
PRT,MISSILES,part_n_extraterritorial,2,0.14811002172206636
PRT,MISSILES,part_n_extraterritorial,3,-0.06907789621191139
PRT,MISSILES,part_n_extraterritorial,4,-0.03518496179567725
PRT,MISSILES,part_n_extraterritorial,5,0.16940858350704094
QAT,MISSILES,part_n_extraterritorial,0,0.05645308924142346
QAT,MISSILES,part_n_extraterritorial,1,-0.4880363196081201
QAT,MISSILES,part_n_extraterritorial,2,0.3250579574426649
QAT,MISSILES,part_n_extraterritorial,3,-0.10157886139644098
QAT,MISSILES,part_n_extraterritorial,4,0.29038969327388936
QAT,MISSILES,part_n_extraterritorial,5,-0.04293880474527136
ROU,MISSILES,part_n_extraterritorial,0,0.2879815495441115
ROU,MISSILES,part_n_extraterritorial,1,0.11389049316199526
ROU,MISSILES,part_n_extraterritorial,2,-0.33580443670844573
ROU,MISSILES,part_n_extraterritorial,3,0.31755280414377507
ROU,MISSILES,part_n_extraterritorial,4,-0.3055341948605207
ROU,MISSILES,part_n_extraterritorial,5,0.12999276708622678
RUS,MISSILES,part_n_extraterritorial,0,-0.09853470406549512
RUS,MISSILES,part_n_extraterritorial,1,0.23532460214296388
RUS,MISSILES,part_n_extraterritorial,2,-0.019334491154971694
RUS,MISSILES,part_n_extraterritorial,3,-1.2552471619704395e-18
RUS,MISSILES,part_n_extraterritorial,4,-5.911893237648912e-19
RUS,MISSILES,part_n_extraterritorial,5,-9.277254144731714e-19
RWA,MISSILES,part_n_extraterritorial,0,0.17788892394623051
RWA,MISSILES,part_n_extraterritorial,1,-0.10094520990851284
RWA,MISSILES,part_n_extraterritorial,2,-0.19150105125092512
RWA,MISSILES,part_n_extraterritorial,3,0.11203649807663359
RWA,MISSILES,part_n_extraterritorial,4,0.01783566455993592
RWA,MISSILES,part_n_extraterritorial,5,0.06167699116557072
SAU,MISSILES,part_n_extraterritorial,0,0.11742432534165842
SAU,MISSILES,part_n_extraterritorial,1,0.2613995668924461
SAU,MISSILES,part_n_extraterritorial,2,0.17038789523981981
SAU,MISSILES,part_n_extraterritorial,3,0.09672422495687681
SAU,MISSILES,part_n_extraterritorial,4,-0.29937710565704473
SAU,MISSILES,part_n_extraterritorial,5,-0.04403091126815907
SDN,MISSILES,part_n_extraterritorial,0,-0.3844493167254734
SDN,MISSILES,part_n_extraterritorial,1,0.09204641895902936
SDN,MISSILES,part_n_extraterritorial,2,-0.06934680307165474
SDN,MISSILES,part_n_extraterritorial,3,0.17043441306498325
SDN,MISSILES,part_n_extraterritorial,4,-0.1632644899103595
SDN,MISSILES,part_n_extraterritorial,5,0.39488045050036663
SEN,MISSILES,part_n_extraterritorial,0,0.1501768251558914
SEN,MISSILES,part_n_extraterritorial,1,-0.38312941622840535
SGP,MISSILES,part_n_extraterritorial,0,0.21945844399324757
SGP,MISSILES,part_n_extraterritorial,1,-0.07530163528964436
SGP,MISSILES,part_n_extraterritorial,2,0.1008378066840501
SGP,MISSILES,part_n_extraterritorial,3,0.00017716707816981927
SGP,MISSILES,part_n_extraterritorial,4,0.06475166664731671
SGP,MISSILES,part_n_extraterritorial,5,-0.5743625319220137
SRB,MISSILES,part_n_extraterritorial,0,-0.24474529512970397
SRB,MISSILES,part_n_extraterritorial,1,0.1246688002277969
SRB,MISSILES,part_n_extraterritorial,2,0.189865614258753
SRB,MISSILES,part_n_extraterritorial,3,0.10927489798113135
SRB,MISSILES,part_n_extraterritorial,4,-0.09403719071122014
SRB,MISSILES,part_n_extraterritorial,5,0.06515000296365359
SSD,MISSILES,part_n_extraterritorial,0,0.15025189763609195
SSD,MISSILES,part_n_extraterritorial,1,-0.15025189763609195
SSD,MISSILES,part_n_extraterritorial,2,5.338253718556186e-35
SSD,MISSILES,part_n_extraterritorial,3,0.0
SSD,MISSILES,part_n_extraterritorial,4,3.3076691677962695e-35
SSD,MISSILES,part_n_extraterritorial,5,3.1903270137699974e-36
SVK,MISSILES,part_n_extraterritorial,0,0.03766932858205462
SVK,MISSILES,part_n_extraterritorial,1,0.0440983740250749
SVK,MISSILES,part_n_extraterritorial,2,-0.08824924215519091
SVK,MISSILES,part_n_extraterritorial,3,-0.06169079460144054
SVK,MISSILES,part_n_extraterritorial,4,0.3582143170084734
SVK,MISSILES,part_n_extraterritorial,5,-0.1293867149244985
SVN,MISSILES,part_n_extraterritorial,0,0.0
SVN,MISSILES,part_n_extraterritorial,1,0.10116266737577423
SVN,MISSILES,part_n_extraterritorial,2,-0.17981639657333517
SVN,MISSILES,part_n_extraterritorial,3,0.13022950056515095
SVN,MISSILES,part_n_extraterritorial,4,-0.10935569737292958
SVN,MISSILES,part_n_extraterritorial,5,0.1816965729783989
SWE,MISSILES,part_n_extraterritorial,0,-0.09131160160778913
SWE,MISSILES,part_n_extraterritorial,1,0.15539935206496536
SWE,MISSILES,part_n_extraterritorial,2,-0.14173412440274283
SWE,MISSILES,part_n_extraterritorial,3,-0.2691272406849697
SWE,MISSILES,part_n_extraterritorial,4,0.044262526090495774
SWE,MISSILES,part_n_extraterritorial,5,0.009198720156644219
SYR,MISSILES,part_n_extraterritorial,0,0.12202517410801027
SYR,MISSILES,part_n_extraterritorial,1,-0.14172524836192493
SYR,MISSILES,part_n_extraterritorial,2,0.20388000156572597
TCD,MISSILES,part_n_extraterritorial,0,-0.2981128848160984
TCD,MISSILES,part_n_extraterritorial,1,0.2302495294129409
TCD,MISSILES,part_n_extraterritorial,2,0.05092512094104542
TCD,MISSILES,part_n_extraterritorial,3,-0.05688846399860247
TCD,MISSILES,part_n_extraterritorial,4,0.09848709163180144
TCD,MISSILES,part_n_extraterritorial,5,-0.05689128050822152
THA,MISSILES,part_n_extraterritorial,0,-0.17936215060169788
THA,MISSILES,part_n_extraterritorial,1,-0.022271438481945866
THA,MISSILES,part_n_extraterritorial,2,0.24368857856885462
THA,MISSILES,part_n_extraterritorial,3,0.014208744559815106
THA,MISSILES,part_n_extraterritorial,4,-0.2176542608900856
THA,MISSILES,part_n_extraterritorial,5,0.08776779604178184
TJK,MISSILES,part_n_extraterritorial,0,0.0
TJK,MISSILES,part_n_extraterritorial,1,0.0
TJK,MISSILES,part_n_extraterritorial,2,0.0
TJK,MISSILES,part_n_extraterritorial,3,-0.5649284679391627
TJK,MISSILES,part_n_extraterritorial,4,0.7442332642215757
TJK,MISSILES,part_n_extraterritorial,5,0.20631887537433705
TKM,MISSILES,part_n_extraterritorial,0,-3.1297126259139872e-18
TKM,MISSILES,part_n_extraterritorial,1,-2.6155775670479353e-18
TKM,MISSILES,part_n_extraterritorial,2,-0.5292045990691076
TKM,MISSILES,part_n_extraterritorial,3,0.6045031707506477
TKM,MISSILES,part_n_extraterritorial,4,-9.661337393310681e-19
TKM,MISSILES,part_n_extraterritorial,5,4.788295035030347e-18
TUN,MISSILES,part_n_extraterritorial,0,0.10621501612715141
TUN,MISSILES,part_n_extraterritorial,1,0.04640108844341375
TUN,MISSILES,part_n_extraterritorial,2,-0.09280910913769645
TUN,MISSILES,part_n_extraterritorial,3,0.04640823817834431
TUN,MISSILES,part_n_extraterritorial,4,0.04641216040416355
TUN,MISSILES,part_n_extraterritorial,5,-0.0928326904160516
TUR,MISSILES,part_n_extraterritorial,0,-0.10541158438040235
TUR,MISSILES,part_n_extraterritorial,1,-0.08859061854944042
TUR,MISSILES,part_n_extraterritorial,2,0.24006529437652696
TUR,MISSILES,part_n_extraterritorial,3,-0.11795930989119245
TUR,MISSILES,part_n_extraterritorial,4,0.21203031527618094
TUR,MISSILES,part_n_extraterritorial,5,-0.1701730591903342
TZA,MISSILES,part_n_extraterritorial,0,0.2749663655117524
TZA,MISSILES,part_n_extraterritorial,1,0.24683284997042843
TZA,MISSILES,part_n_extraterritorial,2,-0.0781428460901404
TZA,MISSILES,part_n_extraterritorial,3,-0.5086836494928892
TZA,MISSILES,part_n_extraterritorial,4,0.3751362664250992
TZA,MISSILES,part_n_extraterritorial,5,0.02972237699974044
UGA,MISSILES,part_n_extraterritorial,0,0.13982330017655684
UGA,MISSILES,part_n_extraterritorial,1,-0.06275840337144964
UGA,MISSILES,part_n_extraterritorial,2,0.48454570530226576
UGA,MISSILES,part_n_extraterritorial,3,-0.07312277413263749
UGA,MISSILES,part_n_extraterritorial,4,0.09730870609634978
UGA,MISSILES,part_n_extraterritorial,5,0.00994220206309775
UKR,MISSILES,part_n_extraterritorial,0,0.06357264941222619
UKR,MISSILES,part_n_extraterritorial,1,-0.3698722777219241
UKR,MISSILES,part_n_extraterritorial,2,0.05414603215596217
UKR,MISSILES,part_n_extraterritorial,3,-0.4346647386275617
UKR,MISSILES,part_n_extraterritorial,4,0.5029661037733822
UKR,MISSILES,part_n_extraterritorial,5,-0.40165576944644954
USA,MISSILES,part_n_extraterritorial,0,-0.3559647277921384
USA,MISSILES,part_n_extraterritorial,1,0.11140936972041683
USA,MISSILES,part_n_extraterritorial,2,0.10929034499897781
USA,MISSILES,part_n_extraterritorial,3,0.29441515570915255
USA,MISSILES,part_n_extraterritorial,4,-0.2594210918822267
USA,MISSILES,part_n_extraterritorial,5,-0.12780859429209018
UZB,MISSILES,part_n_extraterritorial,0,-6.772412561195538e-20
UZB,MISSILES,part_n_extraterritorial,1,0.0
UZB,MISSILES,part_n_extraterritorial,2,0.0
UZB,MISSILES,part_n_extraterritorial,3,-2.670946824238659e-20
UZB,MISSILES,part_n_extraterritorial,4,9.60586256715707e-19
UZB,MISSILES,part_n_extraterritorial,5,2.09324136471773e-18
VNM,MISSILES,part_n_extraterritorial,0,-0.012513149776947086
VNM,MISSILES,part_n_extraterritorial,1,-0.09333959259893862
VNM,MISSILES,part_n_extraterritorial,2,0.08662293645402991
VNM,MISSILES,part_n_extraterritorial,3,-0.21851353534207457
VNM,MISSILES,part_n_extraterritorial,4,0.30980363597847654
VNM,MISSILES,part_n_extraterritorial,5,-0.07195485015074377
YEM,MISSILES,part_n_extraterritorial,0,-3.4948044650456317e-19
YEM,MISSILES,part_n_extraterritorial,1,8.265497510886669e-19
YEM,MISSILES,part_n_extraterritorial,2,-9.640957428273285e-20
YEM,MISSILES,part_n_extraterritorial,3,7.782237190929151e-20
YEM,MISSILES,part_n_extraterritorial,4,-3.5661224206971747e-19
YEM,MISSILES,part_n_extraterritorial,5,-2.195002503252466e-19
ZAF,MISSILES,part_n_extraterritorial,0,-0.29683049071068834
ZAF,MISSILES,part_n_extraterritorial,1,0.02630868932242184
ZAF,MISSILES,part_n_extraterritorial,2,0.11515852301589706
ZAF,MISSILES,part_n_extraterritorial,3,-0.12628424527246318
ZAF,MISSILES,part_n_extraterritorial,4,-0.2290496972043614
ZAF,MISSILES,part_n_extraterritorial,5,0.17893839463942351
ZMB,MISSILES,part_n_extraterritorial,0,-0.5789675499436187
ZMB,MISSILES,part_n_extraterritorial,1,0.4097458319385856
ZMB,MISSILES,part_n_extraterritorial,2,4.6515996894536234e-17
ZMB,MISSILES,part_n_extraterritorial,3,-0.18469152250897294
ZMB,MISSILES,part_n_extraterritorial,4,0.5238476828572421
ZMB,MISSILES,part_n_extraterritorial,5,-0.028860065981622926
AGO,NAVAL,part_n_minor,0,0.08805147849874101
AGO,NAVAL,part_n_minor,1,0.2607739875106879
AGO,NAVAL,part_n_minor,2,-0.3043929507404231
AGO,NAVAL,part_n_minor,3,0.05937323695116024
AGO,NAVAL,part_n_minor,4,0.1341646164215372
AGO,NAVAL,part_n_minor,5,-0.01474122496347619
ARE,NAVAL,part_n_minor,0,0.4718131104916095
ARE,NAVAL,part_n_minor,1,-0.5459785414483723
ARE,NAVAL,part_n_minor,2,0.2913071022758846
ARE,NAVAL,part_n_minor,3,-0.02245665954635265
ARE,NAVAL,part_n_minor,4,-0.07133996244342994
ARE,NAVAL,part_n_minor,5,-0.04194874019339918
ARG,NAVAL,part_n_minor,0,0.10184029380660028
ARG,NAVAL,part_n_minor,1,0.056873393695721114
ARG,NAVAL,part_n_minor,2,-0.30819725887314553
ARG,NAVAL,part_n_minor,3,0.3824338849072068
ARG,NAVAL,part_n_minor,4,-0.2333620490520169
ARG,NAVAL,part_n_minor,5,0.1152435117678402
AUS,NAVAL,part_n_minor,0,0.08619105781132651
AUS,NAVAL,part_n_minor,1,-0.059249911476633436
AUS,NAVAL,part_n_minor,2,-0.04711261611411827
AUS,NAVAL,part_n_minor,3,0.23745869341175738
AUS,NAVAL,part_n_minor,4,-0.010886231804716666
AUS,NAVAL,part_n_minor,5,-0.17086145659137336
AZE,NAVAL,part_n_minor,0,1.2345411264134395e-34
AZE,NAVAL,part_n_minor,1,-0.02931642792819868
AZE,NAVAL,part_n_minor,2,-0.19391672269181323
AZE,NAVAL,part_n_minor,3,-0.14928041634777292
AZE,NAVAL,part_n_minor,4,-0.09758117343843278
AZE,NAVAL,part_n_minor,5,0.32572449656803865
BEL,NAVAL,part_n_minor,0,-0.04699217374526863
BEL,NAVAL,part_n_minor,1,0.13989672200070646
BEL,NAVAL,part_n_minor,2,-0.03334147787741746
BEL,NAVAL,part_n_minor,3,0.2065796777555414
BEL,NAVAL,part_n_minor,4,-0.3616277803456385
BEL,NAVAL,part_n_minor,5,-0.11531741989867973
BEN,NAVAL,part_n_minor,0,-0.5845311365304373
BEN,NAVAL,part_n_minor,1,0.6656636191708792
BEN,NAVAL,part_n_minor,2,-0.16213154362256135
BEN,NAVAL,part_n_minor,3,0.2666837316035382
BEN,NAVAL,part_n_minor,4,-0.3712710977083485
BEN,NAVAL,part_n_minor,5,0.18566737292375457
BGD,NAVAL,part_n_minor,0,0.050015063670503006
BGD,NAVAL,part_n_minor,1,0.057997055884034775
BGD,NAVAL,part_n_minor,2,-0.1609388211328565
BGD,NAVAL,part_n_minor,3,0.12102006103211661
BGD,NAVAL,part_n_minor,4,0.22147411092017874
BGD,NAVAL,part_n_minor,5,-0.22339195571859896
BGR,NAVAL,part_n_minor,0,0.033512698906198075
BGR,NAVAL,part_n_minor,1,-0.1720250762853215
BGR,NAVAL,part_n_minor,2,0.3251363672068972
BGR,NAVAL,part_n_minor,3,-0.15124792955709998
BGR,NAVAL,part_n_minor,4,-0.09367140327034573
BGR,NAVAL,part_n_minor,5,0.17416619644252238
BHR,NAVAL,part_n_minor,0,-0.07769440108300421
BHR,NAVAL,part_n_minor,1,-0.06813594636104357
BHR,NAVAL,part_n_minor,2,0.04540367827074007
BHR,NAVAL,part_n_minor,3,0.24824008071484996
BHR,NAVAL,part_n_minor,4,0.15410653736111626
BHR,NAVAL,part_n_minor,5,0.020147546944964647
BRA,NAVAL,part_n_minor,0,-0.10555030228997847
BRA,NAVAL,part_n_minor,1,-0.1250614747385572
BRA,NAVAL,part_n_minor,2,0.10165119990459393
BRA,NAVAL,part_n_minor,3,0.09252385959400736
BRA,NAVAL,part_n_minor,4,-0.41977785235073983
BRA,NAVAL,part_n_minor,5,0.47336403280585637
CAN,NAVAL,part_n_minor,0,-0.07384922582003271
CAN,NAVAL,part_n_minor,1,0.12323006542907657
CAN,NAVAL,part_n_minor,2,0.1789165216558256
CAN,NAVAL,part_n_minor,3,0.10396915533576116
CAN,NAVAL,part_n_minor,4,0.0833117499812243
CAN,NAVAL,part_n_minor,5,-0.2649715028185308
CHN,NAVAL,part_n_minor,0,0.03834173805733585
CHN,NAVAL,part_n_minor,1,0.15406526285579877
CHN,NAVAL,part_n_minor,2,-0.06293484073994378
CHN,NAVAL,part_n_minor,3,0.23242033012339688
CHN,NAVAL,part_n_minor,4,-0.12092531526539352
CHN,NAVAL,part_n_minor,5,-0.04217293060615176
CIV,NAVAL,part_n_minor,0,0.10794213932159184
CIV,NAVAL,part_n_minor,1,0.06453695977631609
CIV,NAVAL,part_n_minor,2,-0.4122922021988439
CIV,NAVAL,part_n_minor,3,0.20553727820244028
CIV,NAVAL,part_n_minor,4,0.1756187835373742
CIV,NAVAL,part_n_minor,5,-0.08961000566619771
CMR,NAVAL,part_n_minor,0,-0.16207644816705513
CMR,NAVAL,part_n_minor,1,0.48384103210227164
CMR,NAVAL,part_n_minor,2,-0.18397061114284663
CMR,NAVAL,part_n_minor,3,0.052514398960967296
CMR,NAVAL,part_n_minor,4,0.20044516886517563
CMR,NAVAL,part_n_minor,5,-0.34098125787282824
COL,NAVAL,part_n_minor,0,-0.517559551911136
COL,NAVAL,part_n_minor,1,0.42181670121171955
COL,NAVAL,part_n_minor,2,-0.16235742083423177
COL,NAVAL,part_n_minor,3,-0.22603139316142276
COL,NAVAL,part_n_minor,4,0.390281429656987
COL,NAVAL,part_n_minor,5,-0.32972648794753107
DEU,NAVAL,part_n_minor,0,0.021773765941680994
DEU,NAVAL,part_n_minor,1,0.14726468427301947
DEU,NAVAL,part_n_minor,2,-0.05221563936000938
DEU,NAVAL,part_n_minor,3,-0.026843642703999405
DEU,NAVAL,part_n_minor,4,-0.08808849952840765
DEU,NAVAL,part_n_minor,5,0.06313561983771948
DJI,NAVAL,part_n_minor,0,-0.12433483152346415
DJI,NAVAL,part_n_minor,1,0.026453138264603344
DJI,NAVAL,part_n_minor,2,0.019595521042230394
DJI,NAVAL,part_n_minor,3,0.2511862638831507
DJI,NAVAL,part_n_minor,4,-0.5837486795818504
DJI,NAVAL,part_n_minor,5,0.07293282252371967
DNK,NAVAL,part_n_minor,0,-0.392174350046147
DNK,NAVAL,part_n_minor,1,0.12498756874679536
DNK,NAVAL,part_n_minor,2,0.12622307807603658
DNK,NAVAL,part_n_minor,3,-0.026380971527172704
DNK,NAVAL,part_n_minor,4,0.1311934203475782
DNK,NAVAL,part_n_minor,5,-0.28170444222162117
DOM,NAVAL,part_n_minor,0,0.37550370100090336
DOM,NAVAL,part_n_minor,1,0.22440968276668416
DOM,NAVAL,part_n_minor,2,-0.5020367835014434
DOM,NAVAL,part_n_minor,3,0.45452485598003917
DOM,NAVAL,part_n_minor,4,-0.24133077486751175
DOM,NAVAL,part_n_minor,5,-3.094953331868057e-35
DZA,NAVAL,part_n_minor,0,0.02269368326984143
DZA,NAVAL,part_n_minor,1,-0.0647661424276649
DZA,NAVAL,part_n_minor,2,0.38622928985776533
DZA,NAVAL,part_n_minor,3,-0.24949045102922712
DZA,NAVAL,part_n_minor,4,0.13098353556317283
DZA,NAVAL,part_n_minor,5,-0.24654894495379945
ECU,NAVAL,part_n_minor,0,0.17779646310114783
ECU,NAVAL,part_n_minor,1,-0.19267436087621084
ECU,NAVAL,part_n_minor,2,0.14481325020757135
ECU,NAVAL,part_n_minor,3,-0.17348366801084036
ECU,NAVAL,part_n_minor,4,0.21218962018398643
ECU,NAVAL,part_n_minor,5,0.056371788832008864
EGY,NAVAL,part_n_minor,0,0.33810743611001787
EGY,NAVAL,part_n_minor,1,-0.02329798377897346
EGY,NAVAL,part_n_minor,2,0.04773354314102442
EGY,NAVAL,part_n_minor,3,-0.06491746426928519
EGY,NAVAL,part_n_minor,4,0.08921002404474296
EGY,NAVAL,part_n_minor,5,-0.28421902717348535
ERI,NAVAL,part_n_minor,0,0.2788334866894672
ERI,NAVAL,part_n_minor,1,-0.2788334866894673
ERI,NAVAL,part_n_minor,2,0.27883348668946734
ERI,NAVAL,part_n_minor,3,-0.28851281419106856
ERI,NAVAL,part_n_minor,4,0.29819214169266983
ERI,NAVAL,part_n_minor,5,-0.43760888503740347
ESP,NAVAL,part_n_minor,0,-0.15109370094125557
ESP,NAVAL,part_n_minor,1,0.16055470215662296
ESP,NAVAL,part_n_minor,2,-0.12944554546736697
ESP,NAVAL,part_n_minor,3,-0.06585402552944206
ESP,NAVAL,part_n_minor,4,-0.015335951155724404
ESP,NAVAL,part_n_minor,5,0.20415826740188736
EST,NAVAL,part_n_minor,0,0.03796621545919783
EST,NAVAL,part_n_minor,1,-0.03796621545919782
EST,NAVAL,part_n_minor,2,0.03796621545919782
EST,NAVAL,part_n_minor,3,-0.3397643761336764
EST,NAVAL,part_n_minor,4,0.0914765907301551
EST,NAVAL,part_n_minor,5,0.0167317269712872
ETH,NAVAL,part_n_minor,0,0.3169845483520641
ETH,NAVAL,part_n_minor,1,-0.09988496194319506
ETH,NAVAL,part_n_minor,2,-0.17266859872353302
ETH,NAVAL,part_n_minor,3,0.21921080411033503
ETH,NAVAL,part_n_minor,4,-0.27677071249600965
ETH,NAVAL,part_n_minor,5,0.5650602599500469
FIN,NAVAL,part_n_minor,0,-0.16799088177767227
FIN,NAVAL,part_n_minor,1,0.3625649349065512
FIN,NAVAL,part_n_minor,2,-0.13181142665130616
FIN,NAVAL,part_n_minor,3,0.07570404149938163
FIN,NAVAL,part_n_minor,4,0.017630580504611134
FIN,NAVAL,part_n_minor,5,-0.06943821157852897
FRA,NAVAL,part_n_minor,0,-0.22255286097255614
FRA,NAVAL,part_n_minor,1,0.13026302223052302
FRA,NAVAL,part_n_minor,2,-0.21814838853421106
FRA,NAVAL,part_n_minor,3,0.2579862377988314
FRA,NAVAL,part_n_minor,4,-0.2847058007408954
FRA,NAVAL,part_n_minor,5,0.2543109955314576
GAB,NAVAL,part_n_minor,0,0.0
GAB,NAVAL,part_n_minor,1,0.0
GAB,NAVAL,part_n_minor,2,0.0
GAB,NAVAL,part_n_minor,3,0.0
GAB,NAVAL,part_n_minor,4,0.0
GAB,NAVAL,part_n_minor,5,0.0
GBR,NAVAL,part_n_minor,0,0.21443383130287771
GBR,NAVAL,part_n_minor,1,-0.10319500646305024
GBR,NAVAL,part_n_minor,2,0.2935717548375912
GBR,NAVAL,part_n_minor,3,-0.39153701190684503
GBR,NAVAL,part_n_minor,4,0.3523467684952691
GBR,NAVAL,part_n_minor,5,-0.1417908013535882
GEO,NAVAL,part_n_minor,0,0.1772705760652946
GEO,NAVAL,part_n_minor,1,-0.08922797726276509
GEO,NAVAL,part_n_minor,2,-0.09627349198984807
GEO,NAVAL,part_n_minor,3,0.10224474600195617
GEO,NAVAL,part_n_minor,4,-0.07672545005155923
GEO,NAVAL,part_n_minor,5,-0.08926422329796416
GHA,NAVAL,part_n_minor,0,-0.5235694087548008
GHA,NAVAL,part_n_minor,1,0.1796995719376988
GHA,NAVAL,part_n_minor,2,0.20045317450323785
GHA,NAVAL,part_n_minor,3,-0.014988434667836883
GHA,NAVAL,part_n_minor,4,-0.01594140041453236
GHA,NAVAL,part_n_minor,5,-0.16289357534793839
GIN,NAVAL,part_n_minor,0,0.007338254908584924
GIN,NAVAL,part_n_minor,1,-0.249399443198851
GIN,NAVAL,part_n_minor,2,1.2999602333698457e-18
GIN,NAVAL,part_n_minor,3,-1.9963055219661307e-18
GIN,NAVAL,part_n_minor,4,-4.943291685677848e-19
GIN,NAVAL,part_n_minor,5,0.26587928450339243
GMB,NAVAL,part_n_minor,0,0.005008287061243451
GMB,NAVAL,part_n_minor,1,0.0051564497029856085
GMB,NAVAL,part_n_minor,2,0.005313645963200056
GMB,NAVAL,part_n_minor,3,0.005480728006581193
GMB,NAVAL,part_n_minor,4,0.005658658660548205
GMB,NAVAL,part_n_minor,5,-0.4457892596376808
GNB,NAVAL,part_n_minor,0,0.0
GNB,NAVAL,part_n_minor,1,0.0
GNB,NAVAL,part_n_minor,2,0.0
GNB,NAVAL,part_n_minor,3,0.0
GNB,NAVAL,part_n_minor,4,-0.10957170690780102
GNB,NAVAL,part_n_minor,5,0.10957170690780105
GRC,NAVAL,part_n_minor,0,-0.2656744314277452
GRC,NAVAL,part_n_minor,1,0.1340804216746915
GRC,NAVAL,part_n_minor,2,-0.07870483507881487
GRC,NAVAL,part_n_minor,3,-0.010633824340059822
GRC,NAVAL,part_n_minor,4,-0.08575572962379518
GRC,NAVAL,part_n_minor,5,-0.10462133617599385
GTM,NAVAL,part_n_minor,0,0.2254352426906234
GTM,NAVAL,part_n_minor,1,-0.24235969538963129
GTM,NAVAL,part_n_minor,2,3.792025517438668e-20
GTM,NAVAL,part_n_minor,3,4.931790713911833e-19
GTM,NAVAL,part_n_minor,4,0.39644003033108793
GTM,NAVAL,part_n_minor,5,-0.5582802805258319
HND,NAVAL,part_n_minor,0,2.4836976904625946e-35
HND,NAVAL,part_n_minor,1,2.39771369627773e-36
HND,NAVAL,part_n_minor,2,3.3429555585105745e-35
HND,NAVAL,part_n_minor,3,4.504565076994939e-19
HND,NAVAL,part_n_minor,4,0.0
HND,NAVAL,part_n_minor,5,1.23896181478726e-19
HRV,NAVAL,part_n_minor,0,0.15765283309421946
HRV,NAVAL,part_n_minor,1,0.06395721161674095
HRV,NAVAL,part_n_minor,2,0.023604703852273038
HRV,NAVAL,part_n_minor,3,0.2776283293805804
HRV,NAVAL,part_n_minor,4,-0.5633414710140879
HRV,NAVAL,part_n_minor,5,0.5271321809437002
IDN,NAVAL,part_n_minor,0,-0.07741381722009284
IDN,NAVAL,part_n_minor,1,0.1457372561758507
IDN,NAVAL,part_n_minor,2,-0.20450078617935927
IDN,NAVAL,part_n_minor,3,0.09023274595334527
IDN,NAVAL,part_n_minor,4,0.1434534203792528
IDN,NAVAL,part_n_minor,5,-0.009774291232711807
IND,NAVAL,part_n_minor,0,-0.15365307558019112
IND,NAVAL,part_n_minor,1,0.09041856377424735
IND,NAVAL,part_n_minor,2,-0.22227787834007398
IND,NAVAL,part_n_minor,3,0.31809333588288263
IND,NAVAL,part_n_minor,4,-0.14868520537509838
IND,NAVAL,part_n_minor,5,0.029132758666365832
IRL,NAVAL,part_n_minor,0,-0.0021532258850946403
IRL,NAVAL,part_n_minor,1,0.06193324982034012
IRL,NAVAL,part_n_minor,2,-0.0035691236346538113
IRL,NAVAL,part_n_minor,3,-0.1090211123511178
IRL,NAVAL,part_n_minor,4,-0.06382887814459559
IRL,NAVAL,part_n_minor,5,0.37948024504104344
IRN,NAVAL,part_n_minor,0,-0.1461496640562257
IRN,NAVAL,part_n_minor,1,0.05717348549104669
IRN,NAVAL,part_n_minor,2,-0.37927203364816764
IRN,NAVAL,part_n_minor,3,0.24740112709209555
IRN,NAVAL,part_n_minor,4,0.1167386654763229
IRN,NAVAL,part_n_minor,5,0.33060430299002863
IRQ,NAVAL,part_n_minor,0,-0.27111163165853175
IRQ,NAVAL,part_n_minor,1,0.29783904501841446
IRQ,NAVAL,part_n_minor,2,0.04625893811764224
IRQ,NAVAL,part_n_minor,3,0.05282609618858667
IRQ,NAVAL,part_n_minor,4,-0.2570502779438651
IRQ,NAVAL,part_n_minor,5,-0.13930848282417102
ISL,NAVAL,part_n_minor,0,0.35355339059327373
ISL,NAVAL,part_n_minor,1,-0.7071067811865475
ISL,NAVAL,part_n_minor,2,0.7071067811865475
ISL,NAVAL,part_n_minor,3,-0.35355339059327373
ISL,NAVAL,part_n_minor,4,0.0
ISL,NAVAL,part_n_minor,5,0.0
ISR,NAVAL,part_n_minor,0,0.03358285339887612
ISR,NAVAL,part_n_minor,1,0.11553888462163475
ISR,NAVAL,part_n_minor,2,-0.06443200686128076
ISR,NAVAL,part_n_minor,3,-0.07406483937027876
ISR,NAVAL,part_n_minor,4,0.0991330148957586
ISR,NAVAL,part_n_minor,5,-0.2451764570788601
ITA,NAVAL,part_n_minor,0,-0.3158154897535286
ITA,NAVAL,part_n_minor,1,0.04369175703360925
ITA,NAVAL,part_n_minor,2,0.06158007288423359
ITA,NAVAL,part_n_minor,3,0.0
ITA,NAVAL,part_n_minor,4,0.16685190280207646
ITA,NAVAL,part_n_minor,5,-0.3337038056041529
JOR,NAVAL,part_n_minor,0,-3.216334599684923e-19
JOR,NAVAL,part_n_minor,1,6.875588814649272e-19
JOR,NAVAL,part_n_minor,2,-4.0448018363624036e-19
JOR,NAVAL,part_n_minor,3,3.7965464779685507e-19
JOR,NAVAL,part_n_minor,4,2.5002847103455446e-19
JOR,NAVAL,part_n_minor,5,5.560135488607774e-21
JPN,NAVAL,part_n_minor,0,0.0384910923235114
JPN,NAVAL,part_n_minor,1,-0.09473905080695223
JPN,NAVAL,part_n_minor,2,0.10220336646125255
JPN,NAVAL,part_n_minor,3,-0.11961453696630098
JPN,NAVAL,part_n_minor,4,0.07097707979280456
JPN,NAVAL,part_n_minor,5,-0.0772445589593565
KAZ,NAVAL,part_n_minor,0,-0.05772313796177926
KAZ,NAVAL,part_n_minor,1,0.19680246949706753
KAZ,NAVAL,part_n_minor,2,-0.07535950030181839
KAZ,NAVAL,part_n_minor,3,-0.10780231298311829
KAZ,NAVAL,part_n_minor,4,-0.17968486848220677
KAZ,NAVAL,part_n_minor,5,0.2968156998600736
KEN,NAVAL,part_n_minor,0,-0.12904583442755052
KEN,NAVAL,part_n_minor,1,0.04928430953962127
KEN,NAVAL,part_n_minor,2,-0.14944742718773418
KEN,NAVAL,part_n_minor,3,0.13830636343200298
KEN,NAVAL,part_n_minor,4,0.10194535796158921
KEN,NAVAL,part_n_minor,5,0.05080505736988084
KHM,NAVAL,part_n_minor,0,5.186504182094571e-19
KHM,NAVAL,part_n_minor,1,-3.203965714805184e-19
KHM,NAVAL,part_n_minor,2,-2.281942330246111e-19
KHM,NAVAL,part_n_minor,3,-0.20439940230499687
KHM,NAVAL,part_n_minor,4,0.27325780803748745
KHM,NAVAL,part_n_minor,5,-0.40791812395014115
KOR,NAVAL,part_n_minor,0,-0.23709869467146963
KOR,NAVAL,part_n_minor,1,0.26686587980793197
KOR,NAVAL,part_n_minor,2,-0.27364320204138975
KOR,NAVAL,part_n_minor,3,0.010592678915543018
KOR,NAVAL,part_n_minor,4,0.08713765440865597
KOR,NAVAL,part_n_minor,5,-0.1609295829872044
KWT,NAVAL,part_n_minor,0,3.657494864979049e-35
KWT,NAVAL,part_n_minor,1,3.530874778158838e-36
KWT,NAVAL,part_n_minor,2,4.922838570916542e-35
KWT,NAVAL,part_n_minor,3,0.0
KWT,NAVAL,part_n_minor,4,-0.3509175713091193
KWT,NAVAL,part_n_minor,5,0.3509175713091194
LBN,NAVAL,part_n_minor,0,7.180394643503012e-19
LBN,NAVAL,part_n_minor,1,-0.26116887642113834
LBN,NAVAL,part_n_minor,2,0.32558956234670366
LBN,NAVAL,part_n_minor,3,0.3255895623467037
LBN,NAVAL,part_n_minor,4,-0.7616518104669958
LBN,NAVAL,part_n_minor,5,0.6511791246934074
LBR,NAVAL,part_n_minor,0,-0.1626591211195289
LBR,NAVAL,part_n_minor,1,0.41352752999528025
LBR,NAVAL,part_n_minor,2,-1.30631902871665e-19
LBR,NAVAL,part_n_minor,3,1.5374197632826577e-18
LBR,NAVAL,part_n_minor,4,-1.8428360676438567e-19
LBR,NAVAL,part_n_minor,5,-2.8375653433222595e-19
LBY,NAVAL,part_n_minor,0,-0.17681465251540568
LBY,NAVAL,part_n_minor,1,0.17681465251540565
LBY,NAVAL,part_n_minor,2,-4.046717639339409e-19
LBY,NAVAL,part_n_minor,3,-0.28024459381495964
LBY,NAVAL,part_n_minor,4,0.17681465251540565
LBY,NAVAL,part_n_minor,5,0.38367453511451377
LKA,NAVAL,part_n_minor,0,0.14042513148438113
LKA,NAVAL,part_n_minor,1,-0.16452970174631523
LKA,NAVAL,part_n_minor,2,0.027105616047898493
LKA,NAVAL,part_n_minor,3,0.18499777360015976
LKA,NAVAL,part_n_minor,4,-0.10499351204147431
LKA,NAVAL,part_n_minor,5,-0.2195111200475907
LTU,NAVAL,part_n_minor,0,0.17081798166331852
LTU,NAVAL,part_n_minor,1,0.0870561818976746
LTU,NAVAL,part_n_minor,2,-0.2952763164856524
LTU,NAVAL,part_n_minor,3,0.1537212525305359
LTU,NAVAL,part_n_minor,4,0.07840275543789699
LTU,NAVAL,part_n_minor,5,-0.03535501955337517
LVA,NAVAL,part_n_minor,0,-0.02306874839589569
LVA,NAVAL,part_n_minor,1,0.012919547937578612
LVA,NAVAL,part_n_minor,2,-0.10998873843738062
LVA,NAVAL,part_n_minor,3,0.0547630417949634
LVA,NAVAL,part_n_minor,4,0.14889231605463588
LVA,NAVAL,part_n_minor,5,-0.2441253965166004
MAR,NAVAL,part_n_minor,0,0.055592774860086125
MAR,NAVAL,part_n_minor,1,0.036018966602579916
MAR,NAVAL,part_n_minor,2,-0.24876452275223188
MAR,NAVAL,part_n_minor,3,0.3201682613119989
MAR,NAVAL,part_n_minor,4,0.055977602500988835
MAR,NAVAL,part_n_minor,5,-0.3917143148397802
MDG,NAVAL,part_n_minor,0,0.0
MDG,NAVAL,part_n_minor,1,0.0
MDG,NAVAL,part_n_minor,2,0.0
MDG,NAVAL,part_n_minor,3,0.0
MDG,NAVAL,part_n_minor,4,0.0
MDG,NAVAL,part_n_minor,5,0.0
MEX,NAVAL,part_n_minor,0,-0.18769936573512222
MEX,NAVAL,part_n_minor,1,0.13801183396716998
MEX,NAVAL,part_n_minor,2,-0.10720133636954977
MEX,NAVAL,part_n_minor,3,0.3397303720564122
MEX,NAVAL,part_n_minor,4,-0.1935325444042311
MEX,NAVAL,part_n_minor,5,-0.11832065010275428
MMR,NAVAL,part_n_minor,0,-0.06537388583181125
MMR,NAVAL,part_n_minor,1,-0.036767215045533014
MMR,NAVAL,part_n_minor,2,-0.03542627958475943
MMR,NAVAL,part_n_minor,3,-0.12392060216778002
MMR,NAVAL,part_n_minor,4,0.2593202069224016
MMR,NAVAL,part_n_minor,5,-0.06750363414016038
MOZ,NAVAL,part_n_minor,0,0.4851059375635711
MOZ,NAVAL,part_n_minor,1,-0.24733601928616328
MOZ,NAVAL,part_n_minor,2,-0.2601292213192767
MOZ,NAVAL,part_n_minor,3,0.4712117858847072
MOZ,NAVAL,part_n_minor,4,-0.17682401811861095
MOZ,NAVAL,part_n_minor,5,-0.04541750402566544
MRT,NAVAL,part_n_minor,0,-0.20693708403102862
MRT,NAVAL,part_n_minor,1,0.10620537173713084
MRT,NAVAL,part_n_minor,2,0.10275776836370001
MRT,NAVAL,part_n_minor,3,-0.19978653617832326
MRT,NAVAL,part_n_minor,4,0.22542920745358805
MRT,NAVAL,part_n_minor,5,-0.051630907443869854
MYS,NAVAL,part_n_minor,0,0.03187824496237061
MYS,NAVAL,part_n_minor,1,0.13798957502535122
MYS,NAVAL,part_n_minor,2,-0.09857365641880564
MYS,NAVAL,part_n_minor,3,-0.13581594035004757
MYS,NAVAL,part_n_minor,4,0.3557687903642693
MYS,NAVAL,part_n_minor,5,-0.11733458185757199
NAM,NAVAL,part_n_minor,0,0.0
NAM,NAVAL,part_n_minor,1,0.0
NAM,NAVAL,part_n_minor,2,0.0
NAM,NAVAL,part_n_minor,3,0.0
NAM,NAVAL,part_n_minor,4,0.0
NAM,NAVAL,part_n_minor,5,0.0
NGA,NAVAL,part_n_minor,0,0.1149710063617295
NGA,NAVAL,part_n_minor,1,-0.0627589034259014
NGA,NAVAL,part_n_minor,2,0.25763994693202835
NGA,NAVAL,part_n_minor,3,-0.2906229847746783
NGA,NAVAL,part_n_minor,4,0.2237039549640722
NGA,NAVAL,part_n_minor,5,-0.1624511043636797
NIC,NAVAL,part_n_minor,0,4.1296532746228856e-19
NIC,NAVAL,part_n_minor,1,-4.890601387918992e-19
NIC,NAVAL,part_n_minor,2,0.0
NIC,NAVAL,part_n_minor,3,0.0
NIC,NAVAL,part_n_minor,4,0.0
NIC,NAVAL,part_n_minor,5,6.828775489038186e-19
NLD,NAVAL,part_n_minor,0,0.3784052670561858
NLD,NAVAL,part_n_minor,1,-0.24045368766264102
NLD,NAVAL,part_n_minor,2,0.036838375623623694
NLD,NAVAL,part_n_minor,3,-0.005605219427133902
NLD,NAVAL,part_n_minor,4,-0.029692545542836617
NLD,NAVAL,part_n_minor,5,-0.06369242951299188
NOR,NAVAL,part_n_minor,0,-0.1797684818598398
NOR,NAVAL,part_n_minor,1,-0.22568840372416551
NOR,NAVAL,part_n_minor,2,0.40838323764380857
NOR,NAVAL,part_n_minor,3,-0.17564920024140798
NOR,NAVAL,part_n_minor,4,-0.0017926128039003415
NOR,NAVAL,part_n_minor,5,-0.005161707703595482
NZL,NAVAL,part_n_minor,0,-0.07862199553293309
NZL,NAVAL,part_n_minor,1,0.1580298213324689
NZL,NAVAL,part_n_minor,2,-0.18269158817568448
NZL,NAVAL,part_n_minor,3,-0.03409353448885169
NZL,NAVAL,part_n_minor,4,0.26332917327211075
NZL,NAVAL,part_n_minor,5,-0.20405507447630217
PAK,NAVAL,part_n_minor,0,0.16233909278069666
PAK,NAVAL,part_n_minor,1,0.06155524534478595
PAK,NAVAL,part_n_minor,2,-0.14926236780693494
PAK,NAVAL,part_n_minor,3,0.1789266822191581
PAK,NAVAL,part_n_minor,4,-0.2709010342449729
PAK,NAVAL,part_n_minor,5,0.16882322839671435
PER,NAVAL,part_n_minor,0,0.0618110881136931
PER,NAVAL,part_n_minor,1,-0.05300457750279177
PER,NAVAL,part_n_minor,2,0.16409342033596908
PER,NAVAL,part_n_minor,3,0.07983178518488032
PER,NAVAL,part_n_minor,4,0.02030817226511696
PER,NAVAL,part_n_minor,5,0.08941998644751761
PHL,NAVAL,part_n_minor,0,0.09798465122031136
PHL,NAVAL,part_n_minor,1,0.001586356047295096
PHL,NAVAL,part_n_minor,2,-0.20156526613372372
PHL,NAVAL,part_n_minor,3,0.30228328630919105
PHL,NAVAL,part_n_minor,4,-0.40340514920766996
PHL,NAVAL,part_n_minor,5,0.3830973881358864
PNG,NAVAL,part_n_minor,0,-0.28974226283738336
PNG,NAVAL,part_n_minor,1,0.17001841679690463
PNG,NAVAL,part_n_minor,2,-0.2180037318422448
PNG,NAVAL,part_n_minor,3,0.004238079565122842
PNG,NAVAL,part_n_minor,4,-0.012720475157298737
PNG,NAVAL,part_n_minor,5,-0.013152863760629569
POL,NAVAL,part_n_minor,0,0.12022403881932554
POL,NAVAL,part_n_minor,1,-0.04343025081039373
POL,NAVAL,part_n_minor,2,0.08765271065382217
POL,NAVAL,part_n_minor,3,0.09037926851274461
POL,NAVAL,part_n_minor,4,0.02525536556177402
POL,NAVAL,part_n_minor,5,0.15987991539693763
PRT,NAVAL,part_n_minor,0,2.725406717703247e-06
PRT,NAVAL,part_n_minor,1,0.11924807712304446
PRT,NAVAL,part_n_minor,2,-0.13589186815910956
PRT,NAVAL,part_n_minor,3,0.0807828081929439
PRT,NAVAL,part_n_minor,4,-0.19946884251382782
PRT,NAVAL,part_n_minor,5,0.09283572802763244
ROU,NAVAL,part_n_minor,0,0.17909556258168932
ROU,NAVAL,part_n_minor,1,-0.13116072236615983
ROU,NAVAL,part_n_minor,2,-0.04706231570652354
ROU,NAVAL,part_n_minor,3,0.10187163367919419
ROU,NAVAL,part_n_minor,4,-0.056649482502882875
ROU,NAVAL,part_n_minor,5,0.0477699169339285
RUS,NAVAL,part_n_minor,0,0.09129295875530427
RUS,NAVAL,part_n_minor,1,-0.09642168586011855
RUS,NAVAL,part_n_minor,2,0.10314233747201776
RUS,NAVAL,part_n_minor,3,0.11912192501963577
RUS,NAVAL,part_n_minor,4,0.12442375601343243
RUS,NAVAL,part_n_minor,5,-0.04404871406761998
SAU,NAVAL,part_n_minor,0,0.2592327224648164
SAU,NAVAL,part_n_minor,1,-0.05992259520833956
SAU,NAVAL,part_n_minor,2,0.17836004922728263
SAU,NAVAL,part_n_minor,3,0.20672489221979498
SAU,NAVAL,part_n_minor,4,-0.2846169056383688
SAU,NAVAL,part_n_minor,5,0.16543802774620428
SEN,NAVAL,part_n_minor,0,0.24850551304068186
SEN,NAVAL,part_n_minor,1,-0.4166961589232035
SEN,NAVAL,part_n_minor,2,0.23592597539565263
SEN,NAVAL,part_n_minor,3,0.048192414230190994
SEN,NAVAL,part_n_minor,4,0.07974433625541487
SEN,NAVAL,part_n_minor,5,-0.12928918692791358
SGP,NAVAL,part_n_minor,0,-0.1320365822055409
SGP,NAVAL,part_n_minor,1,0.1712858479373262
SGP,NAVAL,part_n_minor,2,0.44751322425578033
SGP,NAVAL,part_n_minor,3,-0.28430201636916413
SGP,NAVAL,part_n_minor,4,0.04446984115639619
SGP,NAVAL,part_n_minor,5,-0.10637324024496975
SLE,NAVAL,part_n_minor,0,0.17118633221423377
SLE,NAVAL,part_n_minor,1,0.020556937723016287
SLE,NAVAL,part_n_minor,2,-0.14600511614461645
SLE,NAVAL,part_n_minor,3,0.14600942313073711
SLE,NAVAL,part_n_minor,4,0.05179929382969666
SLE,NAVAL,part_n_minor,5,-0.12481047901532664
SLV,NAVAL,part_n_minor,0,0.0715110087717962
SLV,NAVAL,part_n_minor,1,-0.26986068069735264
SLV,NAVAL,part_n_minor,2,0.3243647576441155
SLV,NAVAL,part_n_minor,3,-0.15433328268721433
SLV,NAVAL,part_n_minor,4,-0.07520653057580004
SLV,NAVAL,part_n_minor,5,0.256410712623149
SVN,NAVAL,part_n_minor,0,0.0
SVN,NAVAL,part_n_minor,1,0.2508673825545163
SVN,NAVAL,part_n_minor,2,-0.5512960304036413
SVN,NAVAL,part_n_minor,3,0.6144970803661514
SVN,NAVAL,part_n_minor,4,-0.3072485401830757
SVN,NAVAL,part_n_minor,5,0.0
SWE,NAVAL,part_n_minor,0,0.1816241055149729
SWE,NAVAL,part_n_minor,1,-0.200299521187514
SWE,NAVAL,part_n_minor,2,-1.0531208874133311e-18
SWE,NAVAL,part_n_minor,3,-1.165561821279806e-18
SWE,NAVAL,part_n_minor,4,6.858237643324976e-19
SWE,NAVAL,part_n_minor,5,9.879406166036687e-20
SYR,NAVAL,part_n_minor,0,0.0
SYR,NAVAL,part_n_minor,1,-3.2060394256435567e-19
SYR,NAVAL,part_n_minor,2,-1.1516375682590295e-18
SYR,NAVAL,part_n_minor,3,1.0756578392910888e-18
SYR,NAVAL,part_n_minor,4,-1.1342204734715903e-18
SYR,NAVAL,part_n_minor,5,-0.27889106093996874
TGO,NAVAL,part_n_minor,0,-0.3389848487053883
TGO,NAVAL,part_n_minor,1,0.33902270605570867
TGO,NAVAL,part_n_minor,2,-0.33906287165406196
TGO,NAVAL,part_n_minor,3,0.1695527816241346
TGO,NAVAL,part_n_minor,4,0.07407553678326491
TGO,NAVAL,part_n_minor,5,-0.14817226619732357
THA,NAVAL,part_n_minor,0,-0.16880586413913495
THA,NAVAL,part_n_minor,1,-0.020840602199143854
THA,NAVAL,part_n_minor,2,0.18238880512063643
THA,NAVAL,part_n_minor,3,-0.1686418466804847
THA,NAVAL,part_n_minor,4,-0.010027142508008915
THA,NAVAL,part_n_minor,5,-0.14145568019393298
TKM,NAVAL,part_n_minor,0,-6.329703508948821e-20
TKM,NAVAL,part_n_minor,1,6.725653395216928e-19
TKM,NAVAL,part_n_minor,2,-0.4878985636948076
TKM,NAVAL,part_n_minor,3,0.5417373230281965
TKM,NAVAL,part_n_minor,4,-9.064514241746435e-20
TKM,NAVAL,part_n_minor,5,2.097030990248113e-21
TON,NAVAL,part_n_minor,0,-1.950643740134047e-19
TON,NAVAL,part_n_minor,1,2.7930159515250944e-19
TON,NAVAL,part_n_minor,2,1.0523284052400041e-19
TON,NAVAL,part_n_minor,3,-4.3532948184486465e-20
TON,NAVAL,part_n_minor,4,-7.260900624877178e-21
TON,NAVAL,part_n_minor,5,1.3492975129138994e-20
TTO,NAVAL,part_n_minor,0,0.0
TTO,NAVAL,part_n_minor,1,1.1193189795566175e-19
TUN,NAVAL,part_n_minor,0,0.04956042923529883
TUN,NAVAL,part_n_minor,1,-0.09912716516138509
TUN,NAVAL,part_n_minor,2,0.04956692769574731
TUN,NAVAL,part_n_minor,3,0.11347794976371496
TUN,NAVAL,part_n_minor,4,-0.22697322949376478
TUN,NAVAL,part_n_minor,5,0.3170784509894728
TUR,NAVAL,part_n_minor,0,-0.06092418610368545
TUR,NAVAL,part_n_minor,1,-0.1781864349768166
TUR,NAVAL,part_n_minor,2,0.13706832044106204
TUR,NAVAL,part_n_minor,3,-0.036725395071585426
TUR,NAVAL,part_n_minor,4,0.09292848906269857
TUR,NAVAL,part_n_minor,5,-0.08479686339822577
TZA,NAVAL,part_n_minor,0,-0.515382999768822
TZA,NAVAL,part_n_minor,1,-0.11735338289382792
TZA,NAVAL,part_n_minor,2,0.35560255866542734
TZA,NAVAL,part_n_minor,3,-0.20419230522333293
TZA,NAVAL,part_n_minor,4,0.05716463545165711
TZA,NAVAL,part_n_minor,5,0.2321127549420458
UKR,NAVAL,part_n_minor,0,-0.11295932935411171
UKR,NAVAL,part_n_minor,1,-0.006959210038884571
UKR,NAVAL,part_n_minor,2,-0.44893551003217586
UKR,NAVAL,part_n_minor,3,-0.08959553654553024
UKR,NAVAL,part_n_minor,4,0.6271175731738542
UKR,NAVAL,part_n_minor,5,-0.5115051494524678
USA,NAVAL,part_n_minor,0,-0.16673072300973654
USA,NAVAL,part_n_minor,1,0.45791085098496453
USA,NAVAL,part_n_minor,2,-0.2500873598593671
USA,NAVAL,part_n_minor,3,0.0562092208386562
USA,NAVAL,part_n_minor,4,-0.18243504404891675
USA,NAVAL,part_n_minor,5,0.10576820890522251
VEN,NAVAL,part_n_minor,0,0.0
VEN,NAVAL,part_n_minor,1,3.264328948920532e-19
VEN,NAVAL,part_n_minor,2,0.0
VEN,NAVAL,part_n_minor,3,-9.694141077681105e-19
VNM,NAVAL,part_n_minor,0,-0.1826213494938519
VNM,NAVAL,part_n_minor,1,0.32147255966596505
VNM,NAVAL,part_n_minor,2,-0.1548424483532831
VNM,NAVAL,part_n_minor,3,-0.20559146323982067
VNM,NAVAL,part_n_minor,4,0.3592215166455518
VNM,NAVAL,part_n_minor,5,-0.14914113356624314
YEM,NAVAL,part_n_minor,0,-7.267314237302726e-20
YEM,NAVAL,part_n_minor,1,-1.8571391078808127e-19
YEM,NAVAL,part_n_minor,2,-3.4001716450159256e-19
YEM,NAVAL,part_n_minor,3,-0.06646923925441156
YEM,NAVAL,part_n_minor,4,0.06647254544814235
YEM,NAVAL,part_n_minor,5,0.0664760725986295
ZAF,NAVAL,part_n_minor,0,6.36371452486859e-19
ZAF,NAVAL,part_n_minor,1,-0.06791298647404098
ZAF,NAVAL,part_n_minor,2,-0.003887757747412598
ZAF,NAVAL,part_n_minor,3,-2.2236375744882304e-19
ZAF,NAVAL,part_n_minor,4,-0.24550710178749785
ZAF,NAVAL,part_n_minor,5,-0.15078614780930208
AGO,NAVAL,part_n_war,0,0.08383766805290696
AGO,NAVAL,part_n_war,1,0.050839679155671794
AGO,NAVAL,part_n_war,2,-0.29756518754026307
AGO,NAVAL,part_n_war,3,-0.13708979648736663
AGO,NAVAL,part_n_war,4,0.2416274383504462
AGO,NAVAL,part_n_war,5,0.2006595359997948
ARE,NAVAL,part_n_war,0,-0.16263381227895368
ARE,NAVAL,part_n_war,1,0.2346768119385932
ARE,NAVAL,part_n_war,2,-0.26003367557574975
ARE,NAVAL,part_n_war,3,0.2888161922457409
ARE,NAVAL,part_n_war,4,0.07898780286599164
ARE,NAVAL,part_n_war,5,0.06893685721184485
ARG,NAVAL,part_n_war,0,-0.25251695364044635
ARG,NAVAL,part_n_war,1,0.5050339072808927
ARG,NAVAL,part_n_war,2,-0.36535735334315184
AUS,NAVAL,part_n_war,0,-0.02930765071743768
AUS,NAVAL,part_n_war,1,-0.13714209084443216
AUS,NAVAL,part_n_war,2,0.2601668691657544
AUS,NAVAL,part_n_war,3,0.03821793573512335
AUS,NAVAL,part_n_war,4,-0.384162456573321
AUS,NAVAL,part_n_war,5,0.5083629871815647
AZE,NAVAL,part_n_war,0,-0.09725302248082719
AZE,NAVAL,part_n_war,1,-0.41417126744164906
AZE,NAVAL,part_n_war,2,0.26385625289641806
AZE,NAVAL,part_n_war,3,-0.0984865254826969
AZE,NAVAL,part_n_war,4,0.12664680251499857
AZE,NAVAL,part_n_war,5,0.024264766090665895
BEL,NAVAL,part_n_war,0,-0.006697868816932422
BEL,NAVAL,part_n_war,1,0.07995419102580077
BEL,NAVAL,part_n_war,2,0.04316760221009133
BEL,NAVAL,part_n_war,3,-6.498509354638856e-36
BEL,NAVAL,part_n_war,4,-0.12969229392838583
BEL,NAVAL,part_n_war,5,-0.1321150301051736
BEN,NAVAL,part_n_war,0,0.0
BEN,NAVAL,part_n_war,1,0.0
BEN,NAVAL,part_n_war,2,0.0
BEN,NAVAL,part_n_war,3,0.0
BEN,NAVAL,part_n_war,4,0.0
BEN,NAVAL,part_n_war,5,0.0
BGD,NAVAL,part_n_war,0,0.012499390721971709
BGD,NAVAL,part_n_war,1,-0.2218020474812074
BGD,NAVAL,part_n_war,2,-0.07127489893683138
BGD,NAVAL,part_n_war,3,0.5206180688983592
BGD,NAVAL,part_n_war,4,-0.4640057940410442
BGD,NAVAL,part_n_war,5,0.23440571716793346
BGR,NAVAL,part_n_war,0,-0.23072148583766017
BGR,NAVAL,part_n_war,1,0.011418340226012635
BGR,NAVAL,part_n_war,2,-9.228645437092883e-19
BGR,NAVAL,part_n_war,3,0.11262025715303933
BGR,NAVAL,part_n_war,4,-0.11850856728729794
BGR,NAVAL,part_n_war,5,0.2045389835966761
BHR,NAVAL,part_n_war,0,0.27967267696918047
BHR,NAVAL,part_n_war,1,-0.3773154522511082
BHR,NAVAL,part_n_war,2,0.4153263514641669
BHR,NAVAL,part_n_war,3,-0.39264302814012786
BHR,NAVAL,part_n_war,4,0.05416600283328005
BHR,NAVAL,part_n_war,5,0.07986743834780105
CAN,NAVAL,part_n_war,0,-0.2298539768045609
CAN,NAVAL,part_n_war,1,0.1556888640001053
CAN,NAVAL,part_n_war,2,-0.32587351309331636
CAN,NAVAL,part_n_war,3,0.05408607306303935
CAN,NAVAL,part_n_war,4,-0.16326610918303172
CAN,NAVAL,part_n_war,5,0.3577545999013598
CHN,NAVAL,part_n_war,0,-0.018599591884052545
CHN,NAVAL,part_n_war,1,-0.09099317918477921
CHN,NAVAL,part_n_war,2,0.06686220195296605
CHN,NAVAL,part_n_war,3,-0.025645896477890246
CHN,NAVAL,part_n_war,4,0.03728281005629813
CHN,NAVAL,part_n_war,5,0.04578660794888607
CIV,NAVAL,part_n_war,0,0.13992488943884757
CIV,NAVAL,part_n_war,1,-0.40812931922014895
CIV,NAVAL,part_n_war,2,9.08670760909126e-19
CIV,NAVAL,part_n_war,3,0.0
CIV,NAVAL,part_n_war,4,-0.3962683081761025
CIV,NAVAL,part_n_war,5,0.35137794347386564
CMR,NAVAL,part_n_war,0,0.4432727971519803
CMR,NAVAL,part_n_war,1,-0.3129445247920535
CMR,NAVAL,part_n_war,2,0.15647226239602674
CMR,NAVAL,part_n_war,3,0.2868005347559536
CMR,NAVAL,part_n_war,4,-0.665131475416584
CMR,NAVAL,part_n_war,5,0.46986134656530715
COL,NAVAL,part_n_war,0,0.1314439164138484
COL,NAVAL,part_n_war,1,-0.10679823708466668
COL,NAVAL,part_n_war,2,0.12897223609087863
COL,NAVAL,part_n_war,3,0.05533723956181258
COL,NAVAL,part_n_war,4,-0.1518311743123618
COL,NAVAL,part_n_war,5,0.1314821467305798
CUB,NAVAL,part_n_war,0,-0.7174300539794397
DEU,NAVAL,part_n_war,0,0.05287355829539578
DEU,NAVAL,part_n_war,1,0.22779388086154523
DEU,NAVAL,part_n_war,2,-0.15293487405042128
DEU,NAVAL,part_n_war,3,0.17319595300125062
DEU,NAVAL,part_n_war,4,-0.2532244611656388
DEU,NAVAL,part_n_war,5,0.2946949416317678
DJI,NAVAL,part_n_war,0,0.39872032338255853
DJI,NAVAL,part_n_war,1,-0.3987767154800592
DJI,NAVAL,part_n_war,2,0.22033987567321536
DJI,NAVAL,part_n_war,3,-0.01500896275579033
DJI,NAVAL,part_n_war,4,8.981260606338048e-19
DJI,NAVAL,part_n_war,5,5.570590019562372e-19
DNK,NAVAL,part_n_war,0,0.19542558642307892
DNK,NAVAL,part_n_war,1,-0.05765241189769308
DNK,NAVAL,part_n_war,2,-0.016268714652648085
DNK,NAVAL,part_n_war,3,0.1663470780795192
DNK,NAVAL,part_n_war,4,-0.10792797391140421
DNK,NAVAL,part_n_war,5,-0.05441909433489606
DOM,NAVAL,part_n_war,0,0.3755037010009033
DOM,NAVAL,part_n_war,1,0.2244096827666842
DOM,NAVAL,part_n_war,2,-0.5020367835014435
DOM,NAVAL,part_n_war,3,0.45452485598003917
DOM,NAVAL,part_n_war,4,-0.24133077486751178
DOM,NAVAL,part_n_war,5,-1.3468525941479466e-35
DZA,NAVAL,part_n_war,0,5.1078844234322356e-18
DZA,NAVAL,part_n_war,1,5.936224729347086e-20
DZA,NAVAL,part_n_war,2,-0.2551052397779416
DZA,NAVAL,part_n_war,3,0.07811394411505912
DZA,NAVAL,part_n_war,4,0.17764415568104086
DZA,NAVAL,part_n_war,5,0.20168523080245687
EGY,NAVAL,part_n_war,0,0.1519355276068401
EGY,NAVAL,part_n_war,1,-0.014534869540165451
EGY,NAVAL,part_n_war,2,0.2001887225414406
EGY,NAVAL,part_n_war,3,-0.253018934973301
EGY,NAVAL,part_n_war,4,-0.05166018434541268
EGY,NAVAL,part_n_war,5,0.07338253138174024
ERI,NAVAL,part_n_war,0,-0.19716504926001124
ERI,NAVAL,part_n_war,1,0.19716504926001124
ERI,NAVAL,part_n_war,2,0.0
ERI,NAVAL,part_n_war,3,0.1971650492600113
ERI,NAVAL,part_n_war,4,-0.408018734747438
ERI,NAVAL,part_n_war,5,0.2108536854874267
ESP,NAVAL,part_n_war,0,-0.0290562319107013
ESP,NAVAL,part_n_war,1,0.1345625063211121
ESP,NAVAL,part_n_war,2,0.05884872009710375
ESP,NAVAL,part_n_war,3,-0.37803099866456363
ESP,NAVAL,part_n_war,4,0.07470574622294002
ESP,NAVAL,part_n_war,5,0.39976852133704893
EST,NAVAL,part_n_war,0,0.08219157381186082
EST,NAVAL,part_n_war,1,-3.4490825769864794e-35
EST,NAVAL,part_n_war,2,0.0
EST,NAVAL,part_n_war,3,-0.3336765572078404
EST,NAVAL,part_n_war,4,0.3443006081910118
EST,NAVAL,part_n_war,5,-0.0451238261047418
ETH,NAVAL,part_n_war,0,0.4436483988817155
ETH,NAVAL,part_n_war,1,-0.3327362991612866
ETH,NAVAL,part_n_war,2,-0.11091209972042887
ETH,NAVAL,part_n_war,3,1.4710625355033532e-18
ETH,NAVAL,part_n_war,4,1.8430858010074432e-18
ETH,NAVAL,part_n_war,5,-5.492068888836406e-19
FIN,NAVAL,part_n_war,0,-0.02478247567698619
FIN,NAVAL,part_n_war,1,0.35740000788095977
FIN,NAVAL,part_n_war,2,-0.09598352301276689
FIN,NAVAL,part_n_war,3,-0.21797542014565943
FIN,NAVAL,part_n_war,4,0.09598352301276689
FIN,NAVAL,part_n_war,5,-0.21797542014565946
FRA,NAVAL,part_n_war,0,0.026561371125058308
FRA,NAVAL,part_n_war,1,-0.10175437334331501
FRA,NAVAL,part_n_war,2,0.21643892524907765
FRA,NAVAL,part_n_war,3,-0.4088905847367979
FRA,NAVAL,part_n_war,4,0.49905717880047373
FRA,NAVAL,part_n_war,5,-0.200791307728074
GBR,NAVAL,part_n_war,0,-0.07964402782296964
GBR,NAVAL,part_n_war,1,-0.029905189954064233
GBR,NAVAL,part_n_war,2,-0.09205354537827694
GBR,NAVAL,part_n_war,3,0.3057219190117062
GBR,NAVAL,part_n_war,4,-0.3966960431953002
GBR,NAVAL,part_n_war,5,0.36993871468847705
GEO,NAVAL,part_n_war,0,0.37695684335489893
GEO,NAVAL,part_n_war,1,-0.15035317877109558
GEO,NAVAL,part_n_war,2,-0.1717027703052541
GEO,NAVAL,part_n_war,3,0.1514404837247226
GEO,NAVAL,part_n_war,4,-0.13302895759490316
GEO,NAVAL,part_n_war,5,0.11696280196772359
GHA,NAVAL,part_n_war,0,0.31495135710281896
GHA,NAVAL,part_n_war,1,-0.018439222599531464
GHA,NAVAL,part_n_war,2,-0.30483441187568106
GHA,NAVAL,part_n_war,3,0.28211783137109175
GHA,NAVAL,part_n_war,4,2.783771169510588e-19
GHA,NAVAL,part_n_war,5,8.632630632425738e-19
GIN,NAVAL,part_n_war,0,8.350557019728054e-19
GIN,NAVAL,part_n_war,1,9.510814890651713e-19
GIN,NAVAL,part_n_war,2,2.2527556728850164e-19
GIN,NAVAL,part_n_war,3,2.9197136764684803e-19
GIN,NAVAL,part_n_war,4,-9.299678516736367e-21
GIN,NAVAL,part_n_war,5,-0.41522739926870017
GMB,NAVAL,part_n_war,0,-3.9914060491252474e-19
GMB,NAVAL,part_n_war,1,6.149485909343749e-19
GMB,NAVAL,part_n_war,2,5.01757914161794e-19
GMB,NAVAL,part_n_war,3,5.026512762490597e-19
GMB,NAVAL,part_n_war,4,2.359186864115311e-19
GMB,NAVAL,part_n_war,5,6.678116907234879e-19
GRC,NAVAL,part_n_war,0,-0.37789507687349183
GRC,NAVAL,part_n_war,1,0.20322837006879327
GRC,NAVAL,part_n_war,2,-0.21909177851699432
GRC,NAVAL,part_n_war,3,0.06818062367362683
GRC,NAVAL,part_n_war,4,0.1388479275167223
GRC,NAVAL,part_n_war,5,-0.14422148681998184
GTM,NAVAL,part_n_war,0,-0.28439009098712315
GTM,NAVAL,part_n_war,1,8.522935736184986e-19
GTM,NAVAL,part_n_war,2,-0.5
GTM,NAVAL,part_n_war,3,1.0
GTM,NAVAL,part_n_war,4,-0.5
GTM,NAVAL,part_n_war,5,3.166118485972961e-19
HND,NAVAL,part_n_war,0,3.5210515740653386e-35
HND,NAVAL,part_n_war,1,-3.909122531713688e-35
HND,NAVAL,part_n_war,2,-2.8648645162286263e-19
HND,NAVAL,part_n_war,3,2.022280944486834e-20
HND,NAVAL,part_n_war,4,0.0
HND,NAVAL,part_n_war,5,4.653727759460422e-19
HRV,NAVAL,part_n_war,0,0.05171392646394877
HRV,NAVAL,part_n_war,1,9.420989505309719e-37
HRV,NAVAL,part_n_war,2,0.05682221834870318
HRV,NAVAL,part_n_war,3,-0.1136552656494246
HRV,NAVAL,part_n_war,4,0.11366679664581698
HRV,NAVAL,part_n_war,5,-0.06333636621624303
IDN,NAVAL,part_n_war,0,-0.22126839385677288
IDN,NAVAL,part_n_war,1,0.23530774054815057
IDN,NAVAL,part_n_war,2,-0.22007232745939526
IDN,NAVAL,part_n_war,3,0.08382682469849535
IDN,NAVAL,part_n_war,4,-0.03807437516222783
IDN,NAVAL,part_n_war,5,0.3081337596820465
IND,NAVAL,part_n_war,0,0.11332420368739962
IND,NAVAL,part_n_war,1,0.004068275576334935
IND,NAVAL,part_n_war,2,-0.08463994934179311
IND,NAVAL,part_n_war,3,0.17369530195295693
IND,NAVAL,part_n_war,4,-0.27172257704339076
IND,NAVAL,part_n_war,5,0.20530227710716117
IRL,NAVAL,part_n_war,0,-2.49171547079288e-35
IRL,NAVAL,part_n_war,1,-0.17929867946435313
IRL,NAVAL,part_n_war,2,-3.5620376641920573e-35
IRL,NAVAL,part_n_war,3,0.0
IRL,NAVAL,part_n_war,4,-0.1812593730230163
IRL,NAVAL,part_n_war,5,0.19494585841739076
IRN,NAVAL,part_n_war,0,-0.020795543272075386
IRN,NAVAL,part_n_war,1,-0.0739770330086296
IRN,NAVAL,part_n_war,2,0.0030196209265973177
IRN,NAVAL,part_n_war,3,0.0031142810615785842
IRN,NAVAL,part_n_war,4,-0.21505312211221284
IRN,NAVAL,part_n_war,5,0.3402283527431201
IRQ,NAVAL,part_n_war,0,0.45136583990517215
IRQ,NAVAL,part_n_war,1,-0.24325537793837002
IRQ,NAVAL,part_n_war,2,-0.08132766293987764
IRQ,NAVAL,part_n_war,3,-0.09301424760423553
IRQ,NAVAL,part_n_war,4,0.2893532014453676
IRQ,NAVAL,part_n_war,5,0.1690625625567872
ISL,NAVAL,part_n_war,0,0.0
ISL,NAVAL,part_n_war,1,0.0
ISL,NAVAL,part_n_war,2,0.0
ISL,NAVAL,part_n_war,3,0.35355339059327373
ISL,NAVAL,part_n_war,4,-0.35355339059327373
ISL,NAVAL,part_n_war,5,0.0
ISR,NAVAL,part_n_war,0,0.06470962792579414
ISR,NAVAL,part_n_war,1,0.108307267048766
ISR,NAVAL,part_n_war,2,0.03435951930947031
ISR,NAVAL,part_n_war,3,-5.280449786151436e-19
ISR,NAVAL,part_n_war,4,-1.1461368663928719e-18
ISR,NAVAL,part_n_war,5,-0.17033240474075043
ITA,NAVAL,part_n_war,0,0.002497719333289128
ITA,NAVAL,part_n_war,1,-0.08062702776317657
ITA,NAVAL,part_n_war,2,-3.377342444158971e-19
ITA,NAVAL,part_n_war,3,0.0
ITA,NAVAL,part_n_war,4,-0.1464910420359638
ITA,NAVAL,part_n_war,5,0.14649104203596378
JOR,NAVAL,part_n_war,0,1.36497924612667e-34
JOR,NAVAL,part_n_war,1,1.316575167803022e-34
JOR,NAVAL,part_n_war,2,0.0
JOR,NAVAL,part_n_war,3,0.0
JOR,NAVAL,part_n_war,4,1.085227952801867e-34
JOR,NAVAL,part_n_war,5,0.0
KAZ,NAVAL,part_n_war,0,0.0
KAZ,NAVAL,part_n_war,1,0.0
KAZ,NAVAL,part_n_war,2,0.023488832420418007
KAZ,NAVAL,part_n_war,3,0.029239567985486943
KAZ,NAVAL,part_n_war,4,-0.195596596680605
KAZ,NAVAL,part_n_war,5,0.19559659668060503
KEN,NAVAL,part_n_war,0,0.34836548043644006
KEN,NAVAL,part_n_war,1,-0.3046668009263828
KEN,NAVAL,part_n_war,2,-0.04374405867853089
KEN,NAVAL,part_n_war,3,0.13074763369303224
KEN,NAVAL,part_n_war,4,-0.029609095288335264
KEN,NAVAL,part_n_war,5,0.05922691014415668
KHM,NAVAL,part_n_war,0,0.0
KHM,NAVAL,part_n_war,1,0.0
KHM,NAVAL,part_n_war,2,0.0
KHM,NAVAL,part_n_war,3,0.0
KHM,NAVAL,part_n_war,4,0.0
KHM,NAVAL,part_n_war,5,0.0
KOR,NAVAL,part_n_war,0,0.012066959097885358
KOR,NAVAL,part_n_war,1,0.07442487130736246
KOR,NAVAL,part_n_war,2,-0.341592820273702
KOR,NAVAL,part_n_war,3,0.025302391104389494
KOR,NAVAL,part_n_war,4,0.11762427763470601
KOR,NAVAL,part_n_war,5,0.17394443485428654
KWT,NAVAL,part_n_war,0,-0.15584054843684347
KWT,NAVAL,part_n_war,1,-0.18229001277083015
KWT,NAVAL,part_n_war,2,0.02773303339254285
KWT,NAVAL,part_n_war,3,0.24818303349574014
KWT,NAVAL,part_n_war,4,0.12855246021197045
KWT,NAVAL,part_n_war,5,-0.02602137652328018
LBR,NAVAL,part_n_war,0,3.6746225075838707e-19
LBR,NAVAL,part_n_war,1,1.5633817448987256e-20
LBR,NAVAL,part_n_war,2,-6.689600900269734e-19
LBR,NAVAL,part_n_war,3,-7.66250620811151e-19
LBR,NAVAL,part_n_war,4,-3.579998797859652e-19
LBR,NAVAL,part_n_war,5,7.60561252824449e-19
LBY,NAVAL,part_n_war,0,-0.2886751345948129
LBY,NAVAL,part_n_war,1,0.28867513459481287
LBY,NAVAL,part_n_war,2,0.28867513459481287
LBY,NAVAL,part_n_war,3,-0.2886751345948129
LBY,NAVAL,part_n_war,4,0.0
LBY,NAVAL,part_n_war,5,-0.2886751345948129
LKA,NAVAL,part_n_war,0,0.058599423052798846
LKA,NAVAL,part_n_war,1,0.4155046909296335
LKA,NAVAL,part_n_war,2,-0.4191927820312289
LKA,NAVAL,part_n_war,3,0.04149401363182969
LKA,NAVAL,part_n_war,4,0.16935944159500865
LKA,NAVAL,part_n_war,5,0.07331362003431313
LTU,NAVAL,part_n_war,0,0.05162189623392995
LTU,NAVAL,part_n_war,1,0.10367567232947997
LTU,NAVAL,part_n_war,2,-0.24502833711310718
LTU,NAVAL,part_n_war,3,0.1520320321697468
LTU,NAVAL,part_n_war,4,-0.12616605194651787
LTU,NAVAL,part_n_war,5,0.10520586273170612
LVA,NAVAL,part_n_war,0,0.20168053346977755
LVA,NAVAL,part_n_war,1,0.12985109971915232
LVA,NAVAL,part_n_war,2,-0.3031351650016022
LVA,NAVAL,part_n_war,3,0.3248169782381429
LVA,NAVAL,part_n_war,4,-0.32078459292756833
LVA,NAVAL,part_n_war,5,0.22636631643216285
MAR,NAVAL,part_n_war,0,-0.31279775151043765
MAR,NAVAL,part_n_war,1,0.29182144211722755
MAR,NAVAL,part_n_war,2,-0.11653527219652476
MAR,NAVAL,part_n_war,3,-0.0717035016422132
MAR,NAVAL,part_n_war,4,0.5169454418599208
MAR,NAVAL,part_n_war,5,-0.2793949188094445
MEX,NAVAL,part_n_war,0,-0.06401944077792023
MEX,NAVAL,part_n_war,1,-0.15493327845357494
MEX,NAVAL,part_n_war,2,0.5019248792409103
MEX,NAVAL,part_n_war,3,-0.34846754779007444
MEX,NAVAL,part_n_war,4,-0.05447156939233479
MEX,NAVAL,part_n_war,5,0.15569118053049683
MMR,NAVAL,part_n_war,0,-0.3977225467469128
MMR,NAVAL,part_n_war,1,0.09763400096007675
MMR,NAVAL,part_n_war,2,0.15991912813761702
MMR,NAVAL,part_n_war,3,0.040805666092688576
MMR,NAVAL,part_n_war,4,-0.02118329928831916
MMR,NAVAL,part_n_war,5,-0.0397283235344319
MOZ,NAVAL,part_n_war,0,9.945329718207357e-19
MOZ,NAVAL,part_n_war,1,-2.0643903457162824e-18
MOZ,NAVAL,part_n_war,2,1.5709301912960534e-18
MRT,NAVAL,part_n_war,0,-7.179628326632437e-21
MRT,NAVAL,part_n_war,1,8.832678779225022e-20
MRT,NAVAL,part_n_war,2,-0.22412790412872194
MRT,NAVAL,part_n_war,3,0.4482655064088727
MRT,NAVAL,part_n_war,4,-0.22413791546960785
MRT,NAVAL,part_n_war,5,-0.25772531202472854
MYS,NAVAL,part_n_war,0,-0.08045243143757054
MYS,NAVAL,part_n_war,1,0.26086665376353685
MYS,NAVAL,part_n_war,2,2.01749761527908e-19
MYS,NAVAL,part_n_war,3,-0.1840188774379375
MYS,NAVAL,part_n_war,4,0.3779956834801384
MYS,NAVAL,part_n_war,5,0.08604119184053234
NAM,NAVAL,part_n_war,0,0.0
NAM,NAVAL,part_n_war,1,0.0
NAM,NAVAL,part_n_war,2,0.0
NAM,NAVAL,part_n_war,3,0.0
NAM,NAVAL,part_n_war,4,0.0
NAM,NAVAL,part_n_war,5,0.0
NGA,NAVAL,part_n_war,0,-0.14864004211711998
NGA,NAVAL,part_n_war,1,0.3086854160915097
NGA,NAVAL,part_n_war,2,-0.27164174508401967
NGA,NAVAL,part_n_war,3,0.22619099935962153
NGA,NAVAL,part_n_war,4,-0.0383456689848553
NGA,NAVAL,part_n_war,5,-0.027476563231074305
NIC,NAVAL,part_n_war,0,0.0
NIC,NAVAL,part_n_war,1,0.0
NIC,NAVAL,part_n_war,2,0.0
NIC,NAVAL,part_n_war,3,0.0
NIC,NAVAL,part_n_war,4,0.0
NIC,NAVAL,part_n_war,5,-2.015477003103102e-19
NLD,NAVAL,part_n_war,0,0.38844309034775687
NLD,NAVAL,part_n_war,1,-0.07617425838295595
NLD,NAVAL,part_n_war,2,0.08628979300816929
NLD,NAVAL,part_n_war,3,0.09575848246447716
NLD,NAVAL,part_n_war,4,-0.33033515906833505
NLD,NAVAL,part_n_war,5,0.15808254690363674
NOR,NAVAL,part_n_war,0,-0.07366353188290357
NOR,NAVAL,part_n_war,1,0.0035870633332807564
NOR,NAVAL,part_n_war,2,0.04250626205489601
NOR,NAVAL,part_n_war,3,0.006463915807469185
NOR,NAVAL,part_n_war,4,0.13799114456314415
NOR,NAVAL,part_n_war,5,-0.02307278802547197
NZL,NAVAL,part_n_war,0,-1.09857034296927e-19
NZL,NAVAL,part_n_war,1,1.5033921404751473e-20
NZL,NAVAL,part_n_war,2,-8.299545689574975e-20
NZL,NAVAL,part_n_war,3,-1.6675449902699618e-19
NZL,NAVAL,part_n_war,4,0.20412231321148266
NZL,NAVAL,part_n_war,5,-0.008262846091280068
OMN,NAVAL,part_n_war,0,-6.316760694678178e-19
OMN,NAVAL,part_n_war,1,-0.2669190449528699
OMN,NAVAL,part_n_war,2,0.3717407392837252
PAK,NAVAL,part_n_war,0,0.024154352652484546
PAK,NAVAL,part_n_war,1,-0.15541201129947965
PAK,NAVAL,part_n_war,2,0.3438247308999276
PAK,NAVAL,part_n_war,3,-0.27518398583725207
PAK,NAVAL,part_n_war,4,0.25102506561705495
PAK,NAVAL,part_n_war,5,-0.1277636173295377
PER,NAVAL,part_n_war,0,-1.3412675361408805e-18
PER,NAVAL,part_n_war,1,-1.7203832386522428e-18
PER,NAVAL,part_n_war,2,-3.619677654696594e-18
PHL,NAVAL,part_n_war,0,0.25002358196368385
PHL,NAVAL,part_n_war,1,0.001835877036197944
PHL,NAVAL,part_n_war,2,-0.10774126832097584
PHL,NAVAL,part_n_war,3,-0.03902130083610751
PHL,NAVAL,part_n_war,4,0.19268269826858997
PHL,NAVAL,part_n_war,5,-0.25375665099616374
POL,NAVAL,part_n_war,0,-0.3750951820333451
POL,NAVAL,part_n_war,1,0.16267303360128849
POL,NAVAL,part_n_war,2,0.08329426981163317
POL,NAVAL,part_n_war,3,-0.29674579407187224
POL,NAVAL,part_n_war,4,0.3422946997504221
POL,NAVAL,part_n_war,5,-2.0068415290595364e-17
PRK,NAVAL,part_n_war,0,0.010979071877276467
PRK,NAVAL,part_n_war,1,0.011307558859212627
PRK,NAVAL,part_n_war,2,0.011656310103003917
PRK,NAVAL,part_n_war,3,0.012027260612050237
PRK,NAVAL,part_n_war,4,0.012422599874998844
PRK,NAVAL,part_n_war,5,0.012844815128956884
PRT,NAVAL,part_n_war,0,0.30969649788711373
PRT,NAVAL,part_n_war,1,-0.15484824894355684
PRT,NAVAL,part_n_war,2,-2.634521269310642e-19
PRT,NAVAL,part_n_war,3,-0.07371546492360846
PRT,NAVAL,part_n_war,4,0.2597647377685901
PRT,NAVAL,part_n_war,5,-0.13703400756495196
QAT,NAVAL,part_n_war,0,-0.1641517251445882
QAT,NAVAL,part_n_war,1,0.03397467751787953
QAT,NAVAL,part_n_war,2,0.16525423734755965
QAT,NAVAL,part_n_war,3,0.23518719392948811
QAT,NAVAL,part_n_war,4,-0.061378371880853745
QAT,NAVAL,part_n_war,5,-0.23573476037670818
ROU,NAVAL,part_n_war,0,0.1862658625184283
ROU,NAVAL,part_n_war,1,-8.354967088253149e-20
ROU,NAVAL,part_n_war,2,2.3896303871252087e-19
ROU,NAVAL,part_n_war,3,0.1114229617899179
ROU,NAVAL,part_n_war,4,1.1008542344521967e-19
ROU,NAVAL,part_n_war,5,-0.11143520803980662
RUS,NAVAL,part_n_war,0,-0.06758737542331694
RUS,NAVAL,part_n_war,1,0.10393625149297567
RUS,NAVAL,part_n_war,2,-0.1613932991587723
RUS,NAVAL,part_n_war,3,0.004840705381345246
RUS,NAVAL,part_n_war,4,0.08505653645558887
RUS,NAVAL,part_n_war,5,0.24973292447568504
SAU,NAVAL,part_n_war,0,0.22637335300809408
SAU,NAVAL,part_n_war,1,-0.288214773170106
SAU,NAVAL,part_n_war,2,0.06712810480589981
SAU,NAVAL,part_n_war,3,-0.14299905106830768
SAU,NAVAL,part_n_war,4,0.15917382822790038
SAU,NAVAL,part_n_war,5,-0.010183412638699908
SEN,NAVAL,part_n_war,0,-0.29369708336959144
SEN,NAVAL,part_n_war,1,-0.15863071479619215
SEN,NAVAL,part_n_war,2,0.23933655857200206
SEN,NAVAL,part_n_war,3,0.24402177397146294
SEN,NAVAL,part_n_war,4,-0.283064385537267
SEN,NAVAL,part_n_war,5,-0.3528766787687621
SGP,NAVAL,part_n_war,0,-0.016285408134668486
SGP,NAVAL,part_n_war,1,0.22934033191224187
SGP,NAVAL,part_n_war,2,0.24010232422728148
SGP,NAVAL,part_n_war,3,-0.19582845577902144
SGP,NAVAL,part_n_war,4,0.2695023137537486
SGP,NAVAL,part_n_war,5,0.017553431565085417
SLE,NAVAL,part_n_war,0,-0.16090742312279546
SLE,NAVAL,part_n_war,1,0.16091442540520093
SLE,NAVAL,part_n_war,2,0.1696684290686179
SLE,NAVAL,part_n_war,3,-0.18073862024856768
SLE,NAVAL,part_n_war,4,3.5355345768112766e-19
SLE,NAVAL,part_n_war,5,-0.18076322564263875
SLV,NAVAL,part_n_war,0,-0.17079817697094293
SLV,NAVAL,part_n_war,1,0.08358691821145055
SLV,NAVAL,part_n_war,2,0.20025852497626365
SLV,NAVAL,part_n_war,3,-0.1199415791612568
SLV,NAVAL,part_n_war,4,0.0
SLV,NAVAL,part_n_war,5,8.385147616438557e-35
SVN,NAVAL,part_n_war,0,0.0
SVN,NAVAL,part_n_war,1,0.0
SVN,NAVAL,part_n_war,2,0.0
SVN,NAVAL,part_n_war,3,0.0
SVN,NAVAL,part_n_war,4,0.43451505254624045
SVN,NAVAL,part_n_war,5,-0.4345150525462405
SWE,NAVAL,part_n_war,0,-0.21309316822912355
SWE,NAVAL,part_n_war,1,-7.431378114067209e-21
SWE,NAVAL,part_n_war,2,9.850987110876806e-20
SWE,NAVAL,part_n_war,3,5.482538661885193e-20
SWE,NAVAL,part_n_war,4,-1.4564043647713374e-19
SWE,NAVAL,part_n_war,5,-3.92728000182987e-19
SYR,NAVAL,part_n_war,0,-1.7744121030349863e-19
SYR,NAVAL,part_n_war,1,-6.379665137147549e-19
SYR,NAVAL,part_n_war,2,0.0
SYR,NAVAL,part_n_war,3,-2.268046261610938e-19
SYR,NAVAL,part_n_war,4,-0.3013363068049761
SYR,NAVAL,part_n_war,5,0.3013657330635214
TGO,NAVAL,part_n_war,0,0.0
TGO,NAVAL,part_n_war,1,0.0
TGO,NAVAL,part_n_war,2,0.0
TGO,NAVAL,part_n_war,3,0.0
TGO,NAVAL,part_n_war,4,0.0
TGO,NAVAL,part_n_war,5,0.0
TON,NAVAL,part_n_war,0,-2.249385703296159e-19
TON,NAVAL,part_n_war,1,-3.9710282110819037e-19
TON,NAVAL,part_n_war,2,-8.280637641105895e-19
TON,NAVAL,part_n_war,3,-4.800740186957357e-19
TON,NAVAL,part_n_war,4,6.47625324684977e-20
TON,NAVAL,part_n_war,5,4.501311623749974e-20
TUN,NAVAL,part_n_war,0,0.0
TUN,NAVAL,part_n_war,1,0.0
TUN,NAVAL,part_n_war,2,0.0
TUN,NAVAL,part_n_war,3,-0.27975327861936994
TUN,NAVAL,part_n_war,4,0.5595065572387398
TUN,NAVAL,part_n_war,5,-0.27975327861936994
TUR,NAVAL,part_n_war,0,-0.22120165604496023
TUR,NAVAL,part_n_war,1,0.13207626007773274
TUR,NAVAL,part_n_war,2,-0.19445800417379197
TUR,NAVAL,part_n_war,3,0.2541812874520409
TUR,NAVAL,part_n_war,4,-0.22364460324141464
TUR,NAVAL,part_n_war,5,0.039665129477815066
TZA,NAVAL,part_n_war,0,5.810905235783453e-35
TZA,NAVAL,part_n_war,1,5.60973548637271e-36
TZA,NAVAL,part_n_war,2,7.82124089921847e-35
TZA,NAVAL,part_n_war,3,-0.1694878153897019
TZA,NAVAL,part_n_war,4,0.33897563077940374
TZA,NAVAL,part_n_war,5,-0.16948781538970187
UKR,NAVAL,part_n_war,0,0.07795213618134225
UKR,NAVAL,part_n_war,1,0.18377612761655554
UKR,NAVAL,part_n_war,2,-0.008495972783853589
UKR,NAVAL,part_n_war,3,-0.17684281999236962
UKR,NAVAL,part_n_war,4,0.22014454566036182
UKR,NAVAL,part_n_war,5,3.763425622476416e-19
USA,NAVAL,part_n_war,0,0.07718139949257478
USA,NAVAL,part_n_war,1,-0.28366855940948493
USA,NAVAL,part_n_war,2,0.3307116726177317
USA,NAVAL,part_n_war,3,-0.15574830813363286
USA,NAVAL,part_n_war,4,0.1251242937993
USA,NAVAL,part_n_war,5,-0.09107282782872501
YEM,NAVAL,part_n_war,0,-0.18670742506602733
YEM,NAVAL,part_n_war,1,5.577180049946748e-20
YEM,NAVAL,part_n_war,2,-0.179337547733709
YEM,NAVAL,part_n_war,3,0.19476773014295992
YEM,NAVAL,part_n_war,4,0.14854351815470906
YEM,NAVAL,part_n_war,5,-0.3504062573740743
ZAF,NAVAL,part_n_war,0,0.0
ZAF,NAVAL,part_n_war,1,8.071030637018468e-20
ZAF,NAVAL,part_n_war,2,5.487043764054971e-19
ZAF,NAVAL,part_n_war,3,0.0
ZAF,NAVAL,part_n_war,4,-0.3399779520477435
ZAF,NAVAL,part_n_war,5,0.2648680401306893
AGO,NAVAL,part_n_extraterritorial,0,0.07803392806957939
AGO,NAVAL,part_n_extraterritorial,1,-0.07288736309956576
AGO,NAVAL,part_n_extraterritorial,2,-0.11761283745998141
AGO,NAVAL,part_n_extraterritorial,3,-0.2311384989434216
AGO,NAVAL,part_n_extraterritorial,4,0.2675883700467222
AGO,NAVAL,part_n_extraterritorial,5,0.2711589361752101
ARE,NAVAL,part_n_extraterritorial,0,0.1573073555417834
ARE,NAVAL,part_n_extraterritorial,1,-0.09557807039865883
ARE,NAVAL,part_n_extraterritorial,2,-0.03735338477858911
ARE,NAVAL,part_n_extraterritorial,3,0.24510221695247986
ARE,NAVAL,part_n_extraterritorial,4,-0.04168391343947404
ARE,NAVAL,part_n_extraterritorial,5,0.024489407021353684
ARG,NAVAL,part_n_extraterritorial,0,-0.08143012496255256
ARG,NAVAL,part_n_extraterritorial,1,0.36432206317446714
ARG,NAVAL,part_n_extraterritorial,2,-0.44544474622615743
ARG,NAVAL,part_n_extraterritorial,3,0.3824338849072068
ARG,NAVAL,part_n_extraterritorial,4,-0.2333620490520169
ARG,NAVAL,part_n_extraterritorial,5,0.1152435117678402
AUS,NAVAL,part_n_extraterritorial,0,0.16631298986006163
AUS,NAVAL,part_n_extraterritorial,1,-0.24384698413457942
AUS,NAVAL,part_n_extraterritorial,2,0.10824825504764427
AUS,NAVAL,part_n_extraterritorial,3,0.4143717906685963
AUS,NAVAL,part_n_extraterritorial,4,-0.41688125808361703
AUS,NAVAL,part_n_extraterritorial,5,0.16721944530902735
AZE,NAVAL,part_n_extraterritorial,0,-0.20733168379330968
AZE,NAVAL,part_n_extraterritorial,1,-0.168294546568163
AZE,NAVAL,part_n_extraterritorial,2,0.0
AZE,NAVAL,part_n_extraterritorial,3,-0.18415165590850957
AZE,NAVAL,part_n_extraterritorial,4,0.1841516559085096
AZE,NAVAL,part_n_extraterritorial,5,-0.029641795878489786
BEL,NAVAL,part_n_extraterritorial,0,-0.07225541096247676
BEL,NAVAL,part_n_extraterritorial,1,0.17760374715822394
BEL,NAVAL,part_n_extraterritorial,2,-0.05986123336577409
BEL,NAVAL,part_n_extraterritorial,3,0.16968300748377046
BEL,NAVAL,part_n_extraterritorial,4,-0.3353112369667429
BEL,NAVAL,part_n_extraterritorial,5,-0.1554919659551097
BEN,NAVAL,part_n_extraterritorial,0,-0.5595069214213721
BEN,NAVAL,part_n_extraterritorial,1,0.6371119005680574
BEN,NAVAL,part_n_extraterritorial,2,-0.15516338401887536
BEN,NAVAL,part_n_extraterritorial,3,0.2551976163473519
BEN,NAVAL,part_n_extraterritorial,4,-0.3552441151218241
BEN,NAVAL,part_n_extraterritorial,5,0.1776331532430809
BGD,NAVAL,part_n_extraterritorial,0,0.1626327159046266
BGD,NAVAL,part_n_extraterritorial,1,-0.0676647403643332
BGD,NAVAL,part_n_extraterritorial,2,-0.21597729947896924
BGD,NAVAL,part_n_extraterritorial,3,0.210322114548012
BGD,NAVAL,part_n_extraterritorial,4,0.10767327465353543
BGD,NAVAL,part_n_extraterritorial,5,-0.1917834834662248
BGR,NAVAL,part_n_extraterritorial,0,-0.09340662134290356
BGR,NAVAL,part_n_extraterritorial,1,-0.09480250954508139
BGR,NAVAL,part_n_extraterritorial,2,0.16978398697612904
BGR,NAVAL,part_n_extraterritorial,3,-0.017160625090868666
BGR,NAVAL,part_n_extraterritorial,4,-0.11236648639981187
BGR,NAVAL,part_n_extraterritorial,5,0.25449878354895944
BHR,NAVAL,part_n_extraterritorial,0,0.2604245649126904
BHR,NAVAL,part_n_extraterritorial,1,-0.4312841996011066
BHR,NAVAL,part_n_extraterritorial,2,0.46375423365983237
BHR,NAVAL,part_n_extraterritorial,3,-0.2872504612005471
BHR,NAVAL,part_n_extraterritorial,4,0.1461470745085825
BHR,NAVAL,part_n_extraterritorial,5,0.09843717511910856
BRA,NAVAL,part_n_extraterritorial,0,-0.10555030228997847
BRA,NAVAL,part_n_extraterritorial,1,-0.1250614747385572
BRA,NAVAL,part_n_extraterritorial,2,0.10165119990459393
BRA,NAVAL,part_n_extraterritorial,3,0.09252385959400736
BRA,NAVAL,part_n_extraterritorial,4,-0.41977785235073983
BRA,NAVAL,part_n_extraterritorial,5,0.47336403280585637
CAN,NAVAL,part_n_extraterritorial,0,-0.21271261569566716
CAN,NAVAL,part_n_extraterritorial,1,0.1632193166283699
CAN,NAVAL,part_n_extraterritorial,2,-0.0665136220382721
CAN,NAVAL,part_n_extraterritorial,3,0.12291686166445596
CAN,NAVAL,part_n_extraterritorial,4,-0.0317095016611948
CAN,NAVAL,part_n_extraterritorial,5,-0.03828590063512438
CHN,NAVAL,part_n_extraterritorial,0,-0.005807816514592748
CHN,NAVAL,part_n_extraterritorial,1,0.22782549484425713
CHN,NAVAL,part_n_extraterritorial,2,-0.13199138536272687
CHN,NAVAL,part_n_extraterritorial,3,0.21510736153323462
CHN,NAVAL,part_n_extraterritorial,4,-0.21193213956880885
CHN,NAVAL,part_n_extraterritorial,5,0.0964075225158374
CIV,NAVAL,part_n_extraterritorial,0,0.18335286108999674
CIV,NAVAL,part_n_extraterritorial,1,0.01407071077354041
CIV,NAVAL,part_n_extraterritorial,2,-0.43499960527270837
CIV,NAVAL,part_n_extraterritorial,3,0.09665414296758579
CIV,NAVAL,part_n_extraterritorial,4,0.10300837684740402
CIV,NAVAL,part_n_extraterritorial,5,-0.11394254760131779
CMR,NAVAL,part_n_extraterritorial,0,0.13425035287316997
CMR,NAVAL,part_n_extraterritorial,1,0.36469302323435904
CMR,NAVAL,part_n_extraterritorial,2,-0.23347298620873305
CMR,NAVAL,part_n_extraterritorial,3,0.06755956813246407
CMR,NAVAL,part_n_extraterritorial,4,0.21512515583537253
CMR,NAVAL,part_n_extraterritorial,5,-0.33189878994621824
COL,NAVAL,part_n_extraterritorial,0,-1.6929927522883608e-19
COL,NAVAL,part_n_extraterritorial,1,-0.22815760494350604
COL,NAVAL,part_n_extraterritorial,2,0.4563189280795714
COL,NAVAL,part_n_extraterritorial,3,-0.22816143937937833
COL,NAVAL,part_n_extraterritorial,4,-0.21563999920027682
COL,NAVAL,part_n_extraterritorial,5,0.45862761257197315
CUB,NAVAL,part_n_extraterritorial,0,-0.7174300539794397
DEU,NAVAL,part_n_extraterritorial,0,0.05191784977790861
DEU,NAVAL,part_n_extraterritorial,1,0.22246646103071865
DEU,NAVAL,part_n_extraterritorial,2,-0.1682895288496096
DEU,NAVAL,part_n_extraterritorial,3,0.11683506162293389
DEU,NAVAL,part_n_extraterritorial,4,-0.23867482332835652
DEU,NAVAL,part_n_extraterritorial,5,0.24788383713037745
DJI,NAVAL,part_n_extraterritorial,0,0.08946265864822017
DJI,NAVAL,part_n_extraterritorial,1,-0.14795377684832817
DJI,NAVAL,part_n_extraterritorial,2,0.0951966752139099
DJI,NAVAL,part_n_extraterritorial,3,0.27255263644883515
DJI,NAVAL,part_n_extraterritorial,4,-0.6187690147057751
DJI,NAVAL,part_n_extraterritorial,5,0.048465927512251844
DNK,NAVAL,part_n_extraterritorial,0,-0.17834187207513547
DNK,NAVAL,part_n_extraterritorial,1,0.07304836862282653
DNK,NAVAL,part_n_extraterritorial,2,0.12758516120675764
DNK,NAVAL,part_n_extraterritorial,3,0.0609550716297335
DNK,NAVAL,part_n_extraterritorial,4,-0.0034522042978358198
DNK,NAVAL,part_n_extraterritorial,5,-0.20045915192991606
DOM,NAVAL,part_n_extraterritorial,0,0.37550370100090336
DOM,NAVAL,part_n_extraterritorial,1,0.22440968276668416
DOM,NAVAL,part_n_extraterritorial,2,-0.5020367835014434
DOM,NAVAL,part_n_extraterritorial,3,0.45452485598003917
DOM,NAVAL,part_n_extraterritorial,4,-0.24133077486751175
DOM,NAVAL,part_n_extraterritorial,5,-3.094953331868057e-35
ECU,NAVAL,part_n_extraterritorial,0,0.25144216945961084
ECU,NAVAL,part_n_extraterritorial,1,-0.2724826942727055
ECU,NAVAL,part_n_extraterritorial,2,0.29842319527738465
ECU,NAVAL,part_n_extraterritorial,3,-0.15163323293297426
ECU,NAVAL,part_n_extraterritorial,4,-0.18441453355370968
ECU,NAVAL,part_n_extraterritorial,5,0.3777589888641195
EGY,NAVAL,part_n_extraterritorial,0,0.3469540818932277
EGY,NAVAL,part_n_extraterritorial,1,-0.061196482916944794
EGY,NAVAL,part_n_extraterritorial,2,0.04689797117761666
EGY,NAVAL,part_n_extraterritorial,3,0.05990543798240517
EGY,NAVAL,part_n_extraterritorial,4,-0.11334983814416917
EGY,NAVAL,part_n_extraterritorial,5,-0.21755052960871685
ERI,NAVAL,part_n_extraterritorial,0,0.0
ERI,NAVAL,part_n_extraterritorial,1,0.0
ERI,NAVAL,part_n_extraterritorial,2,0.0
ERI,NAVAL,part_n_extraterritorial,3,0.0
ERI,NAVAL,part_n_extraterritorial,4,0.0
ERI,NAVAL,part_n_extraterritorial,5,0.0
ESP,NAVAL,part_n_extraterritorial,0,-0.022779864977366233
ESP,NAVAL,part_n_extraterritorial,1,0.05750325274265105
ESP,NAVAL,part_n_extraterritorial,2,-0.0046371873900182626
ESP,NAVAL,part_n_extraterritorial,3,-0.22910570925028784
ESP,NAVAL,part_n_extraterritorial,4,0.009168587377220096
ESP,NAVAL,part_n_extraterritorial,5,0.36108455745540124
EST,NAVAL,part_n_extraterritorial,0,0.07089954897762542
EST,NAVAL,part_n_extraterritorial,1,-0.02750301346892672
EST,NAVAL,part_n_extraterritorial,2,0.027503013468926737
EST,NAVAL,part_n_extraterritorial,3,-0.4685264384809329
EST,NAVAL,part_n_extraterritorial,4,0.2825574142164603
EST,NAVAL,part_n_extraterritorial,5,-0.023152009782345644
ETH,NAVAL,part_n_extraterritorial,0,1.1607591022914293e-18
ETH,NAVAL,part_n_extraterritorial,1,6.873317944905584e-19
ETH,NAVAL,part_n_extraterritorial,2,8.956111493353367e-20
ETH,NAVAL,part_n_extraterritorial,3,5.142921561801364e-19
ETH,NAVAL,part_n_extraterritorial,4,5.250778606897181e-19
ETH,NAVAL,part_n_extraterritorial,5,5.008782314356719e-19
FIN,NAVAL,part_n_extraterritorial,0,-0.15819363442287956
FIN,NAVAL,part_n_extraterritorial,1,0.491769536218616
FIN,NAVAL,part_n_extraterritorial,2,-0.19500890134874066
FIN,NAVAL,part_n_extraterritorial,3,-0.006065315581510236
FIN,NAVAL,part_n_extraterritorial,4,0.07827035115957376
FIN,NAVAL,part_n_extraterritorial,5,-0.10195733006418348
FRA,NAVAL,part_n_extraterritorial,0,-0.205254501077708
FRA,NAVAL,part_n_extraterritorial,1,-0.057536385125178405
FRA,NAVAL,part_n_extraterritorial,2,0.17330709766637525
FRA,NAVAL,part_n_extraterritorial,3,-0.1992664596600358
FRA,NAVAL,part_n_extraterritorial,4,0.18145424268938065
FRA,NAVAL,part_n_extraterritorial,5,0.019937931467608604
GAB,NAVAL,part_n_extraterritorial,0,0.0
GAB,NAVAL,part_n_extraterritorial,1,0.0
GAB,NAVAL,part_n_extraterritorial,2,0.0
GAB,NAVAL,part_n_extraterritorial,3,0.0
GAB,NAVAL,part_n_extraterritorial,4,0.0
GAB,NAVAL,part_n_extraterritorial,5,0.0
GBR,NAVAL,part_n_extraterritorial,0,0.05146751049861825
GBR,NAVAL,part_n_extraterritorial,1,0.08807494578597189
GBR,NAVAL,part_n_extraterritorial,2,0.050143169128361566
GBR,NAVAL,part_n_extraterritorial,3,-0.10259619630395785
GBR,NAVAL,part_n_extraterritorial,4,0.1238485947178177
GBR,NAVAL,part_n_extraterritorial,5,0.07312368329679121
GEO,NAVAL,part_n_extraterritorial,0,0.283042504465909
GEO,NAVAL,part_n_extraterritorial,1,-0.08320554299430892
GEO,NAVAL,part_n_extraterritorial,2,-0.19398348001783972
GEO,NAVAL,part_n_extraterritorial,3,0.19398348001783972
GEO,NAVAL,part_n_extraterritorial,4,-0.17795781742067462
GEO,NAVAL,part_n_extraterritorial,5,0.019669492933262134
GHA,NAVAL,part_n_extraterritorial,0,-0.3727079993627718
GHA,NAVAL,part_n_extraterritorial,1,0.2676894224948871
GHA,NAVAL,part_n_extraterritorial,2,0.0921483951036146
GHA,NAVAL,part_n_extraterritorial,3,0.02735272894845951
GHA,NAVAL,part_n_extraterritorial,4,-0.012762106547954021
GHA,NAVAL,part_n_extraterritorial,5,-0.14609479901254102
GIN,NAVAL,part_n_extraterritorial,0,0.007319260093565176
GIN,NAVAL,part_n_extraterritorial,1,-0.2487538468716668
GIN,NAVAL,part_n_extraterritorial,2,-1.5581770602621555e-18
GIN,NAVAL,part_n_extraterritorial,3,-1.990796548800524e-18
GIN,NAVAL,part_n_extraterritorial,4,-4.929650256073754e-19
GIN,NAVAL,part_n_extraterritorial,5,-1.5145413948477207e-18
GMB,NAVAL,part_n_extraterritorial,0,0.005257684199394556
GMB,NAVAL,part_n_extraterritorial,1,0.00541324934664456
GMB,NAVAL,part_n_extraterritorial,2,0.005578300983484039
GMB,NAVAL,part_n_extraterritorial,3,0.005753734143902939
GMB,NAVAL,part_n_extraterritorial,4,0.00594056011154768
GMB,NAVAL,part_n_extraterritorial,5,-0.46800017128678717
GNB,NAVAL,part_n_extraterritorial,0,0.0
GNB,NAVAL,part_n_extraterritorial,1,0.0
GNB,NAVAL,part_n_extraterritorial,2,0.0
GNB,NAVAL,part_n_extraterritorial,3,0.0
GNB,NAVAL,part_n_extraterritorial,4,0.0
GNB,NAVAL,part_n_extraterritorial,5,0.0
GRC,NAVAL,part_n_extraterritorial,0,-0.4378384192863377
GRC,NAVAL,part_n_extraterritorial,1,0.2255493570494691
GRC,NAVAL,part_n_extraterritorial,2,-0.13408433847312154
GRC,NAVAL,part_n_extraterritorial,3,-0.08216703522322763
GRC,NAVAL,part_n_extraterritorial,4,0.061824325432355505
GRC,NAVAL,part_n_extraterritorial,5,-0.17620920375694107
GTM,NAVAL,part_n_extraterritorial,0,0.17333701762820675
GTM,NAVAL,part_n_extraterritorial,1,-0.25721889256463143
GTM,NAVAL,part_n_extraterritorial,2,-0.10811256713403505
GTM,NAVAL,part_n_extraterritorial,3,0.2162251342680701
GTM,NAVAL,part_n_extraterritorial,4,0.30475221029423144
GTM,NAVAL,part_n_extraterritorial,5,-0.5938605277583549
HND,NAVAL,part_n_extraterritorial,0,2.2214867485734365e-35
HND,NAVAL,part_n_extraterritorial,1,2.1445803261837155e-36
HND,NAVAL,part_n_extraterritorial,2,-2.3419104449854375e-19
HND,NAVAL,part_n_extraterritorial,3,4.504565076994939e-19
HND,NAVAL,part_n_extraterritorial,4,0.0
HND,NAVAL,part_n_extraterritorial,5,1.23896181478726e-19
HRV,NAVAL,part_n_extraterritorial,0,0.19854858240446402
HRV,NAVAL,part_n_extraterritorial,1,-0.02757096734947994
HRV,NAVAL,part_n_extraterritorial,2,0.11045554819077422
HRV,NAVAL,part_n_extraterritorial,3,0.08285419977872548
HRV,NAVAL,part_n_extraterritorial,4,-0.3379510128455385
HRV,NAVAL,part_n_extraterritorial,5,0.4434322998877865
IDN,NAVAL,part_n_extraterritorial,0,0.16175065739278022
IDN,NAVAL,part_n_extraterritorial,1,0.1577761520135738
IDN,NAVAL,part_n_extraterritorial,2,-0.18143709658959958
IDN,NAVAL,part_n_extraterritorial,3,-0.02178519616935819
IDN,NAVAL,part_n_extraterritorial,4,0.1791215907182721
IDN,NAVAL,part_n_extraterritorial,5,-0.15728622203063514
IRL,NAVAL,part_n_extraterritorial,0,0.0374748209548502
IRL,NAVAL,part_n_extraterritorial,1,-0.041759339532144835
IRL,NAVAL,part_n_extraterritorial,2,-0.0032352306896033774
IRL,NAVAL,part_n_extraterritorial,3,-0.09882214364009982
IRL,NAVAL,part_n_extraterritorial,4,-0.1568269265806774
IRL,NAVAL,part_n_extraterritorial,5,0.4504219271738764
IRN,NAVAL,part_n_extraterritorial,0,-0.023974872569009962
IRN,NAVAL,part_n_extraterritorial,1,-0.09057508202867212
IRN,NAVAL,part_n_extraterritorial,2,0.005999723684922918
IRN,NAVAL,part_n_extraterritorial,3,0.006188800675418329
IRN,NAVAL,part_n_extraterritorial,4,-0.2673222742428729
IRN,NAVAL,part_n_extraterritorial,5,0.4291686027831053
ISL,NAVAL,part_n_extraterritorial,0,0.17851613230820096
ISL,NAVAL,part_n_extraterritorial,1,-0.3570322646164019
ISL,NAVAL,part_n_extraterritorial,2,0.3570322646164019
ISL,NAVAL,part_n_extraterritorial,3,0.12665921156105872
ISL,NAVAL,part_n_extraterritorial,4,-0.30517534386925965
ISL,NAVAL,part_n_extraterritorial,5,0.0
ITA,NAVAL,part_n_extraterritorial,0,-0.17739116967926286
ITA,NAVAL,part_n_extraterritorial,1,-0.02136330736091124
ITA,NAVAL,part_n_extraterritorial,2,0.019876429805274556
ITA,NAVAL,part_n_extraterritorial,3,1.911388547571959e-34
ITA,NAVAL,part_n_extraterritorial,4,0.07067719334577217
ITA,NAVAL,part_n_extraterritorial,5,-0.21837087524964205
JOR,NAVAL,part_n_extraterritorial,0,-2.9064034932749087e-19
JOR,NAVAL,part_n_extraterritorial,1,-1.3825592945776915e-19
JOR,NAVAL,part_n_extraterritorial,2,-3.654981223183261e-19
JOR,NAVAL,part_n_extraterritorial,3,-4.1654966757579136e-19
JOR,NAVAL,part_n_extraterritorial,4,2.2592781627953827e-19
JOR,NAVAL,part_n_extraterritorial,5,4.918668907382987e-19
JPN,NAVAL,part_n_extraterritorial,0,0.0384910923235114
JPN,NAVAL,part_n_extraterritorial,1,-0.09473905080695223
JPN,NAVAL,part_n_extraterritorial,2,0.10220336646125255
JPN,NAVAL,part_n_extraterritorial,3,-0.11961453696630098
JPN,NAVAL,part_n_extraterritorial,4,0.07097707979280456
JPN,NAVAL,part_n_extraterritorial,5,-0.0772445589593565
KAZ,NAVAL,part_n_extraterritorial,0,-0.03474171981447771
KAZ,NAVAL,part_n_extraterritorial,1,0.11427330650122113
KAZ,NAVAL,part_n_extraterritorial,2,-0.025435535057485508
KAZ,NAVAL,part_n_extraterritorial,3,-0.05409605162925789
KAZ,NAVAL,part_n_extraterritorial,4,-0.23210539631775742
KAZ,NAVAL,part_n_extraterritorial,5,0.32843679170509216
KEN,NAVAL,part_n_extraterritorial,0,0.12118116997427185
KEN,NAVAL,part_n_extraterritorial,1,-0.10660632094331836
KEN,NAVAL,part_n_extraterritorial,2,-0.12383465158502546
KEN,NAVAL,part_n_extraterritorial,3,0.16623891630845225
KEN,NAVAL,part_n_extraterritorial,4,0.04703340846982289
KEN,NAVAL,part_n_extraterritorial,5,0.06352555650474263
KHM,NAVAL,part_n_extraterritorial,0,5.66158825890956e-19
KHM,NAVAL,part_n_extraterritorial,1,-3.2405911350804814e-19
KHM,NAVAL,part_n_extraterritorial,2,2.8223004681035093e-19
KHM,NAVAL,part_n_extraterritorial,3,6.458473610110011e-19
KHM,NAVAL,part_n_extraterritorial,4,3.315630320484502e-19
KHM,NAVAL,part_n_extraterritorial,5,-0.6275624326711137
KOR,NAVAL,part_n_extraterritorial,0,-0.09777623779025073
KOR,NAVAL,part_n_extraterritorial,1,0.15797181201054228
KOR,NAVAL,part_n_extraterritorial,2,-0.33031844410476313
KOR,NAVAL,part_n_extraterritorial,3,-0.005583354032278012
KOR,NAVAL,part_n_extraterritorial,4,0.1298740980476584
KOR,NAVAL,part_n_extraterritorial,5,0.01791415161306505
KWT,NAVAL,part_n_extraterritorial,0,-0.15584054843684347
KWT,NAVAL,part_n_extraterritorial,1,-0.15709201416486607
KWT,NAVAL,part_n_extraterritorial,2,0.023895903007674055
KWT,NAVAL,part_n_extraterritorial,3,0.1754919059602859
KWT,NAVAL,part_n_extraterritorial,4,-0.157235877956094
KWT,NAVAL,part_n_extraterritorial,5,0.2297363025147723
LBR,NAVAL,part_n_extraterritorial,0,4.726655267091983e-19
LBR,NAVAL,part_n_extraterritorial,1,-1.0400042219471071e-18
LBR,NAVAL,part_n_extraterritorial,2,-1.4858972038707498e-19
LBR,NAVAL,part_n_extraterritorial,3,1.748767090747818e-18
LBR,NAVAL,part_n_extraterritorial,4,-2.0961686233678256e-19
LBR,NAVAL,part_n_extraterritorial,5,-3.2276421890487844e-19
LBY,NAVAL,part_n_extraterritorial,0,0.0
LBY,NAVAL,part_n_extraterritorial,1,0.0
LBY,NAVAL,part_n_extraterritorial,2,0.0
LBY,NAVAL,part_n_extraterritorial,3,0.0
LBY,NAVAL,part_n_extraterritorial,4,0.0
LBY,NAVAL,part_n_extraterritorial,5,0.0
LKA,NAVAL,part_n_extraterritorial,0,0.3211963664341657
LKA,NAVAL,part_n_extraterritorial,1,-0.03639940802587459
LKA,NAVAL,part_n_extraterritorial,2,-0.11847283443590904
LKA,NAVAL,part_n_extraterritorial,3,0.11673841887881402
LKA,NAVAL,part_n_extraterritorial,4,0.09116038755285329
LKA,NAVAL,part_n_extraterritorial,5,-0.376600204561203
LTU,NAVAL,part_n_extraterritorial,0,0.12256170434806668
LTU,NAVAL,part_n_extraterritorial,1,0.20269597243355317
LTU,NAVAL,part_n_extraterritorial,2,-0.455171886052467
LTU,NAVAL,part_n_extraterritorial,3,0.2437027338913869
LTU,NAVAL,part_n_extraterritorial,4,0.05281823049776506
LTU,NAVAL,part_n_extraterritorial,5,-0.017477944221002368
LVA,NAVAL,part_n_extraterritorial,0,0.04187463426389618
LVA,NAVAL,part_n_extraterritorial,1,0.12441892340020035
LVA,NAVAL,part_n_extraterritorial,2,-0.2551987371498222
LVA,NAVAL,part_n_extraterritorial,3,0.18862141234926832
LVA,NAVAL,part_n_extraterritorial,4,0.004221529294583033
LVA,NAVAL,part_n_extraterritorial,5,-0.13974884739235902
MAR,NAVAL,part_n_extraterritorial,0,-0.09167591171366905
MAR,NAVAL,part_n_extraterritorial,1,0.11718568977506442
MAR,NAVAL,part_n_extraterritorial,2,-0.16277557922985547
MAR,NAVAL,part_n_extraterritorial,3,0.2005645431536108
MAR,NAVAL,part_n_extraterritorial,4,0.2811281193196126
MAR,NAVAL,part_n_extraterritorial,5,-0.4024829940358055
MDG,NAVAL,part_n_extraterritorial,0,0.0
MDG,NAVAL,part_n_extraterritorial,1,0.0
MDG,NAVAL,part_n_extraterritorial,2,0.0
MDG,NAVAL,part_n_extraterritorial,3,0.0
MDG,NAVAL,part_n_extraterritorial,4,0.0
MDG,NAVAL,part_n_extraterritorial,5,0.0
MEX,NAVAL,part_n_extraterritorial,0,-0.12788197908712237
MEX,NAVAL,part_n_extraterritorial,1,-0.021720243974394773
MEX,NAVAL,part_n_extraterritorial,2,0.19463857150746997
MEX,NAVAL,part_n_extraterritorial,3,0.12443882800089634
MEX,NAVAL,part_n_extraterritorial,4,-0.14437106055196253
MEX,NAVAL,part_n_extraterritorial,5,-0.07030681023272148
MRT,NAVAL,part_n_extraterritorial,0,-0.23833497025794959
MRT,NAVAL,part_n_extraterritorial,1,0.12232099963283424
MRT,NAVAL,part_n_extraterritorial,2,0.07404725240445788
MRT,NAVAL,part_n_extraterritorial,3,-0.14149246829782985
MRT,NAVAL,part_n_extraterritorial,4,0.21533483744126836
MRT,NAVAL,part_n_extraterritorial,5,-0.110423249613583
MYS,NAVAL,part_n_extraterritorial,0,0.011422433787168843
MYS,NAVAL,part_n_extraterritorial,1,0.20509180520572148
MYS,NAVAL,part_n_extraterritorial,2,-0.03295166213615097
MYS,NAVAL,part_n_extraterritorial,3,-0.21440242557486572
MYS,NAVAL,part_n_extraterritorial,4,0.3858745905425181
MYS,NAVAL,part_n_extraterritorial,5,0.01974989194099743
NAM,NAVAL,part_n_extraterritorial,0,0.0
NAM,NAVAL,part_n_extraterritorial,1,0.0
NAM,NAVAL,part_n_extraterritorial,2,0.0
NAM,NAVAL,part_n_extraterritorial,3,0.0
NAM,NAVAL,part_n_extraterritorial,4,0.0
NAM,NAVAL,part_n_extraterritorial,5,0.0
NGA,NAVAL,part_n_extraterritorial,0,-0.1374881911166736
NGA,NAVAL,part_n_extraterritorial,1,0.1306867802354116
NGA,NAVAL,part_n_extraterritorial,2,0.042713608391298494
NGA,NAVAL,part_n_extraterritorial,3,-0.13651334051945097
NGA,NAVAL,part_n_extraterritorial,4,0.230396444373613
NGA,NAVAL,part_n_extraterritorial,5,-0.07330035601158122
NIC,NAVAL,part_n_extraterritorial,0,0.0
NIC,NAVAL,part_n_extraterritorial,1,0.0
NIC,NAVAL,part_n_extraterritorial,2,0.0
NIC,NAVAL,part_n_extraterritorial,3,0.0
NIC,NAVAL,part_n_extraterritorial,4,0.0
NIC,NAVAL,part_n_extraterritorial,5,6.828775489038186e-19
NLD,NAVAL,part_n_extraterritorial,0,0.5651855883070546
NLD,NAVAL,part_n_extraterritorial,1,-0.17787614260534887
NLD,NAVAL,part_n_extraterritorial,2,0.013067748721426626
NLD,NAVAL,part_n_extraterritorial,3,-0.04559683840619191
NLD,NAVAL,part_n_extraterritorial,4,-0.11039352842692604
NLD,NAVAL,part_n_extraterritorial,5,0.04887970898122126
NOR,NAVAL,part_n_extraterritorial,0,-0.17490120067865023
NOR,NAVAL,part_n_extraterritorial,1,-0.15954010671866065
NOR,NAVAL,part_n_extraterritorial,2,0.3401925052144963
NOR,NAVAL,part_n_extraterritorial,3,-0.1789038259586332
NOR,NAVAL,part_n_extraterritorial,4,0.08049470741682471
NOR,NAVAL,part_n_extraterritorial,5,-0.021324722799734627
NZL,NAVAL,part_n_extraterritorial,0,-0.046745015172077346
NZL,NAVAL,part_n_extraterritorial,1,0.09528059753252931
NZL,NAVAL,part_n_extraterritorial,2,-0.15322506519598225
NZL,NAVAL,part_n_extraterritorial,3,-0.0375071579872445
NZL,NAVAL,part_n_extraterritorial,4,0.28589472820547507
NZL,NAVAL,part_n_extraterritorial,5,-0.10286351908919446
OMN,NAVAL,part_n_extraterritorial,0,-6.316760694678178e-19
OMN,NAVAL,part_n_extraterritorial,1,-0.2669190449528699
OMN,NAVAL,part_n_extraterritorial,2,0.3717407392837252
PAK,NAVAL,part_n_extraterritorial,0,-0.022808593509440887
PAK,NAVAL,part_n_extraterritorial,1,0.014782127641138365
PAK,NAVAL,part_n_extraterritorial,2,-0.038380515614739756
PAK,NAVAL,part_n_extraterritorial,3,-0.06289022422194086
PAK,NAVAL,part_n_extraterritorial,4,-0.24800834329010943
PAK,NAVAL,part_n_extraterritorial,5,0.20585370390526186
PER,NAVAL,part_n_extraterritorial,0,0.1041205625432968
PER,NAVAL,part_n_extraterritorial,1,-0.1294153100095572
PER,NAVAL,part_n_extraterritorial,2,0.12542293631675513
PER,NAVAL,part_n_extraterritorial,3,-0.09674413122117997
PER,NAVAL,part_n_extraterritorial,4,0.06355224656677709
PER,NAVAL,part_n_extraterritorial,5,0.09519018739841222
PHL,NAVAL,part_n_extraterritorial,0,0.12993335683033094
PHL,NAVAL,part_n_extraterritorial,1,-0.04033644217651724
PHL,NAVAL,part_n_extraterritorial,2,0.03323746108218617
PHL,NAVAL,part_n_extraterritorial,3,0.06579435214360208
PHL,NAVAL,part_n_extraterritorial,4,-0.20867156343637505
PHL,NAVAL,part_n_extraterritorial,5,0.09543666771947733
POL,NAVAL,part_n_extraterritorial,0,-0.2895325665317051
POL,NAVAL,part_n_extraterritorial,1,0.17539935275476726
POL,NAVAL,part_n_extraterritorial,2,0.0396141311487382
POL,NAVAL,part_n_extraterritorial,3,-0.1251224623135676
POL,NAVAL,part_n_extraterritorial,4,0.2463340474571807
POL,NAVAL,part_n_extraterritorial,5,0.08802810645796784
PRK,NAVAL,part_n_extraterritorial,0,0.010979071877276467
PRK,NAVAL,part_n_extraterritorial,1,0.011307558859212627
PRK,NAVAL,part_n_extraterritorial,2,0.011656310103003917
PRK,NAVAL,part_n_extraterritorial,3,0.012027260612050237
PRK,NAVAL,part_n_extraterritorial,4,0.012422599874998844
PRK,NAVAL,part_n_extraterritorial,5,0.012844815128956884
PRT,NAVAL,part_n_extraterritorial,0,0.23413321137472648
PRT,NAVAL,part_n_extraterritorial,1,-0.04132153448172554
PRT,NAVAL,part_n_extraterritorial,2,-0.08302193055828008
PRT,NAVAL,part_n_extraterritorial,3,0.04067725305751496
PRT,NAVAL,part_n_extraterritorial,4,-0.09500991828865826
PRT,NAVAL,part_n_extraterritorial,5,0.04803578508299576
QAT,NAVAL,part_n_extraterritorial,0,-0.1641517251445882
QAT,NAVAL,part_n_extraterritorial,1,0.03397467751787953
QAT,NAVAL,part_n_extraterritorial,2,0.16525423734755965
QAT,NAVAL,part_n_extraterritorial,3,0.23518719392948811
QAT,NAVAL,part_n_extraterritorial,4,-0.061378371880853745
QAT,NAVAL,part_n_extraterritorial,5,-0.23573476037670818
ROU,NAVAL,part_n_extraterritorial,0,0.31590527792602996
ROU,NAVAL,part_n_extraterritorial,1,-0.1460380936110418
ROU,NAVAL,part_n_extraterritorial,2,-0.0371528886786681
ROU,NAVAL,part_n_extraterritorial,3,0.13376062540669906
ROU,NAVAL,part_n_extraterritorial,4,-0.07285191211948219
ROU,NAVAL,part_n_extraterritorial,5,0.009172338453506245
RUS,NAVAL,part_n_extraterritorial,0,-0.004840207696238595
RUS,NAVAL,part_n_extraterritorial,1,-0.022475402669275717
RUS,NAVAL,part_n_extraterritorial,2,-0.014191451568826573
RUS,NAVAL,part_n_extraterritorial,3,0.0019460071772607053
RUS,NAVAL,part_n_extraterritorial,4,0.2301507489175973
RUS,NAVAL,part_n_extraterritorial,5,0.01653929766418826
SAU,NAVAL,part_n_extraterritorial,0,0.4011711638588992
SAU,NAVAL,part_n_extraterritorial,1,-0.33270384997270147
SAU,NAVAL,part_n_extraterritorial,2,0.23388762137093896
SAU,NAVAL,part_n_extraterritorial,3,0.150255854961807
SAU,NAVAL,part_n_extraterritorial,4,-0.19548210707133387
SAU,NAVAL,part_n_extraterritorial,5,0.18422500602935327
SEN,NAVAL,part_n_extraterritorial,0,-0.010988086254140274
SEN,NAVAL,part_n_extraterritorial,1,-0.3793420275053218
SEN,NAVAL,part_n_extraterritorial,2,0.2424216405522455
SEN,NAVAL,part_n_extraterritorial,3,0.09343904526188891
SEN,NAVAL,part_n_extraterritorial,4,0.20121634603262864
SEN,NAVAL,part_n_extraterritorial,5,-0.3255933681703224
SGP,NAVAL,part_n_extraterritorial,0,-0.07705202649075656
SGP,NAVAL,part_n_extraterritorial,1,0.2632448738566605
SGP,NAVAL,part_n_extraterritorial,2,0.35721744375016734
SGP,NAVAL,part_n_extraterritorial,3,-0.2506338538414673
SGP,NAVAL,part_n_extraterritorial,4,0.1391456671728457
SGP,NAVAL,part_n_extraterritorial,5,-0.041319436940930536
SLE,NAVAL,part_n_extraterritorial,0,3.3597867327323527e-19
SLE,NAVAL,part_n_extraterritorial,1,-3.0532469179644483e-21
SLE,NAVAL,part_n_extraterritorial,2,0.0
SLE,NAVAL,part_n_extraterritorial,3,4.54698228760936e-19
SLE,NAVAL,part_n_extraterritorial,4,4.191719727422312e-19
SLE,NAVAL,part_n_extraterritorial,5,-0.21431847468942478
SLV,NAVAL,part_n_extraterritorial,0,1.6605976830362705e-34
SLV,NAVAL,part_n_extraterritorial,1,-0.2675130624816641
SLV,NAVAL,part_n_extraterritorial,2,0.48593890811816437
SLV,NAVAL,part_n_extraterritorial,3,-0.25486546317835235
SLV,NAVAL,part_n_extraterritorial,4,-0.06182593815402514
SLV,NAVAL,part_n_extraterritorial,5,0.20335937363285858
SVN,NAVAL,part_n_extraterritorial,0,0.0
SVN,NAVAL,part_n_extraterritorial,1,0.15513589322049912
SVN,NAVAL,part_n_extraterritorial,2,-0.3451532562816367
SVN,NAVAL,part_n_extraterritorial,3,0.3916923572787796
SVN,NAVAL,part_n_extraterritorial,4,0.13895507511268107
SVN,NAVAL,part_n_extraterritorial,5,-0.33480125375207087
SWE,NAVAL,part_n_extraterritorial,0,0.1633820020730661
SWE,NAVAL,part_n_extraterritorial,1,-0.24410215065682778
SWE,NAVAL,part_n_extraterritorial,2,-1.2834233052337719e-18
SWE,NAVAL,part_n_extraterritorial,3,8.820486836861324e-19
SWE,NAVAL,part_n_extraterritorial,4,3.1385573327555866e-18
SWE,NAVAL,part_n_extraterritorial,5,2.423421145139913e-18
SYR,NAVAL,part_n_extraterritorial,0,1.3670342087524061e-18
SYR,NAVAL,part_n_extraterritorial,1,1.774509380284244e-18
SYR,NAVAL,part_n_extraterritorial,2,8.608323332797759e-20
TGO,NAVAL,part_n_extraterritorial,0,-0.3358808589523413
TGO,NAVAL,part_n_extraterritorial,1,0.3358955172256784
TGO,NAVAL,part_n_extraterritorial,2,-0.33591106597651776
TGO,NAVAL,part_n_extraterritorial,3,0.16796379444521994
TGO,NAVAL,part_n_extraterritorial,4,0.07337533311873047
TGO,NAVAL,part_n_extraterritorial,5,-0.14675886438891197
THA,NAVAL,part_n_extraterritorial,0,-0.14228142109716088
THA,NAVAL,part_n_extraterritorial,1,-0.028662712924360925
THA,NAVAL,part_n_extraterritorial,2,0.3371448652408751
THA,NAVAL,part_n_extraterritorial,3,0.029798486492540504
THA,NAVAL,part_n_extraterritorial,4,-0.18347167586670782
THA,NAVAL,part_n_extraterritorial,5,-3.0064627140245206e-19
TKM,NAVAL,part_n_extraterritorial,0,-6.329703508948821e-20
TKM,NAVAL,part_n_extraterritorial,1,6.725653395216928e-19
TKM,NAVAL,part_n_extraterritorial,2,-0.4878985636948076
TKM,NAVAL,part_n_extraterritorial,3,0.5417373230281965
TKM,NAVAL,part_n_extraterritorial,4,-9.064514241746435e-20
TKM,NAVAL,part_n_extraterritorial,5,2.097030990248113e-21
TON,NAVAL,part_n_extraterritorial,0,-7.699324022039528e-19
TON,NAVAL,part_n_extraterritorial,1,-2.604058992738027e-19
TON,NAVAL,part_n_extraterritorial,2,-5.430147500526547e-19
TON,NAVAL,part_n_extraterritorial,3,7.601554577694722e-19
TON,NAVAL,part_n_extraterritorial,4,-5.345027815623003e-20
TON,NAVAL,part_n_extraterritorial,5,-6.640135592209679e-20
TUN,NAVAL,part_n_extraterritorial,0,0.05213911198291628
TUN,NAVAL,part_n_extraterritorial,1,-0.10428556727269825
TUN,NAVAL,part_n_extraterritorial,2,0.05214667866197567
TUN,NAVAL,part_n_extraterritorial,3,0.05215081808325647
TUN,NAVAL,part_n_extraterritorial,4,-0.10431045129474058
TUN,NAVAL,part_n_extraterritorial,5,0.2663433925922111
TUR,NAVAL,part_n_extraterritorial,0,-0.23117061066472683
TUR,NAVAL,part_n_extraterritorial,1,0.308533696932137
TUR,NAVAL,part_n_extraterritorial,2,-0.27204164271334047
TUR,NAVAL,part_n_extraterritorial,3,0.2470249922134854
TUR,NAVAL,part_n_extraterritorial,4,-0.10781060102170452
TUR,NAVAL,part_n_extraterritorial,5,-0.16093518347413696
TZA,NAVAL,part_n_extraterritorial,0,-0.5013821181023203
TZA,NAVAL,part_n_extraterritorial,1,-0.1141645290891682
TZA,NAVAL,part_n_extraterritorial,2,0.3459370548583692
TZA,NAVAL,part_n_extraterritorial,3,-0.19970972836749812
TZA,NAVAL,part_n_extraterritorial,4,0.07510948103450515
TZA,NAVAL,part_n_extraterritorial,5,0.19000068300398437
UKR,NAVAL,part_n_extraterritorial,0,-0.1512208208923649
UKR,NAVAL,part_n_extraterritorial,1,0.16397970121754962
UKR,NAVAL,part_n_extraterritorial,2,-0.35252340647367036
UKR,NAVAL,part_n_extraterritorial,3,-0.13553429617636373
UKR,NAVAL,part_n_extraterritorial,4,0.5765467191798531
UKR,NAVAL,part_n_extraterritorial,5,-0.40165576944644954
USA,NAVAL,part_n_extraterritorial,0,-0.06767485432613113
USA,NAVAL,part_n_extraterritorial,1,0.17864025076371323
USA,NAVAL,part_n_extraterritorial,2,0.001260250712829706
USA,NAVAL,part_n_extraterritorial,3,-0.026645188282013454
USA,NAVAL,part_n_extraterritorial,4,-0.04902837882778047
USA,NAVAL,part_n_extraterritorial,5,-0.014132140371433177
VNM,NAVAL,part_n_extraterritorial,0,-0.1826213494938519
VNM,NAVAL,part_n_extraterritorial,1,0.32147255966596505
VNM,NAVAL,part_n_extraterritorial,2,-0.1548424483532831
VNM,NAVAL,part_n_extraterritorial,3,-0.20559146323982067
VNM,NAVAL,part_n_extraterritorial,4,0.3592215166455518
VNM,NAVAL,part_n_extraterritorial,5,-0.14914113356624314
YEM,NAVAL,part_n_extraterritorial,0,-1.475646247536236e-19
YEM,NAVAL,part_n_extraterritorial,1,2.5583393862895056e-20
YEM,NAVAL,part_n_extraterritorial,2,-1.7344515410602709e-19
YEM,NAVAL,part_n_extraterritorial,3,3.6556044696647296e-19
YEM,NAVAL,part_n_extraterritorial,4,-8.386204374902411e-20
YEM,NAVAL,part_n_extraterritorial,5,-2.284506514194911e-19
ZAF,NAVAL,part_n_extraterritorial,0,8.650471065598986e-19
ZAF,NAVAL,part_n_extraterritorial,1,-0.06578538841589021
ZAF,NAVAL,part_n_extraterritorial,2,-0.0037659409118088066
ZAF,NAVAL,part_n_extraterritorial,3,-2.1539511860611204e-19
ZAF,NAVAL,part_n_extraterritorial,4,-0.2647517141701729
ZAF,NAVAL,part_n_extraterritorial,5,-0.1250685749597385
AFG,GROUND,part_n_minor,0,-0.24204455089015578
AFG,GROUND,part_n_minor,1,0.19852255333114335
AFG,GROUND,part_n_minor,2,-0.0977613990181156
AFG,GROUND,part_n_minor,3,-0.01664592014106638
AFG,GROUND,part_n_minor,4,0.0785095871467588
AFG,GROUND,part_n_minor,5,0.29354236878349216
AGO,GROUND,part_n_minor,0,-0.13311000530417108
AGO,GROUND,part_n_minor,1,0.11243072255791159
AGO,GROUND,part_n_minor,2,-0.04442382109260894
AGO,GROUND,part_n_minor,3,-0.19505260105478472
AGO,GROUND,part_n_minor,4,0.4507431217356001
AGO,GROUND,part_n_minor,5,-0.07517665871555969
ALB,GROUND,part_n_minor,0,7.561571655234124e-19
ALB,GROUND,part_n_minor,1,-3.4030974622310716e-19
ALB,GROUND,part_n_minor,2,-9.169336099974762e-35
ALB,GROUND,part_n_minor,3,4.300262657590896e-20
ALB,GROUND,part_n_minor,4,-6.879007827129036e-19
ALB,GROUND,part_n_minor,5,-2.3390718751039624e-19
ARE,GROUND,part_n_minor,0,0.36572408090328157
ARE,GROUND,part_n_minor,1,-0.13311237775416723
ARE,GROUND,part_n_minor,2,-0.09493076022448628
ARE,GROUND,part_n_minor,3,0.07986060452074942
ARE,GROUND,part_n_minor,4,-0.05768123640395279
ARE,GROUND,part_n_minor,5,0.025459671403576765
ARG,GROUND,part_n_minor,0,-3.999471781278772e-19
ARG,GROUND,part_n_minor,1,-8.081501244330103e-19
ARG,GROUND,part_n_minor,2,1.6869310797865645e-19
ARG,GROUND,part_n_minor,3,-4.34210607209383e-19
ARG,GROUND,part_n_minor,4,-7.423337327951017e-19
ARG,GROUND,part_n_minor,5,-0.07879588810671959
ARM,GROUND,part_n_minor,0,-0.07436381787300061
ARM,GROUND,part_n_minor,1,-0.12541664837808175
ARM,GROUND,part_n_minor,2,0.17293335689049044
ARM,GROUND,part_n_minor,3,-0.016617166215656287
ARM,GROUND,part_n_minor,4,0.1719068578477324
ARM,GROUND,part_n_minor,5,-0.17536477358138455
AUS,GROUND,part_n_minor,0,-0.2165920515168198
AUS,GROUND,part_n_minor,1,0.18017544768474944
AUS,GROUND,part_n_minor,2,0.027101007309276302
AUS,GROUND,part_n_minor,3,-0.3317643512322121
AUS,GROUND,part_n_minor,4,0.27090772148574754
AUS,GROUND,part_n_minor,5,-0.32203998923219657
AUT,GROUND,part_n_minor,0,0.04432204295248153
AUT,GROUND,part_n_minor,1,-0.09281162189312675
AUT,GROUND,part_n_minor,2,0.05495317778168141
AUT,GROUND,part_n_minor,3,-0.040925840955598355
AUT,GROUND,part_n_minor,4,0.07418659993509998
AUT,GROUND,part_n_minor,5,0.10089347153998407
AZE,GROUND,part_n_minor,0,0.20390400599205272
AZE,GROUND,part_n_minor,1,-0.1042414775502229
AZE,GROUND,part_n_minor,2,-0.07800397700534084
AZE,GROUND,part_n_minor,3,0.02735921825516171
AZE,GROUND,part_n_minor,4,0.053353309494745135
AZE,GROUND,part_n_minor,5,0.11902771501596947
BDI,GROUND,part_n_minor,0,-0.4201075021823789
BDI,GROUND,part_n_minor,1,0.29770784062909056
BDI,GROUND,part_n_minor,2,-0.28661655586425167
BDI,GROUND,part_n_minor,3,0.3281222745600054
BDI,GROUND,part_n_minor,4,-0.11911731066724951
BDI,GROUND,part_n_minor,5,0.13747144331771227
BEL,GROUND,part_n_minor,0,-0.008389923461777088
BEL,GROUND,part_n_minor,1,-0.2539403602600983
BEL,GROUND,part_n_minor,2,0.04806347026330047
BEL,GROUND,part_n_minor,3,0.11814598567197296
BEL,GROUND,part_n_minor,4,-0.042704738514396705
BEL,GROUND,part_n_minor,5,0.1436645978345697
BEN,GROUND,part_n_minor,0,0.13260491339537855
BEN,GROUND,part_n_minor,1,0.057610691404916994
BEN,GROUND,part_n_minor,2,-0.06398114725512263
BEN,GROUND,part_n_minor,3,-0.23497973455705096
BEN,GROUND,part_n_minor,4,0.14203541075390064
BEN,GROUND,part_n_minor,5,-0.2454410560474432
BFA,GROUND,part_n_minor,0,-0.022926737835215975
BFA,GROUND,part_n_minor,1,-0.2952290652405446
BFA,GROUND,part_n_minor,2,0.33888472289964977
BFA,GROUND,part_n_minor,3,-0.21235230344225264
BFA,GROUND,part_n_minor,4,0.11375959495566579
BFA,GROUND,part_n_minor,5,-0.052520545956086455
BGD,GROUND,part_n_minor,0,0.07700629933160842
BGD,GROUND,part_n_minor,1,0.15257033275135093
BGD,GROUND,part_n_minor,2,-0.18969073411897214
BGD,GROUND,part_n_minor,3,0.005794822593417608
BGD,GROUND,part_n_minor,4,0.3410666438115955
BGD,GROUND,part_n_minor,5,-0.10485685233040246
BGR,GROUND,part_n_minor,0,-0.029944814509410257
BGR,GROUND,part_n_minor,1,-0.026072210149578882
BGR,GROUND,part_n_minor,2,0.035183780718212994
BGR,GROUND,part_n_minor,3,-0.031284382511591394
BGR,GROUND,part_n_minor,4,-0.10484465915425095
BGR,GROUND,part_n_minor,5,0.11453406515049222
BHR,GROUND,part_n_minor,0,-0.18743920256830746
BHR,GROUND,part_n_minor,1,0.11680406981539905
BHR,GROUND,part_n_minor,2,-0.07636926948733229
BHR,GROUND,part_n_minor,3,-0.1272287561907953
BHR,GROUND,part_n_minor,4,0.04734064186339501
BHR,GROUND,part_n_minor,5,-0.09084451675375756
BIH,GROUND,part_n_minor,0,-0.12451238515948969
BIH,GROUND,part_n_minor,1,0.09166488122424109
BIH,GROUND,part_n_minor,2,-0.01769797842594963
BIH,GROUND,part_n_minor,3,-0.10608873445280054
BIH,GROUND,part_n_minor,4,0.020226105240821836
BIH,GROUND,part_n_minor,5,-0.13640857417983832
BOL,GROUND,part_n_minor,0,-0.19137953772587962
BOL,GROUND,part_n_minor,1,-5.5822393280767316e-36
BOL,GROUND,part_n_minor,2,-7.782905031447466e-35
BOL,GROUND,part_n_minor,3,-0.10126684673454969
BOL,GROUND,part_n_minor,4,0.20253369346909936
BOL,GROUND,part_n_minor,5,-0.29264638446042934
BRA,GROUND,part_n_minor,0,-0.1151330298527309
BRA,GROUND,part_n_minor,1,0.03089924252606123
BRA,GROUND,part_n_minor,2,-0.21371858401929988
BRA,GROUND,part_n_minor,3,0.21357239789107094
BRA,GROUND,part_n_minor,4,0.009674419478932507
BRA,GROUND,part_n_minor,5,0.15399784197028615
BTN,GROUND,part_n_minor,0,5.169958209160689e-19
BTN,GROUND,part_n_minor,1,-0.21420483257756018
BTN,GROUND,part_n_minor,2,0.5984788395035509
BTN,GROUND,part_n_minor,3,-0.5640953650684168
BTN,GROUND,part_n_minor,4,-6.390024125722748e-19
BTN,GROUND,part_n_minor,5,-5.63159148036536e-19
BWA,GROUND,part_n_minor,0,0.13403734704835815
BWA,GROUND,part_n_minor,1,-0.12848328784051904
BWA,GROUND,part_n_minor,2,0.3031604836290844
BWA,GROUND,part_n_minor,3,0.15721397878159218
BWA,GROUND,part_n_minor,4,-0.20596943371736215
BWA,GROUND,part_n_minor,5,-0.03837336326009518
CAF,GROUND,part_n_minor,0,0.216294219613621
CAF,GROUND,part_n_minor,1,-0.11128698566759813
CAF,GROUND,part_n_minor,2,0.027665860478663425
CAF,GROUND,part_n_minor,3,0.23192142906202054
CAF,GROUND,part_n_minor,4,-0.36122246353691884
CAF,GROUND,part_n_minor,5,0.3415673105299222
CAN,GROUND,part_n_minor,0,-0.07145008868269696
CAN,GROUND,part_n_minor,1,0.06169203474888794
CAN,GROUND,part_n_minor,2,0.2069768467935035
CAN,GROUND,part_n_minor,3,-0.2980529743401535
CAN,GROUND,part_n_minor,4,0.023488852983948438
CAN,GROUND,part_n_minor,5,0.04740132754802224
CHE,GROUND,part_n_minor,0,-2.7681009411862244e-19
CHE,GROUND,part_n_minor,1,5.390096179604481e-19
CHE,GROUND,part_n_minor,2,7.1588908096051675e-19
CHE,GROUND,part_n_minor,3,-0.2480437015464237
CHE,GROUND,part_n_minor,4,0.05148749232534799
CHE,GROUND,part_n_minor,5,0.025824507843609394
CHN,GROUND,part_n_minor,0,-3.381499507577403e-19
CHN,GROUND,part_n_minor,1,-2.150426045032525e-19
CHN,GROUND,part_n_minor,2,1.8678256773819059e-19
CHN,GROUND,part_n_minor,3,1.264680688429408e-19
CHN,GROUND,part_n_minor,4,5.603622163614449e-20
CHN,GROUND,part_n_minor,5,1.7536278728809202e-19
CIV,GROUND,part_n_minor,0,0.3439157088334256
CIV,GROUND,part_n_minor,1,-0.05775480720929474
CIV,GROUND,part_n_minor,2,-0.04794080938202026
CIV,GROUND,part_n_minor,3,-0.13990192151333278
CIV,GROUND,part_n_minor,4,-0.18159610287052186
CIV,GROUND,part_n_minor,5,0.23616141079725606
CMR,GROUND,part_n_minor,0,0.1369141280007828
CMR,GROUND,part_n_minor,1,-0.12353284968456461
CMR,GROUND,part_n_minor,2,0.20815961831454843
CMR,GROUND,part_n_minor,3,0.1414577000642325
CMR,GROUND,part_n_minor,4,0.040323922874496654
CMR,GROUND,part_n_minor,5,0.008620096702415658
COD,GROUND,part_n_minor,0,-0.05110688569097304
COD,GROUND,part_n_minor,1,0.17290533117424012
COD,GROUND,part_n_minor,2,-0.025191895033514957
COD,GROUND,part_n_minor,3,-0.1289994281207167
COD,GROUND,part_n_minor,4,0.11240914078508268
COD,GROUND,part_n_minor,5,0.056961025178704924
COG,GROUND,part_n_minor,0,0.08169864215960576
COG,GROUND,part_n_minor,1,-0.10060657050014714
COG,GROUND,part_n_minor,2,0.25352816870031375
COG,GROUND,part_n_minor,3,-0.3567439689800247
COG,GROUND,part_n_minor,4,0.29294309978825783
COG,GROUND,part_n_minor,5,-0.23731576624122996
COL,GROUND,part_n_minor,0,0.055304680118493266
COL,GROUND,part_n_minor,1,0.23664285074000396
COL,GROUND,part_n_minor,2,-0.17143101714331768
COL,GROUND,part_n_minor,3,-0.14756818124791646
COL,GROUND,part_n_minor,4,0.12343654094685652
COL,GROUND,part_n_minor,5,0.040392543596682505
CZE,GROUND,part_n_minor,0,0.11337950595821514
CZE,GROUND,part_n_minor,1,-0.32205243627596003
CZE,GROUND,part_n_minor,2,-0.3420435791331126
CZE,GROUND,part_n_minor,3,0.22395879044067032
CZE,GROUND,part_n_minor,4,-0.20635669050458758
CZE,GROUND,part_n_minor,5,0.09432414938615766
DEU,GROUND,part_n_minor,0,-0.2961387122549333
DEU,GROUND,part_n_minor,1,0.19225428224127786
DEU,GROUND,part_n_minor,2,-0.06370917586175573
DEU,GROUND,part_n_minor,3,0.033478687821318985
DEU,GROUND,part_n_minor,4,0.04376442569763342
DEU,GROUND,part_n_minor,5,-0.12754580508904878
DJI,GROUND,part_n_minor,0,-0.00046123700745121345
DJI,GROUND,part_n_minor,1,0.011252658049028967
DJI,GROUND,part_n_minor,2,0.1564716823086753
DJI,GROUND,part_n_minor,3,-0.3602000168768084
DJI,GROUND,part_n_minor,4,0.30351181284664097
DJI,GROUND,part_n_minor,5,-0.16347076230457414
DNK,GROUND,part_n_minor,0,-0.006972927658471132
DNK,GROUND,part_n_minor,1,0.045556879780231346
DNK,GROUND,part_n_minor,2,0.08781069097765115
DNK,GROUND,part_n_minor,3,-0.13277195225255162
DNK,GROUND,part_n_minor,4,-0.04826852670211117
DNK,GROUND,part_n_minor,5,-0.0428786259653396
DOM,GROUND,part_n_minor,0,0.0
DOM,GROUND,part_n_minor,1,7.421054307050571e-19
DZA,GROUND,part_n_minor,0,0.05743094231861456
DZA,GROUND,part_n_minor,1,0.14130269851602273
DZA,GROUND,part_n_minor,2,0.17376615173943663
DZA,GROUND,part_n_minor,3,-0.140057925329043
DZA,GROUND,part_n_minor,4,0.04414010953574232
DZA,GROUND,part_n_minor,5,0.05038050910925125
ECU,GROUND,part_n_minor,0,0.12235203346646184
ECU,GROUND,part_n_minor,1,0.13752276054011817
ECU,GROUND,part_n_minor,2,-0.2825600324447705
ECU,GROUND,part_n_minor,3,0.0
ECU,GROUND,part_n_minor,4,0.0
ECU,GROUND,part_n_minor,5,0.0
EGY,GROUND,part_n_minor,0,0.2738050667865067
EGY,GROUND,part_n_minor,1,0.06136766376410711
EGY,GROUND,part_n_minor,2,0.12998072868317492
EGY,GROUND,part_n_minor,3,0.43991467682722796
EGY,GROUND,part_n_minor,4,-0.3671083762283024
EGY,GROUND,part_n_minor,5,-0.04961801002507363
ERI,GROUND,part_n_minor,0,-0.18990357252995502
ERI,GROUND,part_n_minor,1,0.2818750151468442
ERI,GROUND,part_n_minor,2,-0.22745259153088776
ERI,GROUND,part_n_minor,3,0.05037237450163228
ERI,GROUND,part_n_minor,4,0.2432637856664668
ERI,GROUND,part_n_minor,5,-0.2125774348700569
ESP,GROUND,part_n_minor,0,-0.033976869084537446
ESP,GROUND,part_n_minor,1,-0.0019080946688807942
ESP,GROUND,part_n_minor,2,-0.1386960619437442
ESP,GROUND,part_n_minor,3,0.011309760927525383
ESP,GROUND,part_n_minor,4,-0.06718911253847278
ESP,GROUND,part_n_minor,5,-0.0887660296012176
EST,GROUND,part_n_minor,0,-0.25057124530678543
EST,GROUND,part_n_minor,1,0.3174837243248903
EST,GROUND,part_n_minor,2,-0.0038950479556054164
EST,GROUND,part_n_minor,3,-0.13269156089773992
EST,GROUND,part_n_minor,4,0.31509545699890956
EST,GROUND,part_n_minor,5,-0.20682129121813939
ETH,GROUND,part_n_minor,0,0.1613460256992251
ETH,GROUND,part_n_minor,1,-0.05749731528488391
ETH,GROUND,part_n_minor,2,0.029367002572835126
ETH,GROUND,part_n_minor,3,-0.11406445532518143
ETH,GROUND,part_n_minor,4,0.08620682134850548
ETH,GROUND,part_n_minor,5,0.06819523778251532
FIN,GROUND,part_n_minor,0,0.059852298055062904
FIN,GROUND,part_n_minor,1,-0.31109432660930786
FIN,GROUND,part_n_minor,2,0.3369003363809699
FIN,GROUND,part_n_minor,3,-0.1633387644166543
FIN,GROUND,part_n_minor,4,0.18241842814658196
FIN,GROUND,part_n_minor,5,-0.20281958590301097
FRA,GROUND,part_n_minor,0,-0.23238327338670867
FRA,GROUND,part_n_minor,1,0.13673195721629686
FRA,GROUND,part_n_minor,2,0.0761873339083297
FRA,GROUND,part_n_minor,3,0.0846091034855387
FRA,GROUND,part_n_minor,4,-0.2675774866740589
FRA,GROUND,part_n_minor,5,0.10433949976771797
GAB,GROUND,part_n_minor,0,-0.3072399161922613
GAB,GROUND,part_n_minor,1,-0.02336071569097176
GAB,GROUND,part_n_minor,2,0.17886836417245863
GAB,GROUND,part_n_minor,3,-0.025723532658825574
GAB,GROUND,part_n_minor,4,-0.14427514229467148
GAB,GROUND,part_n_minor,5,0.2903924964645227
GBR,GROUND,part_n_minor,0,0.05667782832442825
GBR,GROUND,part_n_minor,1,-0.11223807277372208
GBR,GROUND,part_n_minor,2,-0.13025615343517008
GBR,GROUND,part_n_minor,3,-0.020396778429807083
GBR,GROUND,part_n_minor,4,0.11496228568906738
GBR,GROUND,part_n_minor,5,-0.2241410774036468
GEO,GROUND,part_n_minor,0,0.30754674944663707
GEO,GROUND,part_n_minor,1,-0.1451146123467428
GEO,GROUND,part_n_minor,2,-0.08458995233251122
GEO,GROUND,part_n_minor,3,0.041599257728339244
GEO,GROUND,part_n_minor,4,0.28950876110241636
GEO,GROUND,part_n_minor,5,-0.27871824602516726
GHA,GROUND,part_n_minor,0,0.2566559322287946
GHA,GROUND,part_n_minor,1,0.139548849369756
GHA,GROUND,part_n_minor,2,-0.3701762337728983
GHA,GROUND,part_n_minor,3,-0.004917407900864254
GHA,GROUND,part_n_minor,4,0.3045705020092557
GHA,GROUND,part_n_minor,5,-0.10322400394526161
GIN,GROUND,part_n_minor,0,-0.30053064080903136
GIN,GROUND,part_n_minor,1,0.16068596316988082
GIN,GROUND,part_n_minor,2,-0.13471216934826818
GIN,GROUND,part_n_minor,3,0.003009098000582555
GIN,GROUND,part_n_minor,4,0.14344800299627192
GIN,GROUND,part_n_minor,5,-0.16143123033459372
GMB,GROUND,part_n_minor,0,-0.29421763044265065
GMB,GROUND,part_n_minor,1,0.46134637714942756
GMB,GROUND,part_n_minor,2,-0.4457988520669176
GNB,GROUND,part_n_minor,0,0.0
GNB,GROUND,part_n_minor,1,0.0
GNB,GROUND,part_n_minor,2,0.0
GNB,GROUND,part_n_minor,3,0.0
GNB,GROUND,part_n_minor,4,0.0
GNB,GROUND,part_n_minor,5,0.0
GRC,GROUND,part_n_minor,0,-0.026923603741360935
GRC,GROUND,part_n_minor,1,-0.032704907042126564
GRC,GROUND,part_n_minor,2,-0.05632464119678042
GRC,GROUND,part_n_minor,3,0.1375365882144368
GRC,GROUND,part_n_minor,4,0.05574680070932995
GRC,GROUND,part_n_minor,5,0.01930801589766749
GTM,GROUND,part_n_minor,0,0.3963486243633412
GTM,GROUND,part_n_minor,1,-0.5584224297733974
HRV,GROUND,part_n_minor,0,-0.3363275125330754
HRV,GROUND,part_n_minor,1,0.1803151528821224
HRV,GROUND,part_n_minor,2,-0.02170685841652159
HRV,GROUND,part_n_minor,3,-0.04892380085760196
HRV,GROUND,part_n_minor,4,0.03524928210709569
HRV,GROUND,part_n_minor,5,-0.14520543485116852
HUN,GROUND,part_n_minor,0,0.14256746869177908
HUN,GROUND,part_n_minor,1,-0.124440406107164
HUN,GROUND,part_n_minor,2,0.009508752634866717
HUN,GROUND,part_n_minor,3,-0.030151726219722234
HUN,GROUND,part_n_minor,4,-0.02175093582741895
HUN,GROUND,part_n_minor,5,-0.002775551658968714
IDN,GROUND,part_n_minor,0,0.054925868810672
IDN,GROUND,part_n_minor,1,0.09496567011415287
IDN,GROUND,part_n_minor,2,-0.11049035673705793
IDN,GROUND,part_n_minor,3,0.23962173006075974
IDN,GROUND,part_n_minor,4,-0.0016519084883809335
IDN,GROUND,part_n_minor,5,0.09809125267036625
IND,GROUND,part_n_minor,0,-0.048784026442265455
IND,GROUND,part_n_minor,1,-0.2730686582522173
IND,GROUND,part_n_minor,2,0.21416011072741065
IND,GROUND,part_n_minor,3,-0.1645886610503283
IND,GROUND,part_n_minor,4,0.20896388520020645
IND,GROUND,part_n_minor,5,-0.15065052302476348
IRL,GROUND,part_n_minor,0,0.2212671627930199
IRL,GROUND,part_n_minor,1,0.041625432976276425
IRL,GROUND,part_n_minor,2,-0.24632218983331763
IRL,GROUND,part_n_minor,3,0.2876829574023743
IRL,GROUND,part_n_minor,4,-0.010986862041560956
IRL,GROUND,part_n_minor,5,-0.2617487448691632
IRN,GROUND,part_n_minor,0,0.08387232417820902
IRN,GROUND,part_n_minor,1,-0.028404695924851408
IRN,GROUND,part_n_minor,2,0.06092374707474814
IRN,GROUND,part_n_minor,3,-0.4387633940102893
IRN,GROUND,part_n_minor,4,0.13107729530847262
IRN,GROUND,part_n_minor,5,-0.1295885371868544
IRQ,GROUND,part_n_minor,0,0.14490105954628646
IRQ,GROUND,part_n_minor,1,0.1119815786065424
IRQ,GROUND,part_n_minor,2,0.1538739765700527
IRQ,GROUND,part_n_minor,3,0.07222821961564183
IRQ,GROUND,part_n_minor,4,-0.3655485013628116
IRQ,GROUND,part_n_minor,5,-0.15710772140330573
ISR,GROUND,part_n_minor,0,0.09729111855392111
ISR,GROUND,part_n_minor,1,-0.4160824167328255
ISR,GROUND,part_n_minor,2,0.19496055108250854
ISR,GROUND,part_n_minor,3,0.0762471408717537
ISR,GROUND,part_n_minor,4,0.07929499064928065
ISR,GROUND,part_n_minor,5,-0.13103438326402622
ITA,GROUND,part_n_minor,0,0.02878798638687566
ITA,GROUND,part_n_minor,1,0.05747153149826735
ITA,GROUND,part_n_minor,2,-0.26752517781954155
ITA,GROUND,part_n_minor,3,0.26352718612300197
ITA,GROUND,part_n_minor,4,-0.1518319795913741
ITA,GROUND,part_n_minor,5,0.06525401050078022
JOR,GROUND,part_n_minor,0,-0.18528757344388683
JOR,GROUND,part_n_minor,1,0.05699908737949738
JOR,GROUND,part_n_minor,2,-0.012040178240702236
JOR,GROUND,part_n_minor,3,0.20990123453748247
JOR,GROUND,part_n_minor,4,-0.2509688603474906
JOR,GROUND,part_n_minor,5,-0.24088629700547265
JPN,GROUND,part_n_minor,0,0.06403786504980039
JPN,GROUND,part_n_minor,1,-0.025093534779202186
JPN,GROUND,part_n_minor,2,-0.041573556401834674
JPN,GROUND,part_n_minor,3,0.06420115456284148
JPN,GROUND,part_n_minor,4,0.0011281349183869817
JPN,GROUND,part_n_minor,5,-0.011014935041895251
KAZ,GROUND,part_n_minor,0,0.40829436769884986
KAZ,GROUND,part_n_minor,1,-0.4524840264055304
KAZ,GROUND,part_n_minor,2,-0.012359198861149745
KAZ,GROUND,part_n_minor,3,0.1638017403109631
KAZ,GROUND,part_n_minor,4,-0.2657602682001006
KAZ,GROUND,part_n_minor,5,0.022078266497948935
KEN,GROUND,part_n_minor,0,-0.13322186341948566
KEN,GROUND,part_n_minor,1,0.21359557073299473
KEN,GROUND,part_n_minor,2,-0.06735774298452202
KEN,GROUND,part_n_minor,3,0.033774756988020356
KEN,GROUND,part_n_minor,4,0.06779577585160888
KEN,GROUND,part_n_minor,5,-0.4264353574019169
KGZ,GROUND,part_n_minor,0,0.0
KGZ,GROUND,part_n_minor,1,0.0
KGZ,GROUND,part_n_minor,2,-0.14224987488365895
KGZ,GROUND,part_n_minor,3,-0.27255968904820366
KGZ,GROUND,part_n_minor,4,0.06359699298544164
KGZ,GROUND,part_n_minor,5,0.4019509774815576
KHM,GROUND,part_n_minor,0,-0.3052427352037621
KHM,GROUND,part_n_minor,1,0.5208596242963045
KHM,GROUND,part_n_minor,2,-0.36707873094833676
KHM,GROUND,part_n_minor,3,0.3838350871533583
KHM,GROUND,part_n_minor,4,-0.06981988807985182
KHM,GROUND,part_n_minor,5,0.08225346419058374
KOR,GROUND,part_n_minor,0,0.08146933119297693
KOR,GROUND,part_n_minor,1,-0.09578397671209739
KOR,GROUND,part_n_minor,2,0.35577583490954096
KOR,GROUND,part_n_minor,3,-0.1964203344996079
KOR,GROUND,part_n_minor,4,0.23306160666213405
KOR,GROUND,part_n_minor,5,-0.015763535772777535
KWT,GROUND,part_n_minor,0,-0.05312785785352734
KWT,GROUND,part_n_minor,1,-0.060491057151572096
KWT,GROUND,part_n_minor,2,0.13100341621525682
KWT,GROUND,part_n_minor,3,0.013184731376874143
KWT,GROUND,part_n_minor,4,-0.057190207744726634
KWT,GROUND,part_n_minor,5,0.1103353695639645
LAO,GROUND,part_n_minor,0,-2.651321291176284e-19
LAO,GROUND,part_n_minor,1,0.008906586817010979
LBN,GROUND,part_n_minor,0,-0.050038255348322576
LBN,GROUND,part_n_minor,1,-0.06173992098487549
LBN,GROUND,part_n_minor,2,0.3669475957079337
LBN,GROUND,part_n_minor,3,-0.713587862927812
LBN,GROUND,part_n_minor,4,0.38234850544195476
LBN,GROUND,part_n_minor,5,0.16410664157270885
LBR,GROUND,part_n_minor,0,0.38520347598518845
LBR,GROUND,part_n_minor,1,-0.38201981430029736
LBR,GROUND,part_n_minor,2,0.12031090733968107
LBR,GROUND,part_n_minor,3,-0.24062181467936214
LBR,GROUND,part_n_minor,4,0.44629466924928546
LBR,GROUND,part_n_minor,5,-0.46889175214741297
LBY,GROUND,part_n_minor,0,-0.4449678333134805
LBY,GROUND,part_n_minor,1,0.47135630481342544
LBY,GROUND,part_n_minor,2,0.0942319079629105
LBY,GROUND,part_n_minor,3,-0.33591942164917005
LBY,GROUND,part_n_minor,4,0.049826155232260756
LBY,GROUND,part_n_minor,5,0.40063850416614394
LKA,GROUND,part_n_minor,0,-0.02909791855183559
LKA,GROUND,part_n_minor,1,-0.2275262807054937
LKA,GROUND,part_n_minor,2,0.041658489984372146
LKA,GROUND,part_n_minor,3,0.08208825368307883
LKA,GROUND,part_n_minor,4,0.09362695718768241
LKA,GROUND,part_n_minor,5,-0.14861527472867084
LSO,GROUND,part_n_minor,0,-6.373127245159091e-19
LSO,GROUND,part_n_minor,1,-4.522682111727615e-19
LSO,GROUND,part_n_minor,2,7.116057242969886e-19
LSO,GROUND,part_n_minor,3,-4.70664279622805e-19
LSO,GROUND,part_n_minor,4,3.7887961967632884e-19
LSO,GROUND,part_n_minor,5,4.6542129929237105e-19
LTU,GROUND,part_n_minor,0,0.10624230233144001
LTU,GROUND,part_n_minor,1,-0.02263690877258725
LTU,GROUND,part_n_minor,2,0.011702219649068753
LTU,GROUND,part_n_minor,3,0.21570577171045568
LTU,GROUND,part_n_minor,4,-0.15253005224558688
LTU,GROUND,part_n_minor,5,0.1141570963943069
LUX,GROUND,part_n_minor,0,0.13519936195482482
LUX,GROUND,part_n_minor,1,0.07987906595183773
LUX,GROUND,part_n_minor,2,-0.18414300056183805
LUX,GROUND,part_n_minor,3,-4.698602815777095e-18
LUX,GROUND,part_n_minor,4,0.18414300056183805
LUX,GROUND,part_n_minor,5,-0.18414300056183808
LVA,GROUND,part_n_minor,0,0.07138530889391984
LVA,GROUND,part_n_minor,1,0.08398665540037066
LVA,GROUND,part_n_minor,2,-0.1899093317569224
LVA,GROUND,part_n_minor,3,0.15167471062040894
LVA,GROUND,part_n_minor,4,-0.0998728855062035
LVA,GROUND,part_n_minor,5,0.3222904818205957
MAR,GROUND,part_n_minor,0,-0.17012848813676965
MAR,GROUND,part_n_minor,1,0.18966602696156692
MAR,GROUND,part_n_minor,2,0.21366847999769556
MAR,GROUND,part_n_minor,3,-0.3246194585301122
MAR,GROUND,part_n_minor,4,0.018906063359384436
MAR,GROUND,part_n_minor,5,0.33164803345108274
MDA,GROUND,part_n_minor,0,0.20833136069735517
MDA,GROUND,part_n_minor,1,-0.15531258705935036
MDA,GROUND,part_n_minor,2,0.0
MDA,GROUND,part_n_minor,3,-1.441218768282755e-19
MDA,GROUND,part_n_minor,4,-2.666155683439142e-34
MDA,GROUND,part_n_minor,5,0.0
MDG,GROUND,part_n_minor,0,0.19692676994191813
MDG,GROUND,part_n_minor,1,0.15770543677322543
MDG,GROUND,part_n_minor,2,-0.2947619283906153
MDG,GROUND,part_n_minor,3,0.0
MDG,GROUND,part_n_minor,4,-5.60307728881816e-19
MEX,GROUND,part_n_minor,0,0.19204283091035793
MEX,GROUND,part_n_minor,1,-0.5021713837898707
MEX,GROUND,part_n_minor,2,0.20153281923018382
MEX,GROUND,part_n_minor,3,-0.0851861224689541
MEX,GROUND,part_n_minor,4,0.007387026883667863
MEX,GROUND,part_n_minor,5,-3.4729687089212822e-19
MKD,GROUND,part_n_minor,0,0.2999900167424859
MKD,GROUND,part_n_minor,1,-0.1730628822043856
MKD,GROUND,part_n_minor,2,-0.017918894464260156
MKD,GROUND,part_n_minor,3,-0.02225677294666112
MKD,GROUND,part_n_minor,4,-0.2500897467206109
MKD,GROUND,part_n_minor,5,-0.043947407342306045
MLI,GROUND,part_n_minor,0,0.32220879287721865
MLI,GROUND,part_n_minor,1,0.02991849321563368
MLI,GROUND,part_n_minor,2,-0.12439746879802442
MLI,GROUND,part_n_minor,3,-0.2389082037565379
MLI,GROUND,part_n_minor,4,0.02107079452080988
MLI,GROUND,part_n_minor,5,0.33590748110212476
MMR,GROUND,part_n_minor,0,-0.3807131039666544
MMR,GROUND,part_n_minor,1,0.31017922440529516
MMR,GROUND,part_n_minor,2,0.05452778508305234
MMR,GROUND,part_n_minor,3,-0.08289943059739431
MMR,GROUND,part_n_minor,4,-0.11459524988719585
MMR,GROUND,part_n_minor,5,0.2118551906331442
MNE,GROUND,part_n_minor,0,5.313891300559947e-19
MNE,GROUND,part_n_minor,1,0.0
MNE,GROUND,part_n_minor,2,-2.814350550756024e-20
MNE,GROUND,part_n_minor,3,0.0
MNE,GROUND,part_n_minor,4,-1.7279047209606727e-19
MNE,GROUND,part_n_minor,5,0.0
MNG,GROUND,part_n_minor,0,-0.32929577989880443
MNG,GROUND,part_n_minor,1,0.2698693628738669
MNG,GROUND,part_n_minor,2,-0.07550826441199604
MNG,GROUND,part_n_minor,3,-0.05942641702493744
MNG,GROUND,part_n_minor,4,0.0
MNG,GROUND,part_n_minor,5,0.0
MOZ,GROUND,part_n_minor,0,0.5459579467350685
MOZ,GROUND,part_n_minor,1,-0.19493005377549744
MOZ,GROUND,part_n_minor,2,-0.08863020148899593
MOZ,GROUND,part_n_minor,3,0.23137371784889504
MOZ,GROUND,part_n_minor,4,-0.43750328497448465
MOZ,GROUND,part_n_minor,5,0.2877764383743254
MRT,GROUND,part_n_minor,0,0.0619032099810321
MRT,GROUND,part_n_minor,1,-0.25111212688857487
MRT,GROUND,part_n_minor,2,-0.04481161594508996
MRT,GROUND,part_n_minor,3,0.16529188550728385
MRT,GROUND,part_n_minor,4,-0.060097331209830525
MRT,GROUND,part_n_minor,5,0.18059045874964394
MWI,GROUND,part_n_minor,0,0.12319216836533922
MWI,GROUND,part_n_minor,1,-0.05735528748998365
MWI,GROUND,part_n_minor,2,-0.0541487746145767
MWI,GROUND,part_n_minor,3,-0.12988381934036458
MWI,GROUND,part_n_minor,4,-0.05401588429482391
MWI,GROUND,part_n_minor,5,0.3301707328936559
MYS,GROUND,part_n_minor,0,-0.12380413827691754
MYS,GROUND,part_n_minor,1,0.1436135342827228
MYS,GROUND,part_n_minor,2,-0.20902591066074724
MYS,GROUND,part_n_minor,3,0.4797040241543667
MYS,GROUND,part_n_minor,4,-0.16295725965425392
MYS,GROUND,part_n_minor,5,-0.1445159360604059
NAM,GROUND,part_n_minor,0,0.29175750637996034
NAM,GROUND,part_n_minor,1,-0.383448217844626
NAM,GROUND,part_n_minor,2,0.32188237718242524
NAM,GROUND,part_n_minor,3,-0.08677217884007482
NAM,GROUND,part_n_minor,4,0.14833801950227565
NAM,GROUND,part_n_minor,5,-0.14833801950227565
NER,GROUND,part_n_minor,0,0.07445273480051837
NER,GROUND,part_n_minor,1,0.2509340452310107
NER,GROUND,part_n_minor,2,-0.4351085988284055
NER,GROUND,part_n_minor,3,0.13635368091009492
NER,GROUND,part_n_minor,4,0.3311312240333187
NER,GROUND,part_n_minor,5,-0.4852316759750124
NGA,GROUND,part_n_minor,0,-0.031418404538661515
NGA,GROUND,part_n_minor,1,0.1859615028511651
NGA,GROUND,part_n_minor,2,-0.16094462060940765
NGA,GROUND,part_n_minor,3,0.0676684039895297
NGA,GROUND,part_n_minor,4,-0.12328706784737001
NGA,GROUND,part_n_minor,5,0.06849976868632993
NIC,GROUND,part_n_minor,0,-5.857112264197124e-19
NIC,GROUND,part_n_minor,1,3.033821483081964e-19
NIC,GROUND,part_n_minor,2,0.0
NIC,GROUND,part_n_minor,3,0.0
NIC,GROUND,part_n_minor,4,0.0
NIC,GROUND,part_n_minor,5,0.0
NLD,GROUND,part_n_minor,0,-0.18024765772842988
NLD,GROUND,part_n_minor,1,0.12689130996874415
NLD,GROUND,part_n_minor,2,-0.28363035947165044
NLD,GROUND,part_n_minor,3,0.035567140950121916
NLD,GROUND,part_n_minor,4,0.04758454928235251
NLD,GROUND,part_n_minor,5,-0.02001233559872672
NOR,GROUND,part_n_minor,0,-0.11268357610496597
NOR,GROUND,part_n_minor,1,0.17490124445015004
NOR,GROUND,part_n_minor,2,-0.2874998991977932
NOR,GROUND,part_n_minor,3,0.4123972636398591
NOR,GROUND,part_n_minor,4,-0.19601711512981024
NOR,GROUND,part_n_minor,5,0.056682619342474094
NPL,GROUND,part_n_minor,0,-0.24216814121850128
NPL,GROUND,part_n_minor,1,-0.10566489713719544
NPL,GROUND,part_n_minor,2,0.4510739905230223
NPL,GROUND,part_n_minor,3,-0.2846993300644849
NPL,GROUND,part_n_minor,4,0.1818193697873123
NPL,GROUND,part_n_minor,5,-0.08819816555303076
NZL,GROUND,part_n_minor,0,0.21224447587747103
NZL,GROUND,part_n_minor,1,-0.021638412314904945
NZL,GROUND,part_n_minor,2,-0.18645186028946165
NZL,GROUND,part_n_minor,3,-0.18664485810051426
NZL,GROUND,part_n_minor,4,0.0028449279819172868
NZL,GROUND,part_n_minor,5,0.1673681122542051
PAK,GROUND,part_n_minor,0,-0.16066650850436054
PAK,GROUND,part_n_minor,1,-0.05552806763784045
PAK,GROUND,part_n_minor,2,0.11873890950572079
PAK,GROUND,part_n_minor,3,0.08062760387684254
PAK,GROUND,part_n_minor,4,-0.2061689058671526
PAK,GROUND,part_n_minor,5,0.3084455079644561
PER,GROUND,part_n_minor,0,-0.10737399274322151
PER,GROUND,part_n_minor,1,-0.29839185707935056
PER,GROUND,part_n_minor,2,0.3063631711932405
PER,GROUND,part_n_minor,3,-0.04053777162558105
PER,GROUND,part_n_minor,4,-0.06636204099813622
PER,GROUND,part_n_minor,5,0.17245583850196036
PHL,GROUND,part_n_minor,0,-0.16138772761963308
PHL,GROUND,part_n_minor,1,0.3116246489258371
PHL,GROUND,part_n_minor,2,-0.48425765622341393
PHL,GROUND,part_n_minor,3,0.37879917327718426
PHL,GROUND,part_n_minor,4,-0.344054019449143
PHL,GROUND,part_n_minor,5,0.20416942738509183
PNG,GROUND,part_n_minor,0,0.2626095732119773
PNG,GROUND,part_n_minor,1,-0.3047328835208232
PNG,GROUND,part_n_minor,2,0.2690847470960579
PNG,GROUND,part_n_minor,3,-0.3866323781838869
PNG,GROUND,part_n_minor,4,-1.3384322304239292e-19
PNG,GROUND,part_n_minor,5,1.5975952428134204e-18
POL,GROUND,part_n_minor,0,0.049962766662308374
POL,GROUND,part_n_minor,1,0.12499658525706919
POL,GROUND,part_n_minor,2,0.11183637956580507
POL,GROUND,part_n_minor,3,-0.08673304232602606
POL,GROUND,part_n_minor,4,-0.06297048467966349
POL,GROUND,part_n_minor,5,0.15699982946228305
PRT,GROUND,part_n_minor,0,-0.012749984754379542
PRT,GROUND,part_n_minor,1,0.10128060275140233
PRT,GROUND,part_n_minor,2,-0.06978909511735415
PRT,GROUND,part_n_minor,3,-0.06710849006469613
PRT,GROUND,part_n_minor,4,0.1561960946075581
PRT,GROUND,part_n_minor,5,-0.315009295852842
PRY,GROUND,part_n_minor,0,1.820684433495374e-19
PRY,GROUND,part_n_minor,1,0.0
PRY,GROUND,part_n_minor,2,-0.35355339059327373
PRY,GROUND,part_n_minor,3,0.3535533905932738
PRY,GROUND,part_n_minor,4,0.35355339059327373
PRY,GROUND,part_n_minor,5,-0.35355339059327373
ROU,GROUND,part_n_minor,0,0.2993123981172608
ROU,GROUND,part_n_minor,1,-0.205253408939075
ROU,GROUND,part_n_minor,2,-0.15498562440075156
ROU,GROUND,part_n_minor,3,0.39029190806424346
ROU,GROUND,part_n_minor,4,-0.762249379063166
ROU,GROUND,part_n_minor,5,0.6357930853877727
RUS,GROUND,part_n_minor,0,0.16360607996892476
RUS,GROUND,part_n_minor,1,0.3589448160292517
RUS,GROUND,part_n_minor,2,-0.35249961916450884
RUS,GROUND,part_n_minor,3,0.11432826400767775
RUS,GROUND,part_n_minor,4,0.05257567088583954
RUS,GROUND,part_n_minor,5,0.21061915548048876
RWA,GROUND,part_n_minor,0,-0.06464386590459738
RWA,GROUND,part_n_minor,1,0.03604294436341514
RWA,GROUND,part_n_minor,2,0.2978888650624592
RWA,GROUND,part_n_minor,3,-0.033750297900948495
RWA,GROUND,part_n_minor,4,-0.3086006677886103
RWA,GROUND,part_n_minor,5,0.07109121959483888
SAU,GROUND,part_n_minor,0,-0.388308956427811
SAU,GROUND,part_n_minor,1,0.17215704441291266
SAU,GROUND,part_n_minor,2,0.03301603382585887
SAU,GROUND,part_n_minor,3,-0.06007805853846709
SAU,GROUND,part_n_minor,4,0.16957309308708077
SAU,GROUND,part_n_minor,5,-0.19207820169251566
SDN,GROUND,part_n_minor,0,0.02027377794634432
SDN,GROUND,part_n_minor,1,0.05652426702683713
SDN,GROUND,part_n_minor,2,0.18221629316011304
SDN,GROUND,part_n_minor,3,-0.3874819798171235
SDN,GROUND,part_n_minor,4,0.2855092414147326
SDN,GROUND,part_n_minor,5,0.14058138574362158
SEN,GROUND,part_n_minor,0,-0.09351398700320687
SEN,GROUND,part_n_minor,1,0.09791022114449073
SEN,GROUND,part_n_minor,2,-0.2618493565045034
SEN,GROUND,part_n_minor,3,0.17369802658038605
SEN,GROUND,part_n_minor,4,-0.06700018635786213
SEN,GROUND,part_n_minor,5,0.3496758586698885
SGP,GROUND,part_n_minor,0,0.05054472222153881
SGP,GROUND,part_n_minor,1,0.09860597322613493
SGP,GROUND,part_n_minor,2,0.12886793049736134
SGP,GROUND,part_n_minor,3,0.0683695336852752
SGP,GROUND,part_n_minor,4,-0.3653986891933886
SGP,GROUND,part_n_minor,5,0.08142072302659734
SLE,GROUND,part_n_minor,0,-0.02500145953843481
SLE,GROUND,part_n_minor,1,-0.3695711697111342
SLE,GROUND,part_n_minor,2,0.5920568772259631
SLE,GROUND,part_n_minor,3,-0.23635122604326478
SLE,GROUND,part_n_minor,4,0.016193331375093174
SLE,GROUND,part_n_minor,5,0.043678864997960545
SLV,GROUND,part_n_minor,0,-0.055448784429265985
SLV,GROUND,part_n_minor,1,-0.010936621534298866
SLV,GROUND,part_n_minor,2,-0.08973950959528898
SLV,GROUND,part_n_minor,3,0.1489422296011945
SLV,GROUND,part_n_minor,4,0.07688719832425006
SLV,GROUND,part_n_minor,5,-0.28908903075668446
SOM,GROUND,part_n_minor,0,-0.045223933988878244
SOM,GROUND,part_n_minor,1,0.18603163560192046
SOM,GROUND,part_n_minor,2,-0.3118831930585916
SOM,GROUND,part_n_minor,3,0.11267126324175032
SOM,GROUND,part_n_minor,4,-0.1394214045240069
SOM,GROUND,part_n_minor,5,0.24933357268893738
SRB,GROUND,part_n_minor,0,-0.23545350011398958
SRB,GROUND,part_n_minor,1,-0.17468350474091954
SRB,GROUND,part_n_minor,2,0.10280409873825384
SRB,GROUND,part_n_minor,3,0.3960726838771258
SRB,GROUND,part_n_minor,4,0.01950674777293244
SRB,GROUND,part_n_minor,5,-0.018332611206939336
SSD,GROUND,part_n_minor,0,0.18352068395901422
SSD,GROUND,part_n_minor,1,0.04387542160748657
SSD,GROUND,part_n_minor,2,-0.46615662700169347
SSD,GROUND,part_n_minor,3,0.030288035575784106
SSD,GROUND,part_n_minor,4,0.3769320273164866
SSD,GROUND,part_n_minor,5,-0.027551654214188384
SVK,GROUND,part_n_minor,0,-0.2001305427369061
SVK,GROUND,part_n_minor,1,0.19593712133081273
SVK,GROUND,part_n_minor,2,-0.03421594441706628
SVK,GROUND,part_n_minor,3,-0.14928996295821334
SVK,GROUND,part_n_minor,4,0.13105041467408757
SVK,GROUND,part_n_minor,5,-0.04728565905291805
SVN,GROUND,part_n_minor,0,-0.06993738817049702
SVN,GROUND,part_n_minor,1,0.009732088343869846
SVN,GROUND,part_n_minor,2,-0.011943319090635405
SVN,GROUND,part_n_minor,3,-0.08534304368324142
SVN,GROUND,part_n_minor,4,0.3362424761962938
SVN,GROUND,part_n_minor,5,-0.30510085198263814
SWE,GROUND,part_n_minor,0,0.151573269498164
SWE,GROUND,part_n_minor,1,-0.13957429519327236
SWE,GROUND,part_n_minor,2,0.1819903253203801
SWE,GROUND,part_n_minor,3,-0.06926141809583086
SWE,GROUND,part_n_minor,4,-0.2502882647010671
SWE,GROUND,part_n_minor,5,0.19827733598748315
SYR,GROUND,part_n_minor,0,-0.09502420534708635
SYR,GROUND,part_n_minor,1,0.12952918499529026
SYR,GROUND,part_n_minor,2,0.00752321801725125
SYR,GROUND,part_n_minor,3,-0.0503166731676448
SYR,GROUND,part_n_minor,4,0.28457388801812056
SYR,GROUND,part_n_minor,5,-0.10660463453545366
TCD,GROUND,part_n_minor,0,0.3036899467845572
TCD,GROUND,part_n_minor,1,-0.32549191287101786
TCD,GROUND,part_n_minor,2,0.13159504678265652
TCD,GROUND,part_n_minor,3,-0.18790656729022578
TCD,GROUND,part_n_minor,4,-0.1758714969105531
TCD,GROUND,part_n_minor,5,0.38731103797972066
TGO,GROUND,part_n_minor,0,-0.0796183649493785
TGO,GROUND,part_n_minor,1,0.16992121990737358
TGO,GROUND,part_n_minor,2,-0.22785334883105818
TGO,GROUND,part_n_minor,3,0.1856988973296384
TGO,GROUND,part_n_minor,4,-0.1205667161061913
TGO,GROUND,part_n_minor,5,-0.02060645123962987
THA,GROUND,part_n_minor,0,-0.21418432833449713
THA,GROUND,part_n_minor,1,0.05574645223354702
THA,GROUND,part_n_minor,2,0.01425009317866492
THA,GROUND,part_n_minor,3,0.24771246102504949
THA,GROUND,part_n_minor,4,-0.4183628335131828
THA,GROUND,part_n_minor,5,0.05484602293361438
TJK,GROUND,part_n_minor,0,0.34501992292740247
TJK,GROUND,part_n_minor,1,-0.06017125777083961
TJK,GROUND,part_n_minor,2,0.005210283263691902
TJK,GROUND,part_n_minor,3,0.043302506304909893
TJK,GROUND,part_n_minor,4,-0.2040476941808632
TJK,GROUND,part_n_minor,5,0.2895889979067911
TKM,GROUND,part_n_minor,0,5.069713878682574e-19
TKM,GROUND,part_n_minor,1,1.0152620638760203e-19
TKM,GROUND,part_n_minor,2,-0.25280374389964066
TKM,GROUND,part_n_minor,3,0.2532494515273375
TKM,GROUND,part_n_minor,4,-9.622802335406087e-19
TKM,GROUND,part_n_minor,5,2.2049160075904705e-18
TUN,GROUND,part_n_minor,0,0.22075713004949013
TUN,GROUND,part_n_minor,1,0.19650093621614986
TUN,GROUND,part_n_minor,2,-0.14276417246924514
TUN,GROUND,part_n_minor,3,-0.06140818256028714
TUN,GROUND,part_n_minor,4,0.06095223022538579
TUN,GROUND,part_n_minor,5,-0.09873438843609195
TUR,GROUND,part_n_minor,0,0.012855993404794335
TUR,GROUND,part_n_minor,1,-0.01000389205525323
TUR,GROUND,part_n_minor,2,-0.09017489760826705
TUR,GROUND,part_n_minor,3,0.08603929139590336
TUR,GROUND,part_n_minor,4,-0.07025768643753975
TUR,GROUND,part_n_minor,5,-0.15452194459848112
TZA,GROUND,part_n_minor,0,0.43466860493964454
TZA,GROUND,part_n_minor,1,0.2272540374701802
TZA,GROUND,part_n_minor,2,-0.25657961383874833
TZA,GROUND,part_n_minor,3,-0.2259969131540059
TZA,GROUND,part_n_minor,4,0.3077463007123996
TZA,GROUND,part_n_minor,5,-0.2944880443396338
UGA,GROUND,part_n_minor,0,0.04353004369874987
UGA,GROUND,part_n_minor,1,-0.1458141698183657
UGA,GROUND,part_n_minor,2,0.2536572626759953
UGA,GROUND,part_n_minor,3,0.157534579951854
UGA,GROUND,part_n_minor,4,-0.3464218754578949
UGA,GROUND,part_n_minor,5,0.2888792686078265
UKR,GROUND,part_n_minor,0,0.11035140150603416
UKR,GROUND,part_n_minor,1,-0.42750627025065574
UKR,GROUND,part_n_minor,2,0.0969502003569151
UKR,GROUND,part_n_minor,3,-0.1603300098441611
UKR,GROUND,part_n_minor,4,0.3612143398680758
UKR,GROUND,part_n_minor,5,-0.4713467182471149
USA,GROUND,part_n_minor,0,0.1399614752312716
USA,GROUND,part_n_minor,1,0.08132814811934833
USA,GROUND,part_n_minor,2,0.1238704818658103
USA,GROUND,part_n_minor,3,-0.11592663184341444
USA,GROUND,part_n_minor,4,-0.13714281782650617
USA,GROUND,part_n_minor,5,-0.24512863741751684
UZB,GROUND,part_n_minor,0,-0.10630082905021863
UZB,GROUND,part_n_minor,1,-0.11324211306842867
UZB,GROUND,part_n_minor,2,0.12018339708663864
UZB,GROUND,part_n_minor,3,0.11451660952297187
UZB,GROUND,part_n_minor,4,-0.1337054588081079
UZB,GROUND,part_n_minor,5,0.005721494412175354
VEN,GROUND,part_n_minor,0,-0.33982096319387695
VEN,GROUND,part_n_minor,1,0.31700299213072336
VEN,GROUND,part_n_minor,2,0.08370067105844939
VEN,GROUND,part_n_minor,3,-0.10100168012012106
VNM,GROUND,part_n_minor,0,0.16732548859740995
VNM,GROUND,part_n_minor,1,5.374013223033828e-20
VNM,GROUND,part_n_minor,2,-0.26206304927837537
VNM,GROUND,part_n_minor,3,0.1125572996915286
VNM,GROUND,part_n_minor,4,0.5611331261302566
VNM,GROUND,part_n_minor,5,-0.7436621223027989
YEM,GROUND,part_n_minor,0,0.0010476250087196087
YEM,GROUND,part_n_minor,1,-0.037868063159759366
YEM,GROUND,part_n_minor,2,-0.13944246976013613
YEM,GROUND,part_n_minor,3,0.20776879998502937
YEM,GROUND,part_n_minor,4,-0.2689661811589127
YEM,GROUND,part_n_minor,5,0.4735931154246282
ZMB,GROUND,part_n_minor,0,-0.057080065497264056
ZMB,GROUND,part_n_minor,1,-0.07705700558631708
ZMB,GROUND,part_n_minor,2,0.3366515291534492
ZMB,GROUND,part_n_minor,3,-0.21482222598996023
ZMB,GROUND,part_n_minor,4,-0.06481910656459892
ZMB,GROUND,part_n_minor,5,-0.032293017067666206
ZWE,GROUND,part_n_minor,0,-0.09280654102074021
ZWE,GROUND,part_n_minor,1,0.18640306342566093
ZWE,GROUND,part_n_minor,2,-0.08824507161501033
ZWE,GROUND,part_n_minor,3,-0.08650622977439257
ZWE,GROUND,part_n_minor,4,1.4250043629982967e-34
ZWE,GROUND,part_n_minor,5,-0.16504414361012631
AFG,GROUND,part_n_war,0,0.25113687487710545
AFG,GROUND,part_n_war,1,0.04685548671427721
AFG,GROUND,part_n_war,2,-0.019421914205592368
AFG,GROUND,part_n_war,3,-0.09770465613230202
AFG,GROUND,part_n_war,4,0.07265282839295119
AFG,GROUND,part_n_war,5,-0.09951635341633949
AGO,GROUND,part_n_war,0,0.3512203266450662
AGO,GROUND,part_n_war,1,-0.01720079745732537
AGO,GROUND,part_n_war,2,-0.5517502187363658
AGO,GROUND,part_n_war,3,-0.12849314867699588
AGO,GROUND,part_n_war,4,0.2492880918578906
AGO,GROUND,part_n_war,5,0.28077664070851893
ALB,GROUND,part_n_war,0,-0.020526898022171128
ALB,GROUND,part_n_war,1,-3.5821722317448847e-19
ALB,GROUND,part_n_war,2,-9.651836753253486e-35
ALB,GROUND,part_n_war,3,4.52654725649042e-20
ALB,GROUND,part_n_war,4,-1.6693463719648635e-19
ALB,GROUND,part_n_war,5,-2.462156436025081e-19
ARE,GROUND,part_n_war,0,-0.16288700706374806
ARE,GROUND,part_n_war,1,-0.19287465904615117
ARE,GROUND,part_n_war,2,0.07341024977506216
ARE,GROUND,part_n_war,3,0.20399713403289121
ARE,GROUND,part_n_war,4,-0.045728660422709566
ARE,GROUND,part_n_war,5,-0.2472628154715603
ARG,GROUND,part_n_war,0,-4.876655500775558e-35
ARG,GROUND,part_n_war,1,-4.707828867876376e-36
ARG,GROUND,part_n_war,2,-2.0965685997143126e-18
ARM,GROUND,part_n_war,0,-0.08575432042942183
ARM,GROUND,part_n_war,1,0.18300323239015684
ARM,GROUND,part_n_war,2,-0.32103807755840585
ARM,GROUND,part_n_war,3,0.16901058059956156
ARM,GROUND,part_n_war,4,0.14233610702510333
ARM,GROUND,part_n_war,5,-0.241870147286066
AUS,GROUND,part_n_war,0,0.30169027963106504
AUS,GROUND,part_n_war,1,0.04560069265450628
AUS,GROUND,part_n_war,2,0.031482431178649954
AUS,GROUND,part_n_war,3,0.06351587204460567
AUS,GROUND,part_n_war,4,-0.12354303968531963
AUS,GROUND,part_n_war,5,-0.03937696518679411
AUT,GROUND,part_n_war,0,0.039961331287984764
AUT,GROUND,part_n_war,1,0.11942462673559685
AUT,GROUND,part_n_war,2,-0.04896695042489733
AUT,GROUND,part_n_war,3,0.1202991182068234
AUT,GROUND,part_n_war,4,-0.14548198921882743
AUT,GROUND,part_n_war,5,0.16086748291825168
AZE,GROUND,part_n_war,0,0.19974898898504428
AZE,GROUND,part_n_war,1,-0.32856315289571186
AZE,GROUND,part_n_war,2,0.2991527546065678
AZE,GROUND,part_n_war,3,-0.14210579176364146
AZE,GROUND,part_n_war,4,-0.06978283969157359
AZE,GROUND,part_n_war,5,-0.05748053008395165
BDI,GROUND,part_n_war,0,0.48290073611567536
BDI,GROUND,part_n_war,1,-0.6378608153317719
BDI,GROUND,part_n_war,2,0.35575665750564817
BDI,GROUND,part_n_war,3,0.08135928840570812
BDI,GROUND,part_n_war,4,-0.15162124857401485
BDI,GROUND,part_n_war,5,0.0003925857721813083
BEL,GROUND,part_n_war,0,-0.019428972482085673
BEL,GROUND,part_n_war,1,-0.31038159011406824
BEL,GROUND,part_n_war,2,0.45194215449495484
BEL,GROUND,part_n_war,3,-0.18415498840308317
BEL,GROUND,part_n_war,4,-0.03136528794490817
BEL,GROUND,part_n_war,5,-0.029127815619477807
BEN,GROUND,part_n_war,0,0.4367697651849108
BEN,GROUND,part_n_war,1,-0.3530119416972478
BEN,GROUND,part_n_war,2,-3.246853378927453e-19
BEN,GROUND,part_n_war,3,-5.54061366680721e-20
BEN,GROUND,part_n_war,4,9.315417638745617e-20
BEN,GROUND,part_n_war,5,-0.18933545246183212
BFA,GROUND,part_n_war,0,-0.0497391040957628
BFA,GROUND,part_n_war,1,0.40613664438952674
BFA,GROUND,part_n_war,2,-0.39546193119345996
BFA,GROUND,part_n_war,3,-0.0186498502405338
BFA,GROUND,part_n_war,4,0.47805625058388557
BFA,GROUND,part_n_war,5,-0.1765342019750232
BGD,GROUND,part_n_war,0,0.3864659904694392
BGD,GROUND,part_n_war,1,-0.07737691680545905
BGD,GROUND,part_n_war,2,-0.36080212459819644
BGD,GROUND,part_n_war,3,0.20801589478492327
BGD,GROUND,part_n_war,4,0.05246482361542811
BGD,GROUND,part_n_war,5,-0.001082849649284258
BGR,GROUND,part_n_war,0,-0.09118075034421362
BGR,GROUND,part_n_war,1,-0.047839066678801646
BGR,GROUND,part_n_war,2,4.278486132359006e-19
BGR,GROUND,part_n_war,3,-2.256501612029575e-19
BGR,GROUND,part_n_war,4,-0.1084485565412925
BGR,GROUND,part_n_war,5,0.23450727922061657
BHR,GROUND,part_n_war,0,0.23469743180707933
BHR,GROUND,part_n_war,1,-0.40238284172508615
BHR,GROUND,part_n_war,2,0.23560495389449385
BHR,GROUND,part_n_war,3,-0.1733418730186122
BHR,GROUND,part_n_war,4,0.3376350773299686
BHR,GROUND,part_n_war,5,-0.17817363053884497
BIH,GROUND,part_n_war,0,-0.14942862645764696
BIH,GROUND,part_n_war,1,0.1250337329600079
BIH,GROUND,part_n_war,2,-0.07510664562077317
BIH,GROUND,part_n_war,3,-0.14036559252984396
BIH,GROUND,part_n_war,4,0.0012042502479778134
BIH,GROUND,part_n_war,5,-0.19919438751354748
BTN,GROUND,part_n_war,0,-0.4990657367063355
BTN,GROUND,part_n_war,1,0.9981314734126706
BTN,GROUND,part_n_war,2,-0.4990657367063354
BTN,GROUND,part_n_war,3,2.4920110575651877e-19
BTN,GROUND,part_n_war,4,0.0
BTN,GROUND,part_n_war,5,0.0
CAN,GROUND,part_n_war,0,-0.1910073417542489
CAN,GROUND,part_n_war,1,0.1678471668110682
CAN,GROUND,part_n_war,2,-0.14480671221888003
CAN,GROUND,part_n_war,3,0.30637035148955166
CAN,GROUND,part_n_war,4,-0.12965533810797805
CAN,GROUND,part_n_war,5,0.15320503183402528
CHE,GROUND,part_n_war,0,-0.30387870762761243
CHE,GROUND,part_n_war,1,-0.0213557122515466
CHE,GROUND,part_n_war,2,0.32151986170933544
CHE,GROUND,part_n_war,3,0.14838646692407664
CHE,GROUND,part_n_war,4,0.10022850204790959
CHE,GROUND,part_n_war,5,-0.06382900268823583
CHN,GROUND,part_n_war,0,0.0
CHN,GROUND,part_n_war,1,0.0
CHN,GROUND,part_n_war,2,0.0
CHN,GROUND,part_n_war,3,0.0
CHN,GROUND,part_n_war,4,0.0
CHN,GROUND,part_n_war,5,0.0
CIV,GROUND,part_n_war,0,0.00910646391454945
CIV,GROUND,part_n_war,1,0.08333825797833459
CIV,GROUND,part_n_war,2,-0.26634949329607305
CIV,GROUND,part_n_war,3,-0.2542116085541824
CIV,GROUND,part_n_war,4,0.5521323502070594
CIV,GROUND,part_n_war,5,-0.32757196645947917
CMR,GROUND,part_n_war,0,0.03130396646817218
CMR,GROUND,part_n_war,1,0.24299894891806417
CMR,GROUND,part_n_war,2,0.13442437653228992
CMR,GROUND,part_n_war,3,-0.07085461525727123
CMR,GROUND,part_n_war,4,-0.127954488121697
CMR,GROUND,part_n_war,5,-0.1448135485993955
COD,GROUND,part_n_war,0,-0.24288969474521394
COD,GROUND,part_n_war,1,0.20683075598323158
COD,GROUND,part_n_war,2,-0.27668737693714557
COD,GROUND,part_n_war,3,0.37395975715493546
COD,GROUND,part_n_war,4,-0.2519993450714364
COD,GROUND,part_n_war,5,0.045725660322344965
COG,GROUND,part_n_war,0,0.17132604870592819
COG,GROUND,part_n_war,1,0.03848830868002463
COG,GROUND,part_n_war,2,-0.1806713167462413
COG,GROUND,part_n_war,3,-1.6691329192756943e-19
COG,GROUND,part_n_war,4,2.4097225225805937e-35
COG,GROUND,part_n_war,5,2.921889155317199e-35
COL,GROUND,part_n_war,0,6.02072609060139e-20
COL,GROUND,part_n_war,1,1.0745959850316736e-20
COL,GROUND,part_n_war,2,-0.05855404506156972
COL,GROUND,part_n_war,3,0.06660041171825781
COL,GROUND,part_n_war,4,-0.03645055321571577
COL,GROUND,part_n_war,5,0.04091454518729164
CZE,GROUND,part_n_war,0,0.1074124761299165
CZE,GROUND,part_n_war,1,-0.09413491420154803
CZE,GROUND,part_n_war,2,0.07009136080054092
CZE,GROUND,part_n_war,3,0.21782112585771177
CZE,GROUND,part_n_war,4,-0.17485969720575206
CZE,GROUND,part_n_war,5,0.019966426547445678
DEU,GROUND,part_n_war,0,-0.017629184493654634
DEU,GROUND,part_n_war,1,-0.13105482691166323
DEU,GROUND,part_n_war,2,0.23641503221171242
DEU,GROUND,part_n_war,3,-0.03503676708118506
DEU,GROUND,part_n_war,4,-0.16619855449397644
DEU,GROUND,part_n_war,5,0.24108283159122737
DJI,GROUND,part_n_war,0,-0.09424133346299793
DJI,GROUND,part_n_war,1,0.1080609090653112
DJI,GROUND,part_n_war,2,0.05565886878920472
DJI,GROUND,part_n_war,3,-0.004134398812652992
DJI,GROUND,part_n_war,4,-0.002447198167994946
DJI,GROUND,part_n_war,5,-0.009533356399904248
DNK,GROUND,part_n_war,0,0.12411373499140675
DNK,GROUND,part_n_war,1,0.24700482321989933
DNK,GROUND,part_n_war,2,-0.1513280949143158
DNK,GROUND,part_n_war,3,0.018324629478793618
DNK,GROUND,part_n_war,4,0.10789919242887439
DNK,GROUND,part_n_war,5,-0.05997306038138296
DOM,GROUND,part_n_war,0,0.0
DOM,GROUND,part_n_war,1,5.712743796201392e-19
DZA,GROUND,part_n_war,0,0.008747578586069362
DZA,GROUND,part_n_war,1,-0.19738583951971161
DZA,GROUND,part_n_war,2,-0.08376896126995337
DZA,GROUND,part_n_war,3,0.15765380898035727
DZA,GROUND,part_n_war,4,0.25158970158590965
DZA,GROUND,part_n_war,5,-0.05552008755430677
EGY,GROUND,part_n_war,0,-0.01611572307072867
EGY,GROUND,part_n_war,1,0.08784646537938845
EGY,GROUND,part_n_war,2,-0.14471924707270667
EGY,GROUND,part_n_war,3,-0.023954079192045858
EGY,GROUND,part_n_war,4,0.06736106284099126
EGY,GROUND,part_n_war,5,0.23234853425106938
ERI,GROUND,part_n_war,0,0.0
ERI,GROUND,part_n_war,1,0.15803140214118752
ERI,GROUND,part_n_war,2,-0.15803140214118752
ERI,GROUND,part_n_war,3,0.0
ERI,GROUND,part_n_war,4,0.0
ERI,GROUND,part_n_war,5,0.0
ESP,GROUND,part_n_war,0,0.19957571665302098
ESP,GROUND,part_n_war,1,-0.09944945772587524
ESP,GROUND,part_n_war,2,-0.10223874683344104
ESP,GROUND,part_n_war,3,0.21662800532954377
ESP,GROUND,part_n_war,4,0.18128963603083637
ESP,GROUND,part_n_war,5,-0.429529986398754
EST,GROUND,part_n_war,0,0.17360077394673032
EST,GROUND,part_n_war,1,-0.024482878997030475
EST,GROUND,part_n_war,2,0.07969587923421582
EST,GROUND,part_n_war,3,0.04726585202433046
EST,GROUND,part_n_war,4,0.06218404680478278
EST,GROUND,part_n_war,5,-0.04117491818198582
ETH,GROUND,part_n_war,0,0.2712202623178394
ETH,GROUND,part_n_war,1,-0.04479022864730879
ETH,GROUND,part_n_war,2,0.04477389522123089
ETH,GROUND,part_n_war,3,-0.07656851418951317
ETH,GROUND,part_n_war,4,-0.0752917577895379
ETH,GROUND,part_n_war,5,0.12767655930305857
FIN,GROUND,part_n_war,0,-0.1350345266376673
FIN,GROUND,part_n_war,1,0.028136886324167006
FIN,GROUND,part_n_war,2,-0.19682286335459398
FIN,GROUND,part_n_war,3,0.45439129376079596
FIN,GROUND,part_n_war,4,-0.11097457048697218
FIN,GROUND,part_n_war,5,-0.0344253899849956
FRA,GROUND,part_n_war,0,-0.14263289528768278
FRA,GROUND,part_n_war,1,0.2659524189001427
FRA,GROUND,part_n_war,2,-0.13346003508011
FRA,GROUND,part_n_war,3,-0.13858410700519266
FRA,GROUND,part_n_war,4,0.025403972890292788
FRA,GROUND,part_n_war,5,0.041228800901210894
GBR,GROUND,part_n_war,0,-0.07077238169153051
GBR,GROUND,part_n_war,1,-0.0359965317424618
GBR,GROUND,part_n_war,2,0.0555793198445388
GBR,GROUND,part_n_war,3,-0.12100013081025549
GBR,GROUND,part_n_war,4,0.03306599236256262
GBR,GROUND,part_n_war,5,0.03420494740809351
GEO,GROUND,part_n_war,0,0.33153017188524647
GEO,GROUND,part_n_war,1,0.00026092254415536705
GEO,GROUND,part_n_war,2,-0.4873059321965731
GEO,GROUND,part_n_war,3,0.3983978145722551
GEO,GROUND,part_n_war,4,0.08349873793826547
GEO,GROUND,part_n_war,5,0.06658869167539899
GHA,GROUND,part_n_war,0,-0.13648283282039422
GHA,GROUND,part_n_war,1,-0.07553225647809766
GHA,GROUND,part_n_war,2,0.16892586133768325
GHA,GROUND,part_n_war,3,0.08218069328843215
GHA,GROUND,part_n_war,4,-0.22603257253018233
GHA,GROUND,part_n_war,5,0.12921399951556845
GIN,GROUND,part_n_war,0,-0.25866124036659666
GIN,GROUND,part_n_war,1,0.09547658170722242
GIN,GROUND,part_n_war,2,-0.17454488031941065
GIN,GROUND,part_n_war,3,0.1759385452475678
GIN,GROUND,part_n_war,4,-0.04328117310504199
GIN,GROUND,part_n_war,5,0.03652631293749212
GMB,GROUND,part_n_war,0,0.9928927533271742
GMB,GROUND,part_n_war,1,-0.5334010934377448
GMB,GROUND,part_n_war,2,-1.1848090559298679e-18
GRC,GROUND,part_n_war,0,0.047970145603354435
GRC,GROUND,part_n_war,1,-0.10830313141378022
GRC,GROUND,part_n_war,2,0.037067121339943554
GRC,GROUND,part_n_war,3,-0.2742152620629278
GRC,GROUND,part_n_war,4,0.3842441575633343
GRC,GROUND,part_n_war,5,0.02606136018413266
GTM,GROUND,part_n_war,0,-0.5000000000000001
GTM,GROUND,part_n_war,1,6.488246102093202e-19
HRV,GROUND,part_n_war,0,0.05757173632792407
HRV,GROUND,part_n_war,1,-0.2405456829722463
HRV,GROUND,part_n_war,2,0.24939690499329933
HRV,GROUND,part_n_war,3,-0.012217192179295882
HRV,GROUND,part_n_war,4,-0.041466309662625725
HRV,GROUND,part_n_war,5,-0.06666505143744461
HUN,GROUND,part_n_war,0,0.3394645973655536
HUN,GROUND,part_n_war,1,0.036349050914805
HUN,GROUND,part_n_war,2,-0.1185061482656502
HUN,GROUND,part_n_war,3,0.4367580523609015
HUN,GROUND,part_n_war,4,-0.2253802928020414
HUN,GROUND,part_n_war,5,-0.12550452715301733
IDN,GROUND,part_n_war,0,0.20444450043531204
IDN,GROUND,part_n_war,1,-0.5201336125169221
IDN,GROUND,part_n_war,2,0.42785013387888426
IDN,GROUND,part_n_war,3,-0.19010489670264183
IDN,GROUND,part_n_war,4,-0.07152563505212305
IDN,GROUND,part_n_war,5,0.08570354527828501
IND,GROUND,part_n_war,0,-0.07737081905223991
IND,GROUND,part_n_war,1,0.14181656589213143
IND,GROUND,part_n_war,2,-0.20536016227240111
IND,GROUND,part_n_war,3,0.2918363464307476
IND,GROUND,part_n_war,4,-0.2443380350980755
IND,GROUND,part_n_war,5,-0.031755660570757065
IRL,GROUND,part_n_war,0,0.3398245492111822
IRL,GROUND,part_n_war,1,-0.4177585122404346
IRL,GROUND,part_n_war,2,0.01386288689526892
IRL,GROUND,part_n_war,3,0.047730334466286314
IRL,GROUND,part_n_war,4,0.2645850797009396
IRL,GROUND,part_n_war,5,-0.29866916601853855
IRN,GROUND,part_n_war,0,0.13491539863711535
IRN,GROUND,part_n_war,1,0.03367536289215288
IRN,GROUND,part_n_war,2,0.007000467988425191
IRN,GROUND,part_n_war,3,-0.09533070730684916
IRN,GROUND,part_n_war,4,0.01029995467124924
IRN,GROUND,part_n_war,5,-0.13638143507167133
IRQ,GROUND,part_n_war,0,-0.11826684700886617
IRQ,GROUND,part_n_war,1,0.12410529416637262
IRQ,GROUND,part_n_war,2,0.0876612062657687
IRQ,GROUND,part_n_war,3,-0.10085574298146534
IRQ,GROUND,part_n_war,4,0.052814310812198874
IRQ,GROUND,part_n_war,5,-0.06036650592425405
ISR,GROUND,part_n_war,0,0.05016835941587774
ISR,GROUND,part_n_war,1,-0.36808328878822916
ISR,GROUND,part_n_war,2,0.3754136575743061
ISR,GROUND,part_n_war,3,-0.16959983356655195
ISR,GROUND,part_n_war,4,0.04626714487477678
ISR,GROUND,part_n_war,5,-0.023369741817217328
ITA,GROUND,part_n_war,0,-0.20902751572506967
ITA,GROUND,part_n_war,1,0.07729170788511572
ITA,GROUND,part_n_war,2,-0.0555823269973757
ITA,GROUND,part_n_war,3,-0.032562208144895
ITA,GROUND,part_n_war,4,0.2788789035334616
ITA,GROUND,part_n_war,5,-0.08858904304583096
JOR,GROUND,part_n_war,0,0.06918221996943823
JOR,GROUND,part_n_war,1,-0.28965383492936014
JOR,GROUND,part_n_war,2,0.1727634165839329
JOR,GROUND,part_n_war,3,0.14301086430758983
JOR,GROUND,part_n_war,4,0.09835332100122328
JOR,GROUND,part_n_war,5,0.039176623964661185
KAZ,GROUND,part_n_war,0,0.059856330784881014
KAZ,GROUND,part_n_war,1,-0.0012520412127879968
KAZ,GROUND,part_n_war,2,-0.3282511686726634
KAZ,GROUND,part_n_war,3,0.2161893728810364
KAZ,GROUND,part_n_war,4,-0.13603873344017037
KAZ,GROUND,part_n_war,5,-0.08919347655626131
KEN,GROUND,part_n_war,0,0.4156639794997008
KEN,GROUND,part_n_war,1,-0.38853654845848185
KEN,GROUND,part_n_war,2,0.1857680535901669
KEN,GROUND,part_n_war,3,0.13988705522606568
KEN,GROUND,part_n_war,4,-0.21350216709855668
KEN,GROUND,part_n_war,5,0.23323213620767547
KHM,GROUND,part_n_war,0,0.4457007824938926
KHM,GROUND,part_n_war,1,-0.17696967348941117
KHM,GROUND,part_n_war,2,-0.07100041698073024
KHM,GROUND,part_n_war,3,-0.004322066640668068
KHM,GROUND,part_n_war,4,0.13100414618516693
KHM,GROUND,part_n_war,5,-0.08597493008733809
KOR,GROUND,part_n_war,0,-0.3084820363944939
KOR,GROUND,part_n_war,1,0.14080963827987958
KOR,GROUND,part_n_war,2,-0.09065435285859909
KOR,GROUND,part_n_war,3,0.15216989696040853
KOR,GROUND,part_n_war,4,-0.01689318037653315
KOR,GROUND,part_n_war,5,0.37380846168535115
KWT,GROUND,part_n_war,0,0.23456804195040856
KWT,GROUND,part_n_war,1,0.09708315475608721
KWT,GROUND,part_n_war,2,-0.006979014508230168
KWT,GROUND,part_n_war,3,-0.24968774607021577
KWT,GROUND,part_n_war,4,-0.12157342313919006
KWT,GROUND,part_n_war,5,0.4125352876790414
LBR,GROUND,part_n_war,0,-0.3396801785989341
LBR,GROUND,part_n_war,1,-3.02071234691685e-19
LBR,GROUND,part_n_war,2,-0.35355339059327373
LBR,GROUND,part_n_war,3,0.7071067811865476
LBR,GROUND,part_n_war,4,-0.35355339059327373
LBR,GROUND,part_n_war,5,4.346751075497126e-19
LBY,GROUND,part_n_war,0,-0.015123877956520934
LBY,GROUND,part_n_war,1,0.01778706045507693
LBY,GROUND,part_n_war,2,-0.41278207751978513
LBY,GROUND,part_n_war,3,0.392550825796603
LBY,GROUND,part_n_war,4,0.1690886685410411
LBY,GROUND,part_n_war,5,-0.601258905221507
LKA,GROUND,part_n_war,0,0.05510567014159447
LKA,GROUND,part_n_war,1,0.14039051040243633
LKA,GROUND,part_n_war,2,0.2418734447807767
LKA,GROUND,part_n_war,3,-0.33484211406999087
LKA,GROUND,part_n_war,4,-0.16650517462606407
LKA,GROUND,part_n_war,5,0.22377652841159468
LTU,GROUND,part_n_war,0,0.2520252176195264
LTU,GROUND,part_n_war,1,-0.43759598236185476
LTU,GROUND,part_n_war,2,0.45660151744265887
LTU,GROUND,part_n_war,3,-0.24904565566065803
LTU,GROUND,part_n_war,4,0.09055596012151584
LTU,GROUND,part_n_war,5,-0.10453095494468377
LUX,GROUND,part_n_war,0,0.07649565114306354
LUX,GROUND,part_n_war,1,-0.079431939940639
LUX,GROUND,part_n_war,2,-0.14800962141750626
LUX,GROUND,part_n_war,3,0.29601924283501246
LUX,GROUND,part_n_war,4,0.08622836412959448
LUX,GROUND,part_n_war,5,0.0
LVA,GROUND,part_n_war,0,-0.15376929535874687
LVA,GROUND,part_n_war,1,0.1379765472767904
LVA,GROUND,part_n_war,2,-0.17231746912001833
LVA,GROUND,part_n_war,3,0.15630858762118352
LVA,GROUND,part_n_war,4,-0.01643658617986452
LVA,GROUND,part_n_war,5,0.21214105017002702
MAR,GROUND,part_n_war,0,0.16549744775419556
MAR,GROUND,part_n_war,1,-0.17850838306037606
MAR,GROUND,part_n_war,2,0.015138240286614181
MAR,GROUND,part_n_war,3,-0.1314785530717831
MAR,GROUND,part_n_war,4,-0.22642990789883397
MAR,GROUND,part_n_war,5,0.23009880549547404
MDA,GROUND,part_n_war,0,0.0
MDA,GROUND,part_n_war,1,-3.4282434544077094e-19
MDA,GROUND,part_n_war,2,0.0
MDA,GROUND,part_n_war,3,0.0
MDA,GROUND,part_n_war,4,0.0
MDA,GROUND,part_n_war,5,0.0
MEX,GROUND,part_n_war,0,-0.14658889523128163
MEX,GROUND,part_n_war,1,-1.516290281816151e-20
MEX,GROUND,part_n_war,2,6.650367851145668e-35
MEX,GROUND,part_n_war,3,0.0
MEX,GROUND,part_n_war,4,-3.0165578460954794e-35
MEX,GROUND,part_n_war,5,-0.24922221693326416
MKD,GROUND,part_n_war,0,0.006003967526732334
MKD,GROUND,part_n_war,1,0.006110780968212629
MKD,GROUND,part_n_war,2,-0.5068962836057539
MKD,GROUND,part_n_war,3,0.34543470473267923
MKD,GROUND,part_n_war,4,-0.5104221205405737
MKD,GROUND,part_n_war,5,0.41575307676344364
MLI,GROUND,part_n_war,0,0.14821509975016245
MLI,GROUND,part_n_war,1,-0.3274451134596379
MLI,GROUND,part_n_war,2,0.30239743323122054
MLI,GROUND,part_n_war,3,0.1528024268546912
MLI,GROUND,part_n_war,4,-0.03287141323349206
MLI,GROUND,part_n_war,5,-0.13713047360078473
MMR,GROUND,part_n_war,0,-0.17384501264023045
MMR,GROUND,part_n_war,1,-0.16945121195520527
MMR,GROUND,part_n_war,2,0.13585290194516825
MMR,GROUND,part_n_war,3,0.0645540431686047
MMR,GROUND,part_n_war,4,0.07606115667126873
MMR,GROUND,part_n_war,5,-0.11300564947443362
MNE,GROUND,part_n_war,0,-0.1726551562199215
MNE,GROUND,part_n_war,1,0.0
MNE,GROUND,part_n_war,2,-3.9800927181513595e-20
MNE,GROUND,part_n_war,3,0.0
MNE,GROUND,part_n_war,4,-2.4436262908710816e-19
MNE,GROUND,part_n_war,5,0.0
MNG,GROUND,part_n_war,0,-0.21728170537017014
MNG,GROUND,part_n_war,1,5.477744310683539e-35
MNG,GROUND,part_n_war,2,0.22020164644027404
MNG,GROUND,part_n_war,3,-0.15287441391022807
MNG,GROUND,part_n_war,4,-0.06732723253004605
MNG,GROUND,part_n_war,5,0.0
MOZ,GROUND,part_n_war,0,0.004736716248912485
MOZ,GROUND,part_n_war,1,1.2530362953812227e-18
MOZ,GROUND,part_n_war,2,-7.494165226965493e-19
MRT,GROUND,part_n_war,0,-0.1708595398186953
MRT,GROUND,part_n_war,1,0.3770438031908219
MRT,GROUND,part_n_war,2,-0.26264889958443616
MRT,GROUND,part_n_war,3,0.0882305691213818
MRT,GROUND,part_n_war,4,0.05669476649899982
MRT,GROUND,part_n_war,5,-0.15433229280431057
MWI,GROUND,part_n_war,0,0.2329377189186364
MWI,GROUND,part_n_war,1,-0.04903662698363734
MWI,GROUND,part_n_war,2,-0.1277563979362132
MWI,GROUND,part_n_war,3,0.0
MWI,GROUND,part_n_war,4,-0.2747600223661427
MWI,GROUND,part_n_war,5,0.5495200447322856
MYS,GROUND,part_n_war,0,0.0003827803751976669
MYS,GROUND,part_n_war,1,-0.22097065882702044
MYS,GROUND,part_n_war,2,0.08363176074642373
MYS,GROUND,part_n_war,3,0.2478127463828392
MYS,GROUND,part_n_war,4,0.33634254035531763
MYS,GROUND,part_n_war,5,-0.22859561964512878
NAM,GROUND,part_n_war,0,2.9281883354246588e-18
NAM,GROUND,part_n_war,1,0.35891324923274404
NAM,GROUND,part_n_war,2,-0.179456624616372
NAM,GROUND,part_n_war,3,0.179456624616372
NAM,GROUND,part_n_war,4,-0.179456624616372
NAM,GROUND,part_n_war,5,0.0
NER,GROUND,part_n_war,0,0.3508970768515504
NER,GROUND,part_n_war,1,-0.13232793309274438
NER,GROUND,part_n_war,2,0.10073878943843115
NER,GROUND,part_n_war,3,-0.12948107070801673
NER,GROUND,part_n_war,4,-0.14978075872970512
NER,GROUND,part_n_war,5,0.22433873936822885
NGA,GROUND,part_n_war,0,-0.09099759977891372
NGA,GROUND,part_n_war,1,0.2531804302946276
NGA,GROUND,part_n_war,2,0.02740592741029104
NGA,GROUND,part_n_war,3,-0.3207295776483472
NGA,GROUND,part_n_war,4,-0.13193438025893262
NGA,GROUND,part_n_war,5,0.2985148652145379
NIC,GROUND,part_n_war,0,0.0
NIC,GROUND,part_n_war,1,0.0
NIC,GROUND,part_n_war,2,0.0
NIC,GROUND,part_n_war,3,0.0
NIC,GROUND,part_n_war,4,0.0
NIC,GROUND,part_n_war,5,0.0
NLD,GROUND,part_n_war,0,0.039231883811536805
NLD,GROUND,part_n_war,1,-0.11659915346932942
NLD,GROUND,part_n_war,2,0.0765489713192238
NLD,GROUND,part_n_war,3,-0.2447993287792067
NLD,GROUND,part_n_war,4,0.2566990305984166
NLD,GROUND,part_n_war,5,0.02433320262520131
NOR,GROUND,part_n_war,0,0.015622987337740228
NOR,GROUND,part_n_war,1,-0.4986399226658051
NOR,GROUND,part_n_war,2,0.32068557519492724
NOR,GROUND,part_n_war,3,-0.04187666663859561
NOR,GROUND,part_n_war,4,0.10369677116567876
NOR,GROUND,part_n_war,5,-0.24615756792145818
NPL,GROUND,part_n_war,0,0.09471511061286
NPL,GROUND,part_n_war,1,0.1345565200261202
NPL,GROUND,part_n_war,2,-0.417068020170639
NPL,GROUND,part_n_war,3,0.4234817555447004
NPL,GROUND,part_n_war,4,-0.25452562848881827
NPL,GROUND,part_n_war,5,-0.10805377630119407
NZL,GROUND,part_n_war,0,5.274325573784218e-20
NZL,GROUND,part_n_war,1,-0.43374258238436214
NZL,GROUND,part_n_war,2,0.0006415980145877159
NZL,GROUND,part_n_war,3,0.47558516318814464
NZL,GROUND,part_n_war,4,-7.788058079502354e-20
NZL,GROUND,part_n_war,5,-2.2136168318624126e-19
OMN,GROUND,part_n_war,0,-0.23373110096623576
OMN,GROUND,part_n_war,1,0.4674622019324716
OMN,GROUND,part_n_war,2,-0.33567073798621194
PAK,GROUND,part_n_war,0,-0.19377581344632336
PAK,GROUND,part_n_war,1,-0.08871678881416684
PAK,GROUND,part_n_war,2,0.21070272889925906
PAK,GROUND,part_n_war,3,-0.06544747485807027
PAK,GROUND,part_n_war,4,0.12414114864167185
PAK,GROUND,part_n_war,5,-0.17358015730045484
PER,GROUND,part_n_war,0,0.19377053621340884
PER,GROUND,part_n_war,1,-0.3283348921722769
PER,GROUND,part_n_war,2,-2.234935475520596e-18
PHL,GROUND,part_n_war,0,0.15917518301204653
PHL,GROUND,part_n_war,1,-0.21590727694700296
PHL,GROUND,part_n_war,2,0.16072418226076124
PHL,GROUND,part_n_war,3,-0.06370546036614638
PHL,GROUND,part_n_war,4,0.071553163658408
PHL,GROUND,part_n_war,5,0.004814215699255752
POL,GROUND,part_n_war,0,-0.2870667133155689
POL,GROUND,part_n_war,1,0.013839860028447728
POL,GROUND,part_n_war,2,0.22529141014960627
POL,GROUND,part_n_war,3,-0.1974017943931828
POL,GROUND,part_n_war,4,0.33662289855929106
POL,GROUND,part_n_war,5,-0.29398570761549797
PRK,GROUND,part_n_war,0,0.03845840904634055
PRK,GROUND,part_n_war,1,0.03963599598565528
PRK,GROUND,part_n_war,2,0.04088797988778304
PRK,GROUND,part_n_war,3,0.04222164148773131
PRK,GROUND,part_n_war,4,0.04364524364273781
PRK,GROUND,part_n_war,5,0.04516820272584201
PRT,GROUND,part_n_war,0,-0.15778685884996302
PRT,GROUND,part_n_war,1,0.08500028634322987
PRT,GROUND,part_n_war,2,-0.1330244249165944
PRT,GROUND,part_n_war,3,0.3380663726561193
PRT,GROUND,part_n_war,4,-0.10132354285496115
PRT,GROUND,part_n_war,5,-0.21988585094686772
QAT,GROUND,part_n_war,0,0.3725820790173883
QAT,GROUND,part_n_war,1,-0.2459046318815509
QAT,GROUND,part_n_war,2,-0.04578481077520556
QAT,GROUND,part_n_war,3,-0.26336265383514945
QAT,GROUND,part_n_war,4,0.20477216541518573
QAT,GROUND,part_n_war,5,-0.053344041948151524
ROU,GROUND,part_n_war,0,-0.19405342453042812
ROU,GROUND,part_n_war,1,0.16354692408450125
ROU,GROUND,part_n_war,2,0.113055682211858
ROU,GROUND,part_n_war,3,-0.3529990600615304
ROU,GROUND,part_n_war,4,0.3762463133128385
ROU,GROUND,part_n_war,5,-0.3084530878863747
RUS,GROUND,part_n_war,0,0.2157000776632034
RUS,GROUND,part_n_war,1,-0.15883850673207026
RUS,GROUND,part_n_war,2,0.04628962094449958
RUS,GROUND,part_n_war,3,0.1395652220154399
RUS,GROUND,part_n_war,4,-0.05298747153295578
RUS,GROUND,part_n_war,5,-0.17043190300627153
RWA,GROUND,part_n_war,0,0.13532667724083858
RWA,GROUND,part_n_war,1,0.10158620540771277
RWA,GROUND,part_n_war,2,-0.017626930698340093
RWA,GROUND,part_n_war,3,-0.03145851961800843
RWA,GROUND,part_n_war,4,-0.21997518673029992
RWA,GROUND,part_n_war,5,0.06258484789220609
SAU,GROUND,part_n_war,0,0.20488028478360082
SAU,GROUND,part_n_war,1,0.2920648497570384
SAU,GROUND,part_n_war,2,-0.17220473984677007
SAU,GROUND,part_n_war,3,0.09388987344516625
SAU,GROUND,part_n_war,4,-0.10186986674891166
SAU,GROUND,part_n_war,5,0.10135279345989345
SDN,GROUND,part_n_war,0,0.08345359292061431
SDN,GROUND,part_n_war,1,-0.040969192528474974
SDN,GROUND,part_n_war,2,0.046642413418927005
SDN,GROUND,part_n_war,3,-0.00787589454944451
SDN,GROUND,part_n_war,4,-0.19573485495953222
SDN,GROUND,part_n_war,5,0.21819367102162437
SEN,GROUND,part_n_war,0,0.24470116033223105
SEN,GROUND,part_n_war,1,-0.27799543971851925
SEN,GROUND,part_n_war,2,-0.011239737578699173
SEN,GROUND,part_n_war,3,-0.04292525578409346
SEN,GROUND,part_n_war,4,0.07761703094409227
SEN,GROUND,part_n_war,5,0.12241029632625083
SGP,GROUND,part_n_war,0,-0.04235442240113528
SGP,GROUND,part_n_war,1,0.38903863497076036
SGP,GROUND,part_n_war,2,0.3593072665144898
SGP,GROUND,part_n_war,3,-0.1062206949583409
SGP,GROUND,part_n_war,4,-0.2215195107707546
SGP,GROUND,part_n_war,5,0.05923998740469496
SLE,GROUND,part_n_war,0,-0.1706271283158627
SLE,GROUND,part_n_war,1,0.3500825215357865
SLE,GROUND,part_n_war,2,-0.5841843142989595
SLE,GROUND,part_n_war,3,0.40496161214213433
SLE,GROUND,part_n_war,4,0.11582348235815708
SLE,GROUND,part_n_war,5,-0.22848693871628453
SLV,GROUND,part_n_war,0,0.08405655072684856
SLV,GROUND,part_n_war,1,-0.4897162880281859
SLV,GROUND,part_n_war,2,0.47451734061511347
SLV,GROUND,part_n_war,3,-0.0034452534956037812
SLV,GROUND,part_n_war,4,0.07048183004788466
SLV,GROUND,part_n_war,5,-0.10007438957839969
SOM,GROUND,part_n_war,0,0.16343708231443452
SOM,GROUND,part_n_war,1,0.24653609541914584
SOM,GROUND,part_n_war,2,0.10519456754447219
SOM,GROUND,part_n_war,3,-0.2699380013018248
SOM,GROUND,part_n_war,4,-0.0035182295876664163
SOM,GROUND,part_n_war,5,-0.008424625586914005
SRB,GROUND,part_n_war,0,-0.24987234365564526
SRB,GROUND,part_n_war,1,-0.20489635597996164
SRB,GROUND,part_n_war,2,0.13383182139309222
SRB,GROUND,part_n_war,3,0.37536931196080275
SRB,GROUND,part_n_war,4,0.06149895111241957
SRB,GROUND,part_n_war,5,-5.869544816421537e-19
SSD,GROUND,part_n_war,0,0.3951257902463698
SSD,GROUND,part_n_war,1,0.11517606733170652
SSD,GROUND,part_n_war,2,-0.08926481971384384
SSD,GROUND,part_n_war,3,-0.09967109701363965
SSD,GROUND,part_n_war,4,-0.10305039129879869
SSD,GROUND,part_n_war,5,-0.2340838292095212
SVK,GROUND,part_n_war,0,-0.01064326499632401
SVK,GROUND,part_n_war,1,-7.240526889112727e-19
SVK,GROUND,part_n_war,2,0.14657047225364364
SVK,GROUND,part_n_war,3,-0.1534212529578453
SVK,GROUND,part_n_war,4,0.0
SVK,GROUND,part_n_war,5,0.10747028645702338
SVN,GROUND,part_n_war,0,0.07398596890184439
SVN,GROUND,part_n_war,1,-0.05943744648572777
SVN,GROUND,part_n_war,2,0.0
SVN,GROUND,part_n_war,3,0.10185983692772389
SVN,GROUND,part_n_war,4,0.14757134355240045
SVN,GROUND,part_n_war,5,0.053659285932169995
SWE,GROUND,part_n_war,0,0.2277360050127034
SWE,GROUND,part_n_war,1,-0.13268822556747464
SWE,GROUND,part_n_war,2,-0.11681882214996452
SWE,GROUND,part_n_war,3,-0.06493259352956848
SWE,GROUND,part_n_war,4,-0.2009890448652885
SWE,GROUND,part_n_war,5,-0.0007106092971340351
SYR,GROUND,part_n_war,0,0.10455739529038217
SYR,GROUND,part_n_war,1,-0.161877189413348
SYR,GROUND,part_n_war,2,0.1432527842289645
SYR,GROUND,part_n_war,3,0.058661724291633154
SYR,GROUND,part_n_war,4,-0.1565676617802739
SYR,GROUND,part_n_war,5,0.12097932898244543
TCD,GROUND,part_n_war,0,-0.04728250233754974
TCD,GROUND,part_n_war,1,0.06878294343519537
TCD,GROUND,part_n_war,2,-0.010517757214533121
TCD,GROUND,part_n_war,3,-0.022542990067486012
TCD,GROUND,part_n_war,4,-0.0832068486874372
TCD,GROUND,part_n_war,5,-0.11737890119413229
TGO,GROUND,part_n_war,0,0.010914638237960284
TGO,GROUND,part_n_war,1,0.16343239040113372
TGO,GROUND,part_n_war,2,0.13241780447199625
TGO,GROUND,part_n_war,3,-0.21944645419167508
TGO,GROUND,part_n_war,4,3.872948350374045e-19
TGO,GROUND,part_n_war,5,0.0
TJK,GROUND,part_n_war,0,0.0
TJK,GROUND,part_n_war,1,0.0
TJK,GROUND,part_n_war,2,-1.871238312559698e-19
TJK,GROUND,part_n_war,3,9.723378847257638e-20
TJK,GROUND,part_n_war,4,-9.032205272626783e-19
TJK,GROUND,part_n_war,5,-3.7662599939457593e-19
TUN,GROUND,part_n_war,0,0.02931126212692126
TUN,GROUND,part_n_war,1,0.18772983470915508
TUN,GROUND,part_n_war,2,-0.12069427141072228
TUN,GROUND,part_n_war,3,-0.1817492504060794
TUN,GROUND,part_n_war,4,-0.21272248713086342
TUN,GROUND,part_n_war,5,0.29548207816027783
TUR,GROUND,part_n_war,0,-0.03139651699027193
TUR,GROUND,part_n_war,1,0.255989944693149
TUR,GROUND,part_n_war,2,0.06495100976854175
TUR,GROUND,part_n_war,3,0.012553929729257675
TUR,GROUND,part_n_war,4,-0.02216961099048527
TUR,GROUND,part_n_war,5,-0.00010971090930154102
TZA,GROUND,part_n_war,0,0.5285961794605667
TZA,GROUND,part_n_war,1,-0.4585367771601114
TZA,GROUND,part_n_war,2,0.4052136678756876
TZA,GROUND,part_n_war,3,-0.3292523059009156
TZA,GROUND,part_n_war,4,0.07775430667221388
TZA,GROUND,part_n_war,5,-0.06558347861573115
UGA,GROUND,part_n_war,0,0.019358479425034894
UGA,GROUND,part_n_war,1,-0.0005694275401212704
UGA,GROUND,part_n_war,2,-0.0881845527043174
UGA,GROUND,part_n_war,3,-0.05210082363063988
UGA,GROUND,part_n_war,4,0.37445369603998513
UGA,GROUND,part_n_war,5,-0.37212590153252023
UKR,GROUND,part_n_war,0,0.2578940341287033
UKR,GROUND,part_n_war,1,-0.17962632110902754
UKR,GROUND,part_n_war,2,-0.03312675798290663
UKR,GROUND,part_n_war,3,-0.07828481439339288
UKR,GROUND,part_n_war,4,0.20923733690114932
UKR,GROUND,part_n_war,5,-0.0045753033165318695
USA,GROUND,part_n_war,0,-0.32747833667381526
USA,GROUND,part_n_war,1,0.08646398173112503
USA,GROUND,part_n_war,2,-0.2028975081146487
USA,GROUND,part_n_war,3,-0.0019546506029098423
USA,GROUND,part_n_war,4,0.18911843598793324
USA,GROUND,part_n_war,5,-0.15873572026653307
UZB,GROUND,part_n_war,0,0.0
UZB,GROUND,part_n_war,1,0.0
UZB,GROUND,part_n_war,2,0.0
UZB,GROUND,part_n_war,3,0.009286292758824593
UZB,GROUND,part_n_war,4,1.645353089122304e-19
YEM,GROUND,part_n_war,0,-0.0757588891893726
YEM,GROUND,part_n_war,1,0.12009564103370148
YEM,GROUND,part_n_war,2,0.12162609063651675
YEM,GROUND,part_n_war,3,-0.19380610046139377
YEM,GROUND,part_n_war,4,-0.0688483373889369
YEM,GROUND,part_n_war,5,-0.04565788414038264
ZMB,GROUND,part_n_war,0,-1.6090812568039287e-18
ZMB,GROUND,part_n_war,1,-0.12739263502378984
ZMB,GROUND,part_n_war,2,0.12745116598714631
ZMB,GROUND,part_n_war,3,-0.014573602574143503
ZMB,GROUND,part_n_war,4,-0.006726316284153546
ZMB,GROUND,part_n_war,5,-0.2855402639821873
ZWE,GROUND,part_n_war,0,-0.1767689087587546
ZWE,GROUND,part_n_war,1,-0.1280105423479901
ZWE,GROUND,part_n_war,2,9.859585690136553e-35
ZWE,GROUND,part_n_war,3,0.0
ZWE,GROUND,part_n_war,4,1.650564766219329e-34
ZWE,GROUND,part_n_war,5,-0.19116857140039728
AFG,GROUND,part_n_extraterritorial,0,-0.24826807728693215
AFG,GROUND,part_n_extraterritorial,1,0.08559164022596624
AFG,GROUND,part_n_extraterritorial,2,-0.0013481770806159778
AFG,GROUND,part_n_extraterritorial,3,-0.11288495545393078
AFG,GROUND,part_n_extraterritorial,4,0.09021459611472417
AFG,GROUND,part_n_extraterritorial,5,0.0278787216919431
AGO,GROUND,part_n_extraterritorial,0,0.13517621788207038
AGO,GROUND,part_n_extraterritorial,1,-0.15021704840720118
AGO,GROUND,part_n_extraterritorial,2,-0.32313874323506925
AGO,GROUND,part_n_extraterritorial,3,-0.1723307834573713
AGO,GROUND,part_n_extraterritorial,4,0.39395020862335617
AGO,GROUND,part_n_extraterritorial,5,0.06349318787048853
ALB,GROUND,part_n_extraterritorial,0,-0.016755590366690696
ALB,GROUND,part_n_extraterritorial,1,-2.92403705972633e-19
ALB,GROUND,part_n_extraterritorial,2,-7.87855148639648e-35
ALB,GROUND,part_n_extraterritorial,3,3.6949066304758184e-20
ALB,GROUND,part_n_extraterritorial,4,-1.3626454400734655e-19
ALB,GROUND,part_n_extraterritorial,5,-2.0097963470266128e-19
ARE,GROUND,part_n_extraterritorial,0,0.04100099904134406
ARE,GROUND,part_n_extraterritorial,1,-0.248056129724346
ARE,GROUND,part_n_extraterritorial,2,0.01830206021188046
ARE,GROUND,part_n_extraterritorial,3,0.24201433009912385
ARE,GROUND,part_n_extraterritorial,4,-0.12607534302007817
ARE,GROUND,part_n_extraterritorial,5,-0.18188046490546925
ARG,GROUND,part_n_extraterritorial,0,-3.0920370020550514e-19
ARG,GROUND,part_n_extraterritorial,1,-6.2475447951885565e-19
ARG,GROUND,part_n_extraterritorial,2,4.641292604170685e-35
ARG,GROUND,part_n_extraterritorial,3,-4.34210607209383e-19
ARG,GROUND,part_n_extraterritorial,4,-7.423337327951017e-19
ARG,GROUND,part_n_extraterritorial,5,-0.07879588810671959
ARM,GROUND,part_n_extraterritorial,0,-0.14132253238299777
ARM,GROUND,part_n_extraterritorial,1,-0.05229970991806301
ARM,GROUND,part_n_extraterritorial,2,0.0570525580030474
ARM,GROUND,part_n_extraterritorial,3,0.036490041752032625
ARM,GROUND,part_n_extraterritorial,4,0.18994469522173485
ARM,GROUND,part_n_extraterritorial,5,-0.22079846387150054
AUS,GROUND,part_n_extraterritorial,0,-0.02839024825887691
AUS,GROUND,part_n_extraterritorial,1,0.20196519876246433
AUS,GROUND,part_n_extraterritorial,2,0.07870864402694645
AUS,GROUND,part_n_extraterritorial,3,-0.3622214559302281
AUS,GROUND,part_n_extraterritorial,4,0.20084989544939114
AUS,GROUND,part_n_extraterritorial,5,-0.3398180452951937
AUT,GROUND,part_n_extraterritorial,0,0.06442988971631124
AUT,GROUND,part_n_extraterritorial,1,-0.0007932230802132856
AUT,GROUND,part_n_extraterritorial,2,0.0546103307732583
AUT,GROUND,part_n_extraterritorial,3,-0.014404371952924384
AUT,GROUND,part_n_extraterritorial,4,0.032049090506901384
AUT,GROUND,part_n_extraterritorial,5,0.1362695220638152
AZE,GROUND,part_n_extraterritorial,0,0.12009890319990918
AZE,GROUND,part_n_extraterritorial,1,-0.20046049427024376
AZE,GROUND,part_n_extraterritorial,2,0.24396737578152272
AZE,GROUND,part_n_extraterritorial,3,-0.05744644597337027
AZE,GROUND,part_n_extraterritorial,4,-0.07734623920851084
AZE,GROUND,part_n_extraterritorial,5,-0.04939328517148401
BDI,GROUND,part_n_extraterritorial,0,-0.25410189930823557
BDI,GROUND,part_n_extraterritorial,1,0.23050559806592072
BDI,GROUND,part_n_extraterritorial,2,-0.2612784283933736
BDI,GROUND,part_n_extraterritorial,3,0.44756473098563376
BDI,GROUND,part_n_extraterritorial,4,-0.1151126691229259
BDI,GROUND,part_n_extraterritorial,5,-0.03197547989971318
BEL,GROUND,part_n_extraterritorial,0,0.03128018798940351
BEL,GROUND,part_n_extraterritorial,1,-0.5255628637533271
BEL,GROUND,part_n_extraterritorial,2,0.31412387114402035
BEL,GROUND,part_n_extraterritorial,3,-0.04120720330040862
BEL,GROUND,part_n_extraterritorial,4,-0.04194391358353306
BEL,GROUND,part_n_extraterritorial,5,0.16909187554815097
BEN,GROUND,part_n_extraterritorial,0,0.10831382128604224
BEN,GROUND,part_n_extraterritorial,1,0.02836503997092865
BEN,GROUND,part_n_extraterritorial,2,-0.11410933927653931
BEN,GROUND,part_n_extraterritorial,3,-0.22539238348873686
BEN,GROUND,part_n_extraterritorial,4,0.13535354066910624
BEN,GROUND,part_n_extraterritorial,5,-0.23538919455460516
BFA,GROUND,part_n_extraterritorial,0,-0.05802394021126184
BFA,GROUND,part_n_extraterritorial,1,-0.2930264358258384
BFA,GROUND,part_n_extraterritorial,2,0.32525721644796507
BFA,GROUND,part_n_extraterritorial,3,-0.19802430619201256
BFA,GROUND,part_n_extraterritorial,4,0.13837042490805668
BFA,GROUND,part_n_extraterritorial,5,-0.06399826943861701
BGD,GROUND,part_n_extraterritorial,0,0.21231892546022393
BGD,GROUND,part_n_extraterritorial,1,0.11245983795565545
BGD,GROUND,part_n_extraterritorial,2,-0.06591227956891828
BGD,GROUND,part_n_extraterritorial,3,0.025674562819673296
BGD,GROUND,part_n_extraterritorial,4,0.11651181904347689
BGD,GROUND,part_n_extraterritorial,5,-0.07123268781603309
BGR,GROUND,part_n_extraterritorial,0,-0.09147304953971308
BGR,GROUND,part_n_extraterritorial,1,-0.03945859501024428
BGR,GROUND,part_n_extraterritorial,2,0.017683939365130328
BGR,GROUND,part_n_extraterritorial,3,-0.015724038523356982
BGR,GROUND,part_n_extraterritorial,4,-0.12992749835164896
BGR,GROUND,part_n_extraterritorial,5,0.22155788773316165
BHR,GROUND,part_n_extraterritorial,0,0.16208359979702444
BHR,GROUND,part_n_extraterritorial,1,-0.37248145080967515
BHR,GROUND,part_n_extraterritorial,2,0.21177010757455622
BHR,GROUND,part_n_extraterritorial,3,-0.260795771408053
BHR,GROUND,part_n_extraterritorial,4,0.39465772978921837
BHR,GROUND,part_n_extraterritorial,5,-0.24553058274317088
BIH,GROUND,part_n_extraterritorial,0,0.035145267676865245
BIH,GROUND,part_n_extraterritorial,1,0.01012647104079014
BIH,GROUND,part_n_extraterritorial,2,0.0068990730138363925
BIH,GROUND,part_n_extraterritorial,3,-0.023065451928706102
BIH,GROUND,part_n_extraterritorial,4,0.02308698007777416
BIH,GROUND,part_n_extraterritorial,5,-0.19724123368829333
BOL,GROUND,part_n_extraterritorial,0,-0.19137953772587962
BOL,GROUND,part_n_extraterritorial,1,-5.5822393280767316e-36
BOL,GROUND,part_n_extraterritorial,2,-7.782905031447466e-35
BOL,GROUND,part_n_extraterritorial,3,-0.10126684673454969
BOL,GROUND,part_n_extraterritorial,4,0.20253369346909936
BOL,GROUND,part_n_extraterritorial,5,-0.29264638446042934
BRA,GROUND,part_n_extraterritorial,0,-0.1151330298527309
BRA,GROUND,part_n_extraterritorial,1,0.03089924252606123
BRA,GROUND,part_n_extraterritorial,2,-0.21371858401929988
BRA,GROUND,part_n_extraterritorial,3,0.21357239789107094
BRA,GROUND,part_n_extraterritorial,4,0.009674419478932507
BRA,GROUND,part_n_extraterritorial,5,0.15399784197028615
BTN,GROUND,part_n_extraterritorial,0,-0.12345485659369483
BTN,GROUND,part_n_extraterritorial,1,0.02769789754334829
BTN,GROUND,part_n_extraterritorial,2,0.48904797079513845
BTN,GROUND,part_n_extraterritorial,3,-0.5773337553573848
BTN,GROUND,part_n_extraterritorial,4,-6.540014041501802e-19
BTN,GROUND,part_n_extraterritorial,5,-5.763804055262708e-19
BWA,GROUND,part_n_extraterritorial,0,0.13403734704835815
BWA,GROUND,part_n_extraterritorial,1,-0.12848328784051904
BWA,GROUND,part_n_extraterritorial,2,0.3031604836290844
BWA,GROUND,part_n_extraterritorial,3,0.15721397878159218
BWA,GROUND,part_n_extraterritorial,4,-0.20596943371736215
BWA,GROUND,part_n_extraterritorial,5,-0.03837336326009518
CAF,GROUND,part_n_extraterritorial,0,-0.09163221734473917
CAF,GROUND,part_n_extraterritorial,1,0.09163221734473917
CAF,GROUND,part_n_extraterritorial,2,0.0
CAF,GROUND,part_n_extraterritorial,3,0.0948156262627437
CAF,GROUND,part_n_extraterritorial,4,-0.1941263943224039
CAF,GROUND,part_n_extraterritorial,5,0.2196006526466294
CAN,GROUND,part_n_extraterritorial,0,-0.256776058477672
CAN,GROUND,part_n_extraterritorial,1,0.24874028414498056
CAN,GROUND,part_n_extraterritorial,2,0.012933243946556209
CAN,GROUND,part_n_extraterritorial,3,0.029541087965845897
CAN,GROUND,part_n_extraterritorial,4,-0.13972872789647928
CAN,GROUND,part_n_extraterritorial,5,0.15007026163492776
CHE,GROUND,part_n_extraterritorial,0,-0.20226160912294078
CHE,GROUND,part_n_extraterritorial,1,-0.01421435795119139
CHE,GROUND,part_n_extraterritorial,2,0.2140035578735179
CHE,GROUND,part_n_extraterritorial,3,-0.1304947556078975
CHE,GROUND,part_n_extraterritorial,4,0.11430070826419014
CHE,GROUND,part_n_extraterritorial,5,-0.01861560748111246
CHN,GROUND,part_n_extraterritorial,0,-4.0548544035868017e-19
CHN,GROUND,part_n_extraterritorial,1,-2.578675549628632e-19
CHN,GROUND,part_n_extraterritorial,2,-3.845415799958777e-20
CHN,GROUND,part_n_extraterritorial,3,2.8938072382968597e-19
CHN,GROUND,part_n_extraterritorial,4,6.719890995914615e-20
CHN,GROUND,part_n_extraterritorial,5,2.1029978707837637e-19
CIV,GROUND,part_n_extraterritorial,0,0.21711958219265887
CIV,GROUND,part_n_extraterritorial,1,-0.210517278871676
CIV,GROUND,part_n_extraterritorial,2,-0.0622171309991544
CIV,GROUND,part_n_extraterritorial,3,-0.08513270137223891
CIV,GROUND,part_n_extraterritorial,4,-0.11313048049887905
CIV,GROUND,part_n_extraterritorial,5,0.23572415126096072
CMR,GROUND,part_n_extraterritorial,0,0.10851493845755543
CMR,GROUND,part_n_extraterritorial,1,-0.0007257863108674923
CMR,GROUND,part_n_extraterritorial,2,0.3138482593783346
CMR,GROUND,part_n_extraterritorial,3,0.07647184498668982
CMR,GROUND,part_n_extraterritorial,4,-0.16440218647441487
CMR,GROUND,part_n_extraterritorial,5,0.06501055158037353
COD,GROUND,part_n_extraterritorial,0,-0.019589496175074227
COD,GROUND,part_n_extraterritorial,1,-0.023681430923087676
COD,GROUND,part_n_extraterritorial,2,-0.3551572071311228
COD,GROUND,part_n_extraterritorial,3,0.22771263572403327
COD,GROUND,part_n_extraterritorial,4,0.13075428623367108
COD,GROUND,part_n_extraterritorial,5,0.2214566058203519
COG,GROUND,part_n_extraterritorial,0,-0.022585542563625795
COG,GROUND,part_n_extraterritorial,1,-0.26836291864541334
COG,GROUND,part_n_extraterritorial,2,0.42062716465923516
COG,GROUND,part_n_extraterritorial,3,-0.44584423362792797
COG,GROUND,part_n_extraterritorial,4,0.4077910570357473
COG,GROUND,part_n_extraterritorial,5,-0.3621665327201484
COL,GROUND,part_n_extraterritorial,0,0.26921842523477346
COL,GROUND,part_n_extraterritorial,1,0.038518796393675184
COL,GROUND,part_n_extraterritorial,2,-0.13564834467379416
COL,GROUND,part_n_extraterritorial,3,-0.23030008131061055
COL,GROUND,part_n_extraterritorial,4,0.4237374844058854
COL,GROUND,part_n_extraterritorial,5,-0.20048187910677875
CZE,GROUND,part_n_extraterritorial,0,0.17649314995249543
CZE,GROUND,part_n_extraterritorial,1,-0.29325668394483845
CZE,GROUND,part_n_extraterritorial,2,-0.22693295835334057
CZE,GROUND,part_n_extraterritorial,3,0.2748889864822705
CZE,GROUND,part_n_extraterritorial,4,-0.20377204618152603
CZE,GROUND,part_n_extraterritorial,5,0.05206229205984085
DEU,GROUND,part_n_extraterritorial,0,-0.20755629417217103
DEU,GROUND,part_n_extraterritorial,1,0.12609539878613857
DEU,GROUND,part_n_extraterritorial,2,0.0026086765721021433
DEU,GROUND,part_n_extraterritorial,3,0.043424853006025325
DEU,GROUND,part_n_extraterritorial,4,-0.05301299686334057
DEU,GROUND,part_n_extraterritorial,5,-0.0030172336637140636
DJI,GROUND,part_n_extraterritorial,0,0.01391882496631124
DJI,GROUND,part_n_extraterritorial,1,0.05987287083671991
DJI,GROUND,part_n_extraterritorial,2,0.21356572692864734
DJI,GROUND,part_n_extraterritorial,3,-0.3048115978836624
DJI,GROUND,part_n_extraterritorial,4,0.12186846880809947
DJI,GROUND,part_n_extraterritorial,5,-0.0004525930285007961
DNK,GROUND,part_n_extraterritorial,0,0.10807599241095193
DNK,GROUND,part_n_extraterritorial,1,0.30340732507842627
DNK,GROUND,part_n_extraterritorial,2,-0.16226015099116672
DNK,GROUND,part_n_extraterritorial,3,-0.11962949753688663
DNK,GROUND,part_n_extraterritorial,4,0.0478944754949006
DNK,GROUND,part_n_extraterritorial,5,-0.11643631025037282
DOM,GROUND,part_n_extraterritorial,0,0.0
DOM,GROUND,part_n_extraterritorial,1,7.421054307050571e-19
ECU,GROUND,part_n_extraterritorial,0,-0.4154192454315481
ECU,GROUND,part_n_extraterritorial,1,-7.252058714566035e-19
ECU,GROUND,part_n_extraterritorial,2,0.0
ECU,GROUND,part_n_extraterritorial,3,0.0
ECU,GROUND,part_n_extraterritorial,4,0.0
ECU,GROUND,part_n_extraterritorial,5,0.0
EGY,GROUND,part_n_extraterritorial,0,0.19710401423248672
EGY,GROUND,part_n_extraterritorial,1,0.06512807603290788
EGY,GROUND,part_n_extraterritorial,2,-0.005934354931079381
EGY,GROUND,part_n_extraterritorial,3,0.40168379700542867
EGY,GROUND,part_n_extraterritorial,4,-0.437993601211953
EGY,GROUND,part_n_extraterritorial,5,0.09599658415426127
ERI,GROUND,part_n_extraterritorial,0,-0.3496306803812533
ERI,GROUND,part_n_extraterritorial,1,0.37186718663686286
ERI,GROUND,part_n_extraterritorial,2,0.027964140641363974
ERI,GROUND,part_n_extraterritorial,3,-0.14259848930653027
ERI,GROUND,part_n_extraterritorial,4,0.0
ERI,GROUND,part_n_extraterritorial,5,0.0
ESP,GROUND,part_n_extraterritorial,0,0.037960291674408966
ESP,GROUND,part_n_extraterritorial,1,0.02486192777383305
ESP,GROUND,part_n_extraterritorial,2,-0.16483787233544528
ESP,GROUND,part_n_extraterritorial,3,0.08274482308241723
ESP,GROUND,part_n_extraterritorial,4,0.07202607272725449
ESP,GROUND,part_n_extraterritorial,5,-0.380309083870431
EST,GROUND,part_n_extraterritorial,0,-0.15099115765902463
EST,GROUND,part_n_extraterritorial,1,0.26914896507393743
EST,GROUND,part_n_extraterritorial,2,-0.0015246923820807416
EST,GROUND,part_n_extraterritorial,3,-0.06761707544148156
EST,GROUND,part_n_extraterritorial,4,0.28834266459192226
EST,GROUND,part_n_extraterritorial,5,-0.2378364311144321
ETH,GROUND,part_n_extraterritorial,0,-0.36844364674606467
ETH,GROUND,part_n_extraterritorial,1,0.020628795909516263
ETH,GROUND,part_n_extraterritorial,2,-0.10795775952658988
ETH,GROUND,part_n_extraterritorial,3,-0.13197226635136755
ETH,GROUND,part_n_extraterritorial,4,0.11539001103541939
ETH,GROUND,part_n_extraterritorial,5,0.06120280948911898
FIN,GROUND,part_n_extraterritorial,0,0.03704313346305309
FIN,GROUND,part_n_extraterritorial,1,-0.2921417071408022
FIN,GROUND,part_n_extraterritorial,2,0.24854100414238411
FIN,GROUND,part_n_extraterritorial,3,0.05461455501845137
FIN,GROUND,part_n_extraterritorial,4,0.1636985600382453
FIN,GROUND,part_n_extraterritorial,5,-0.2316990272382748
FRA,GROUND,part_n_extraterritorial,0,-0.3030073424769711
FRA,GROUND,part_n_extraterritorial,1,0.39023266460021794
FRA,GROUND,part_n_extraterritorial,2,-0.15316981076769737
FRA,GROUND,part_n_extraterritorial,3,-0.05142719008739536
FRA,GROUND,part_n_extraterritorial,4,-0.18489130956611066
FRA,GROUND,part_n_extraterritorial,5,0.03392720880386717
GAB,GROUND,part_n_extraterritorial,0,-0.3072399161922613
GAB,GROUND,part_n_extraterritorial,1,-0.02336071569097176
GAB,GROUND,part_n_extraterritorial,2,0.17886836417245863
GAB,GROUND,part_n_extraterritorial,3,-0.025723532658825574
GAB,GROUND,part_n_extraterritorial,4,-0.14427514229467148
GAB,GROUND,part_n_extraterritorial,5,0.2903924964645227
GBR,GROUND,part_n_extraterritorial,0,0.0681998825762111
GBR,GROUND,part_n_extraterritorial,1,-0.1013104274362528
GBR,GROUND,part_n_extraterritorial,2,-0.04094659845912208
GBR,GROUND,part_n_extraterritorial,3,0.016884508374530316
GBR,GROUND,part_n_extraterritorial,4,-0.0578286902518246
GBR,GROUND,part_n_extraterritorial,5,-0.22217978927133117
GEO,GROUND,part_n_extraterritorial,0,0.39193209461768835
GEO,GROUND,part_n_extraterritorial,1,0.029669586240199254
GEO,GROUND,part_n_extraterritorial,2,-0.38575765573421666
GEO,GROUND,part_n_extraterritorial,3,0.21221281979774356
GEO,GROUND,part_n_extraterritorial,4,0.2319799941852649
GEO,GROUND,part_n_extraterritorial,5,-0.03526698065807864
GHA,GROUND,part_n_extraterritorial,0,0.1927275894743363
GHA,GROUND,part_n_extraterritorial,1,0.014116500832852916
GHA,GROUND,part_n_extraterritorial,2,-0.28201800036613867
GHA,GROUND,part_n_extraterritorial,3,0.0811292673086597
GHA,GROUND,part_n_extraterritorial,4,0.20964171837627563
GHA,GROUND,part_n_extraterritorial,5,-0.07850434919636283
GIN,GROUND,part_n_extraterritorial,0,-0.49005346088435775
GIN,GROUND,part_n_extraterritorial,1,0.06939343690991638
GIN,GROUND,part_n_extraterritorial,2,-0.05995819477521652
GIN,GROUND,part_n_extraterritorial,3,0.039255141402467345
GIN,GROUND,part_n_extraterritorial,4,0.12381248092931506
GIN,GROUND,part_n_extraterritorial,5,-0.11319157943075449
GMB,GROUND,part_n_extraterritorial,0,-0.11027006825884793
GMB,GROUND,part_n_extraterritorial,1,0.37762594044497955
GMB,GROUND,part_n_extraterritorial,2,-0.46800260915827113
GNB,GROUND,part_n_extraterritorial,0,0.0
GNB,GROUND,part_n_extraterritorial,1,0.0
GNB,GROUND,part_n_extraterritorial,2,0.0
GNB,GROUND,part_n_extraterritorial,3,0.0
GNB,GROUND,part_n_extraterritorial,4,0.0
GNB,GROUND,part_n_extraterritorial,5,0.0
GRC,GROUND,part_n_extraterritorial,0,0.04527459726025946
GRC,GROUND,part_n_extraterritorial,1,-0.15356501168841652
GRC,GROUND,part_n_extraterritorial,2,0.0011387699658828325
GRC,GROUND,part_n_extraterritorial,3,-0.0969771624368152
GRC,GROUND,part_n_extraterritorial,4,0.2843355131318363
GRC,GROUND,part_n_extraterritorial,5,0.017306090628711628
GTM,GROUND,part_n_extraterritorial,0,0.30475221029423144
GTM,GROUND,part_n_extraterritorial,1,-0.5926595952295006
HRV,GROUND,part_n_extraterritorial,0,-0.16782931086503908
HRV,GROUND,part_n_extraterritorial,1,-0.0940601671981378
HRV,GROUND,part_n_extraterritorial,2,0.18986777222296072
HRV,GROUND,part_n_extraterritorial,3,-0.02955100292475463
HRV,GROUND,part_n_extraterritorial,4,-0.015305352224870073
HRV,GROUND,part_n_extraterritorial,5,-0.19479249435895316
HUN,GROUND,part_n_extraterritorial,0,0.3220351476920549
HUN,GROUND,part_n_extraterritorial,1,-0.06717755950097373
HUN,GROUND,part_n_extraterritorial,2,-0.06939660887313107
HUN,GROUND,part_n_extraterritorial,3,0.25356152404242754
HUN,GROUND,part_n_extraterritorial,4,-0.1688727101248635
HUN,GROUND,part_n_extraterritorial,5,-0.07552153525478693
IDN,GROUND,part_n_extraterritorial,0,0.09675801844784465
IDN,GROUND,part_n_extraterritorial,1,-0.06276941374805796
IDN,GROUND,part_n_extraterritorial,2,-0.1776401736644262
IDN,GROUND,part_n_extraterritorial,3,0.23223390261101673
IDN,GROUND,part_n_extraterritorial,4,-0.04236566651189599
IDN,GROUND,part_n_extraterritorial,5,0.13013884970805287
IRL,GROUND,part_n_extraterritorial,0,0.30287177786349184
IRL,GROUND,part_n_extraterritorial,1,-0.20602851664692215
IRL,GROUND,part_n_extraterritorial,2,-0.12304037539096337
IRL,GROUND,part_n_extraterritorial,3,0.17860192726421276
IRL,GROUND,part_n_extraterritorial,4,0.13864019591075
IRL,GROUND,part_n_extraterritorial,5,-0.30186547907992184
IRN,GROUND,part_n_extraterritorial,0,0.17618079999462452
IRN,GROUND,part_n_extraterritorial,1,0.04952265595809851
IRN,GROUND,part_n_extraterritorial,2,0.016315834946180025
IRN,GROUND,part_n_extraterritorial,3,-0.11174502098556982
IRN,GROUND,part_n_extraterritorial,4,0.020954249573353623
IRN,GROUND,part_n_extraterritorial,5,-0.16274384065279784
ITA,GROUND,part_n_extraterritorial,0,-0.10901528735491733
ITA,GROUND,part_n_extraterritorial,1,0.13704346494973066
ITA,GROUND,part_n_extraterritorial,2,-0.30496574665752135
ITA,GROUND,part_n_extraterritorial,3,0.23719570000579995
ITA,GROUND,part_n_extraterritorial,4,-0.04446351197369459
ITA,GROUND,part_n_extraterritorial,5,-0.03885420479368947
JOR,GROUND,part_n_extraterritorial,0,-0.12264459600944026
JOR,GROUND,part_n_extraterritorial,1,-0.050897106869704445
JOR,GROUND,part_n_extraterritorial,2,0.04552112767802037
JOR,GROUND,part_n_extraterritorial,3,0.2625744023475053
JOR,GROUND,part_n_extraterritorial,4,-0.1982986893413553
JOR,GROUND,part_n_extraterritorial,5,-0.2423656808351164
JPN,GROUND,part_n_extraterritorial,0,0.06403786504980039
JPN,GROUND,part_n_extraterritorial,1,-0.025093534779202186
JPN,GROUND,part_n_extraterritorial,2,-0.041573556401834674
JPN,GROUND,part_n_extraterritorial,3,0.06420115456284148
JPN,GROUND,part_n_extraterritorial,4,0.0011281349183869817
JPN,GROUND,part_n_extraterritorial,5,-0.011014935041895251
KAZ,GROUND,part_n_extraterritorial,0,0.30134922763843514
KAZ,GROUND,part_n_extraterritorial,1,-0.29705079840269655
KAZ,GROUND,part_n_extraterritorial,2,-0.17803449451158607
KAZ,GROUND,part_n_extraterritorial,3,0.22643410572710423
KAZ,GROUND,part_n_extraterritorial,4,-0.24285362329433863
KAZ,GROUND,part_n_extraterritorial,5,-0.016714916243989273
KEN,GROUND,part_n_extraterritorial,0,0.07372877186428416
KEN,GROUND,part_n_extraterritorial,1,-0.045854684453665286
KEN,GROUND,part_n_extraterritorial,2,0.0598836384935283
KEN,GROUND,part_n_extraterritorial,3,0.12653969058766945
KEN,GROUND,part_n_extraterritorial,4,-0.10833963666351554
KEN,GROUND,part_n_extraterritorial,5,-0.17622787221478176
KGZ,GROUND,part_n_extraterritorial,0,0.0
KGZ,GROUND,part_n_extraterritorial,1,0.0
KGZ,GROUND,part_n_extraterritorial,2,0.0
KGZ,GROUND,part_n_extraterritorial,3,0.0
KGZ,GROUND,part_n_extraterritorial,4,0.0
KGZ,GROUND,part_n_extraterritorial,5,0.0
KHM,GROUND,part_n_extraterritorial,0,-0.07896708515154487
KHM,GROUND,part_n_extraterritorial,1,0.4303285523328427
KHM,GROUND,part_n_extraterritorial,2,-0.353988948917474
KHM,GROUND,part_n_extraterritorial,3,0.28572193773996457
KHM,GROUND,part_n_extraterritorial,4,-0.19115428730471593
KHM,GROUND,part_n_extraterritorial,5,0.3199550383429395
KOR,GROUND,part_n_extraterritorial,0,-0.17948668513359992
KOR,GROUND,part_n_extraterritorial,1,0.05739282582996063
KOR,GROUND,part_n_extraterritorial,2,0.10402035319796066
KOR,GROUND,part_n_extraterritorial,3,0.013489638097636496
KOR,GROUND,part_n_extraterritorial,4,0.11074893066727524
KOR,GROUND,part_n_extraterritorial,5,0.24208106350065292
KWT,GROUND,part_n_extraterritorial,0,-0.08242666944616432
KWT,GROUND,part_n_extraterritorial,1,0.06893192618574967
KWT,GROUND,part_n_extraterritorial,2,0.1430990334374628
KWT,GROUND,part_n_extraterritorial,3,-0.16723288546072354
KWT,GROUND,part_n_extraterritorial,4,-0.12640497562754643
KWT,GROUND,part_n_extraterritorial,5,0.36972538741999644
LBR,GROUND,part_n_extraterritorial,0,0.3562465590928912
LBR,GROUND,part_n_extraterritorial,1,-0.491716099316474
LBR,GROUND,part_n_extraterritorial,2,0.0
LBR,GROUND,part_n_extraterritorial,3,0.0
LBR,GROUND,part_n_extraterritorial,4,0.37079637491357
LBR,GROUND,part_n_extraterritorial,5,-0.5333497622846175
LBY,GROUND,part_n_extraterritorial,0,0.0
LBY,GROUND,part_n_extraterritorial,1,0.0
LBY,GROUND,part_n_extraterritorial,2,0.0
LBY,GROUND,part_n_extraterritorial,3,0.0
LBY,GROUND,part_n_extraterritorial,4,-9.475304874342286e-20
LBY,GROUND,part_n_extraterritorial,5,-3.411303696043324e-19
LKA,GROUND,part_n_extraterritorial,0,2.2450000804342374e-18
LKA,GROUND,part_n_extraterritorial,1,2.520973305759787e-19
LKA,GROUND,part_n_extraterritorial,2,-4.641993929815691e-19
LKA,GROUND,part_n_extraterritorial,3,-2.0294815815899945e-18
LKA,GROUND,part_n_extraterritorial,4,7.242857603889225e-19
LKA,GROUND,part_n_extraterritorial,5,-0.09095442124032126
LSO,GROUND,part_n_extraterritorial,0,-1.114627620728749e-18
LSO,GROUND,part_n_extraterritorial,1,-7.912245978224795e-19
LSO,GROUND,part_n_extraterritorial,2,1.24531001751973e-18
LSO,GROUND,part_n_extraterritorial,3,-8.239335647098742e-19
LSO,GROUND,part_n_extraterritorial,4,6.634902282867302e-19
LSO,GROUND,part_n_extraterritorial,5,8.153465888665847e-19
LTU,GROUND,part_n_extraterritorial,0,0.31626791649360075
LTU,GROUND,part_n_extraterritorial,1,-0.311664474212352
LTU,GROUND,part_n_extraterritorial,2,0.23766982161078823
LTU,GROUND,part_n_extraterritorial,3,0.073914395998203
LTU,GROUND,part_n_extraterritorial,4,-0.06778156535443405
LTU,GROUND,part_n_extraterritorial,5,0.011706867588305562
LUX,GROUND,part_n_extraterritorial,0,0.2137879969083261
LUX,GROUND,part_n_extraterritorial,1,-0.05559697255533467
LUX,GROUND,part_n_extraterritorial,2,-0.2165694261411645
LUX,GROUND,part_n_extraterritorial,3,0.22491914616260503
LUX,GROUND,part_n_extraterritorial,4,0.1696272493253343
LUX,GROUND,part_n_extraterritorial,5,-0.10410985305986202
LVA,GROUND,part_n_extraterritorial,0,0.004991764091465717
LVA,GROUND,part_n_extraterritorial,1,0.11832838794523887
LVA,GROUND,part_n_extraterritorial,2,-0.20043003794931727
LVA,GROUND,part_n_extraterritorial,3,0.16935760261732508
LVA,GROUND,part_n_extraterritorial,4,-0.07116408410978634
LVA,GROUND,part_n_extraterritorial,5,0.37406961511539844
MAR,GROUND,part_n_extraterritorial,0,-0.0455043517521543
MAR,GROUND,part_n_extraterritorial,1,-0.0054898058743478645
MAR,GROUND,part_n_extraterritorial,2,0.16732092532782775
MAR,GROUND,part_n_extraterritorial,3,-0.3294288925498343
MAR,GROUND,part_n_extraterritorial,4,-0.010524524358531287
MAR,GROUND,part_n_extraterritorial,5,0.32363076945880276
MDA,GROUND,part_n_extraterritorial,0,-0.08290157540874965
MDA,GROUND,part_n_extraterritorial,1,-1.6305540308285288e-20
MDA,GROUND,part_n_extraterritorial,2,3.5605592190762535e-34
MDA,GROUND,part_n_extraterritorial,3,0.0
MDA,GROUND,part_n_extraterritorial,4,2.187881423856307e-34
MDA,GROUND,part_n_extraterritorial,5,-7.234436558158059e-35
MDG,GROUND,part_n_extraterritorial,0,0.19692676994191813
MDG,GROUND,part_n_extraterritorial,1,0.15770543677322543
MDG,GROUND,part_n_extraterritorial,2,-0.2947619283906153
MDG,GROUND,part_n_extraterritorial,3,0.0
MDG,GROUND,part_n_extraterritorial,4,-5.60307728881816e-19
MEX,GROUND,part_n_extraterritorial,0,-0.22729386487656916
MEX,GROUND,part_n_extraterritorial,1,-0.3828050837026244
MEX,GROUND,part_n_extraterritorial,2,-4.1887605998804497e-35
MEX,GROUND,part_n_extraterritorial,3,0.10955596286489866
MEX,GROUND,part_n_extraterritorial,4,0.009577204719405258
MEX,GROUND,part_n_extraterritorial,5,-0.06313257900053276
MKD,GROUND,part_n_extraterritorial,0,-0.010422887940634208
MKD,GROUND,part_n_extraterritorial,1,0.02157291259882567
MKD,GROUND,part_n_extraterritorial,2,-0.5182289921135762
MKD,GROUND,part_n_extraterritorial,3,0.15729975711006328
MKD,GROUND,part_n_extraterritorial,4,-0.34186227097345934
MKD,GROUND,part_n_extraterritorial,5,0.22320501703335813
MLI,GROUND,part_n_extraterritorial,0,0.15109140861051598
MLI,GROUND,part_n_extraterritorial,1,-0.05993005866417341
MLI,GROUND,part_n_extraterritorial,2,0.31112479588701164
MLI,GROUND,part_n_extraterritorial,3,-0.1767725861888588
MLI,GROUND,part_n_extraterritorial,4,-0.29110941721084177
MLI,GROUND,part_n_extraterritorial,5,0.40078945337235583
MNE,GROUND,part_n_extraterritorial,0,-0.1146122998733979
MNE,GROUND,part_n_extraterritorial,1,0.0
MNE,GROUND,part_n_extraterritorial,2,-2.642073310313665e-20
MNE,GROUND,part_n_extraterritorial,3,0.0
MNE,GROUND,part_n_extraterritorial,4,-1.6221330156574853e-19
MNE,GROUND,part_n_extraterritorial,5,0.0
MNG,GROUND,part_n_extraterritorial,0,-0.3081027633171339
MNG,GROUND,part_n_extraterritorial,1,0.1265269672679887
MNG,GROUND,part_n_extraterritorial,2,0.12037799866254233
MNG,GROUND,part_n_extraterritorial,3,-0.13601143258895895
MNG,GROUND,part_n_extraterritorial,4,-0.04763004970757773
MNG,GROUND,part_n_extraterritorial,5,0.0
MRT,GROUND,part_n_extraterritorial,0,-0.2017186395165701
MRT,GROUND,part_n_extraterritorial,1,-0.08269415798615799
MRT,GROUND,part_n_extraterritorial,2,-0.10353109572608282
MRT,GROUND,part_n_extraterritorial,3,0.20782011175708745
MRT,GROUND,part_n_extraterritorial,4,-0.05801088600108153
MRT,GROUND,part_n_extraterritorial,5,0.1774918113266079
MWI,GROUND,part_n_extraterritorial,0,0.13989958377478948
MWI,GROUND,part_n_extraterritorial,1,-0.06018895353786258
MWI,GROUND,part_n_extraterritorial,2,-0.06360491267222779
MWI,GROUND,part_n_extraterritorial,3,-0.12705722650209417
MWI,GROUND,part_n_extraterritorial,4,-0.07571412399719736
MWI,GROUND,part_n_extraterritorial,5,0.36873450532645247
MYS,GROUND,part_n_extraterritorial,0,-0.03451853956010368
MYS,GROUND,part_n_extraterritorial,1,-0.024278652114882976
MYS,GROUND,part_n_extraterritorial,2,-0.0391563619770975
MYS,GROUND,part_n_extraterritorial,3,0.4489137818942851
MYS,GROUND,part_n_extraterritorial,4,0.027846090824546435
MYS,GROUND,part_n_extraterritorial,5,-0.2446427395257614
NAM,GROUND,part_n_extraterritorial,0,0.2015229491784658
NAM,GROUND,part_n_extraterritorial,1,0.07269662676787915
NAM,GROUND,part_n_extraterritorial,2,0.07269662676787916
NAM,GROUND,part_n_extraterritorial,3,0.02976351397126112
NAM,GROUND,part_n_extraterritorial,4,0.07269662676787916
NAM,GROUND,part_n_extraterritorial,5,-0.17515676750701947
NER,GROUND,part_n_extraterritorial,0,0.34273393578260103
NER,GROUND,part_n_extraterritorial,1,-0.061202009270899464
NER,GROUND,part_n_extraterritorial,2,-0.15847615483850072
NER,GROUND,part_n_extraterritorial,3,-0.050864379737769916
NER,GROUND,part_n_extraterritorial,4,0.1745007995624524
NER,GROUND,part_n_extraterritorial,5,-0.11285224965263026
NGA,GROUND,part_n_extraterritorial,0,0.14637212697783739
NGA,GROUND,part_n_extraterritorial,1,0.05593851877605574
NGA,GROUND,part_n_extraterritorial,2,-0.07297091890401727
NGA,GROUND,part_n_extraterritorial,3,-0.11624320558515915
NGA,GROUND,part_n_extraterritorial,4,-0.29027508371540794
NGA,GROUND,part_n_extraterritorial,5,0.36625469671352084
NIC,GROUND,part_n_extraterritorial,0,0.0
NIC,GROUND,part_n_extraterritorial,1,0.0
NIC,GROUND,part_n_extraterritorial,2,0.0
NIC,GROUND,part_n_extraterritorial,3,0.0
NIC,GROUND,part_n_extraterritorial,4,0.0
NIC,GROUND,part_n_extraterritorial,5,0.0
NLD,GROUND,part_n_extraterritorial,0,0.003491903465468225
NLD,GROUND,part_n_extraterritorial,1,-0.08783322523635968
NLD,GROUND,part_n_extraterritorial,2,-0.17709108637223622
NLD,GROUND,part_n_extraterritorial,3,-0.10509709780336547
NLD,GROUND,part_n_extraterritorial,4,0.13222872169133176
NLD,GROUND,part_n_extraterritorial,5,0.07472888662311089
NOR,GROUND,part_n_extraterritorial,0,-0.07823576103693104
NOR,GROUND,part_n_extraterritorial,1,-0.10647715069606097
NOR,GROUND,part_n_extraterritorial,2,-0.11202377990758326
NOR,GROUND,part_n_extraterritorial,3,0.3722831145337763
NOR,GROUND,part_n_extraterritorial,4,-0.1002106179506342
NOR,GROUND,part_n_extraterritorial,5,-0.12424247933748382
NPL,GROUND,part_n_extraterritorial,0,-0.19158152410300885
NPL,GROUND,part_n_extraterritorial,1,-0.14340651741700958
NPL,GROUND,part_n_extraterritorial,2,0.33203524831315145
NPL,GROUND,part_n_extraterritorial,3,-0.09134832443418857
NPL,GROUND,part_n_extraterritorial,4,0.09164789086891423
NPL,GROUND,part_n_extraterritorial,5,-0.10134355763175834
NZL,GROUND,part_n_extraterritorial,0,0.21773361461004886
NZL,GROUND,part_n_extraterritorial,1,-0.1989204750450222
NZL,GROUND,part_n_extraterritorial,2,-0.19101320612151668
NZL,GROUND,part_n_extraterritorial,3,0.08284907954290643
NZL,GROUND,part_n_extraterritorial,4,0.002810010181760075
NZL,GROUND,part_n_extraterritorial,5,0.09125633517651494
OMN,GROUND,part_n_extraterritorial,0,-0.23373110096623576
OMN,GROUND,part_n_extraterritorial,1,0.4674622019324716
OMN,GROUND,part_n_extraterritorial,2,-0.33567073798621194
PAK,GROUND,part_n_extraterritorial,0,-0.21347012250859337
PAK,GROUND,part_n_extraterritorial,1,-0.1777908903802664
PAK,GROUND,part_n_extraterritorial,2,-0.09630049724222202
PAK,GROUND,part_n_extraterritorial,3,-0.13918892639179706
PAK,GROUND,part_n_extraterritorial,4,-0.07436005009396125
PAK,GROUND,part_n_extraterritorial,5,0.2396762163063505
PER,GROUND,part_n_extraterritorial,0,-0.09719493814083985
PER,GROUND,part_n_extraterritorial,1,-0.599338873351333
PER,GROUND,part_n_extraterritorial,2,0.47603270187290914
PER,GROUND,part_n_extraterritorial,3,0.04290043945253293
PER,GROUND,part_n_extraterritorial,4,-0.2279441333898602
PER,GROUND,part_n_extraterritorial,5,0.3147800185350885
PHL,GROUND,part_n_extraterritorial,0,0.17721461163048277
PHL,GROUND,part_n_extraterritorial,1,-0.15449579773476244
PHL,GROUND,part_n_extraterritorial,2,-0.0869678889089457
PHL,GROUND,part_n_extraterritorial,3,0.19110330741125955
PHL,GROUND,part_n_extraterritorial,4,-0.16868761758870304
PHL,GROUND,part_n_extraterritorial,5,0.10634480838324517
POL,GROUND,part_n_extraterritorial,0,-0.10506952790074876
POL,GROUND,part_n_extraterritorial,1,0.07636628650768233
POL,GROUND,part_n_extraterritorial,2,0.1766818575782418
POL,GROUND,part_n_extraterritorial,3,-0.25493556700335906
POL,GROUND,part_n_extraterritorial,4,0.33406871108231884
POL,GROUND,part_n_extraterritorial,5,-0.2507973154271022
PRK,GROUND,part_n_extraterritorial,0,0.03845840904634055
PRK,GROUND,part_n_extraterritorial,1,0.03963599598565528
PRK,GROUND,part_n_extraterritorial,2,0.04088797988778304
PRK,GROUND,part_n_extraterritorial,3,0.04222164148773131
PRK,GROUND,part_n_extraterritorial,4,0.04364524364273781
PRK,GROUND,part_n_extraterritorial,5,0.04516820272584201
PRT,GROUND,part_n_extraterritorial,0,-0.16179000219728365
PRT,GROUND,part_n_extraterritorial,1,0.19960989727365874
PRT,GROUND,part_n_extraterritorial,2,-0.18735578706008837
PRT,GROUND,part_n_extraterritorial,3,0.10298846659340519
PRT,GROUND,part_n_extraterritorial,4,0.09832570003601009
PRT,GROUND,part_n_extraterritorial,5,-0.3806483981265329
PRY,GROUND,part_n_extraterritorial,0,0.0
PRY,GROUND,part_n_extraterritorial,1,0.0
PRY,GROUND,part_n_extraterritorial,2,-0.35355339059327373
PRY,GROUND,part_n_extraterritorial,3,0.3535533905932738
PRY,GROUND,part_n_extraterritorial,4,0.35355339059327373
PRY,GROUND,part_n_extraterritorial,5,-0.35355339059327373
QAT,GROUND,part_n_extraterritorial,0,0.3725820790173883
QAT,GROUND,part_n_extraterritorial,1,-0.2459046318815509
QAT,GROUND,part_n_extraterritorial,2,-0.04578481077520556
QAT,GROUND,part_n_extraterritorial,3,-0.26336265383514945
QAT,GROUND,part_n_extraterritorial,4,0.20477216541518573
QAT,GROUND,part_n_extraterritorial,5,-0.053344041948151524
ROU,GROUND,part_n_extraterritorial,0,0.30333442307036285
ROU,GROUND,part_n_extraterritorial,1,-0.256894005212119
ROU,GROUND,part_n_extraterritorial,2,-0.032696865591960486
ROU,GROUND,part_n_extraterritorial,3,0.22835368869933687
ROU,GROUND,part_n_extraterritorial,4,-0.6675427139016071
ROU,GROUND,part_n_extraterritorial,5,0.5857908974405814
RUS,GROUND,part_n_extraterritorial,0,0.31507517941635554
RUS,GROUND,part_n_extraterritorial,1,-0.055291263147752914
RUS,GROUND,part_n_extraterritorial,2,-0.03843781100255498
RUS,GROUND,part_n_extraterritorial,3,0.11581952064264525
RUS,GROUND,part_n_extraterritorial,4,-0.021497492823427656
RUS,GROUND,part_n_extraterritorial,5,0.011310937411421286
RWA,GROUND,part_n_extraterritorial,0,0.27345719593015405
RWA,GROUND,part_n_extraterritorial,1,0.14133118498134437
RWA,GROUND,part_n_extraterritorial,2,0.1684173495480455
RWA,GROUND,part_n_extraterritorial,3,-0.2942693684575228
RWA,GROUND,part_n_extraterritorial,4,-0.4251900208836657
RWA,GROUND,part_n_extraterritorial,5,0.2852218219844725
SAU,GROUND,part_n_extraterritorial,0,-0.1133121953656193
SAU,GROUND,part_n_extraterritorial,1,0.42138397525302373
SAU,GROUND,part_n_extraterritorial,2,-0.16464348969212528
SAU,GROUND,part_n_extraterritorial,3,0.027399876623315958
SAU,GROUND,part_n_extraterritorial,4,0.08375722722961193
SAU,GROUND,part_n_extraterritorial,5,-0.13516258866497682
SDN,GROUND,part_n_extraterritorial,0,0.035823760199730444
SDN,GROUND,part_n_extraterritorial,1,0.002607094667006157
SDN,GROUND,part_n_extraterritorial,2,-0.07142026871357612
SDN,GROUND,part_n_extraterritorial,3,-0.0949539394790095
SDN,GROUND,part_n_extraterritorial,4,0.2142016858976784
SDN,GROUND,part_n_extraterritorial,5,-0.2175289819739945
SEN,GROUND,part_n_extraterritorial,0,-0.05539121081293586
SEN,GROUND,part_n_extraterritorial,1,-0.014521796824952407
SEN,GROUND,part_n_extraterritorial,2,-0.27213937123972254
SEN,GROUND,part_n_extraterritorial,3,0.0658806177080233
SEN,GROUND,part_n_extraterritorial,4,0.16552396755495946
SEN,GROUND,part_n_extraterritorial,5,0.24394043072056018
SGP,GROUND,part_n_extraterritorial,0,0.0007734082809582112
SGP,GROUND,part_n_extraterritorial,1,0.2627029001246374
SGP,GROUND,part_n_extraterritorial,2,0.2617179986210544
SGP,GROUND,part_n_extraterritorial,3,-0.023572082754817904
SGP,GROUND,part_n_extraterritorial,4,-0.3085662411082964
SGP,GROUND,part_n_extraterritorial,5,0.0531533840075094
SLE,GROUND,part_n_extraterritorial,0,-0.18403829013387668
SLE,GROUND,part_n_extraterritorial,1,-0.06171370004990386
SLE,GROUND,part_n_extraterritorial,2,0.37766569938004774
SLE,GROUND,part_n_extraterritorial,3,-0.22212979770084298
SLE,GROUND,part_n_extraterritorial,4,0.1446486463390136
SLE,GROUND,part_n_extraterritorial,5,-0.17739315351814708
SLV,GROUND,part_n_extraterritorial,0,0.06303480712222223
SLV,GROUND,part_n_extraterritorial,1,-0.28361633708798606
SLV,GROUND,part_n_extraterritorial,2,0.09700960129344632
SLV,GROUND,part_n_extraterritorial,3,0.22700676175112952
SLV,GROUND,part_n_extraterritorial,4,0.01983110589505841
SLV,GROUND,part_n_extraterritorial,5,-0.25509017937509726
SRB,GROUND,part_n_extraterritorial,0,0.02574321125145976
SRB,GROUND,part_n_extraterritorial,1,-0.3910349137557903
SRB,GROUND,part_n_extraterritorial,2,0.015720133038698354
SRB,GROUND,part_n_extraterritorial,3,0.4456458570069431
SRB,GROUND,part_n_extraterritorial,4,0.032490801558395434
SRB,GROUND,part_n_extraterritorial,5,-0.018332611206939336
SSD,GROUND,part_n_extraterritorial,0,0.2390864725435253
SSD,GROUND,part_n_extraterritorial,1,0.21127925042786228
SSD,GROUND,part_n_extraterritorial,2,-0.3249538613495348
SSD,GROUND,part_n_extraterritorial,3,0.07003235148494891
SSD,GROUND,part_n_extraterritorial,4,0.1397102020290468
SSD,GROUND,part_n_extraterritorial,5,-0.21593677565059813
SVK,GROUND,part_n_extraterritorial,0,-0.11985405742980808
SVK,GROUND,part_n_extraterritorial,1,0.11172552666849528
SVK,GROUND,part_n_extraterritorial,2,0.0918491352881071
SVK,GROUND,part_n_extraterritorial,3,-0.20169124439354294
SVK,GROUND,part_n_extraterritorial,4,0.07472640457377493
SVK,GROUND,part_n_extraterritorial,5,0.05468959718259111
SVN,GROUND,part_n_extraterritorial,0,0.0019082444757870679
SVN,GROUND,part_n_extraterritorial,1,-0.030259382155706026
SVN,GROUND,part_n_extraterritorial,2,-0.007477426369141913
SVN,GROUND,part_n_extraterritorial,3,0.02408542914274371
SVN,GROUND,part_n_extraterritorial,4,0.3280337111714596
SVN,GROUND,part_n_extraterritorial,5,-0.1531318061596289
SWE,GROUND,part_n_extraterritorial,0,0.2703802941601858
SWE,GROUND,part_n_extraterritorial,1,-0.22457980306870204
SWE,GROUND,part_n_extraterritorial,2,0.05581156865260925
SWE,GROUND,part_n_extraterritorial,3,-0.09777039912920807
SWE,GROUND,part_n_extraterritorial,4,-0.25394392983846703
SWE,GROUND,part_n_extraterritorial,5,0.15985326743747166
SYR,GROUND,part_n_extraterritorial,0,0.2732192104635072
SYR,GROUND,part_n_extraterritorial,1,-0.5154914198812519
SYR,GROUND,part_n_extraterritorial,2,0.5462465709037924
TCD,GROUND,part_n_extraterritorial,0,0.21760265984740954
TCD,GROUND,part_n_extraterritorial,1,-0.2539054861147276
TCD,GROUND,part_n_extraterritorial,2,0.03635634270397734
TCD,GROUND,part_n_extraterritorial,3,-0.08948588955619312
TCD,GROUND,part_n_extraterritorial,4,-0.011227580458094072
TCD,GROUND,part_n_extraterritorial,5,0.15812835785610527
TGO,GROUND,part_n_extraterritorial,0,-0.05614308676943835
TGO,GROUND,part_n_extraterritorial,1,0.2160047601367723
TGO,GROUND,part_n_extraterritorial,2,-0.2030501969232697
TGO,GROUND,part_n_extraterritorial,3,0.115370743254236
TGO,GROUND,part_n_extraterritorial,4,-0.1499279269692349
TGO,GROUND,part_n_extraterritorial,5,-0.02040988817020734
THA,GROUND,part_n_extraterritorial,0,-0.08231789093740327
THA,GROUND,part_n_extraterritorial,1,-5.113906106361913e-05
THA,GROUND,part_n_extraterritorial,2,0.15449554910260724
THA,GROUND,part_n_extraterritorial,3,-0.030184818186433624
THA,GROUND,part_n_extraterritorial,4,-0.02507468843150725
THA,GROUND,part_n_extraterritorial,5,-0.013611952054584427
TJK,GROUND,part_n_extraterritorial,0,0.41781179133541185
TJK,GROUND,part_n_extraterritorial,1,0.11582720505864796
TJK,GROUND,part_n_extraterritorial,2,-0.2308200028655513
TJK,GROUND,part_n_extraterritorial,3,0.0
TJK,GROUND,part_n_extraterritorial,4,0.0
TJK,GROUND,part_n_extraterritorial,5,3.6148526673093735e-19
TKM,GROUND,part_n_extraterritorial,0,5.069713878682574e-19
TKM,GROUND,part_n_extraterritorial,1,1.0152620638760203e-19
TKM,GROUND,part_n_extraterritorial,2,-0.25280374389964066
TKM,GROUND,part_n_extraterritorial,3,0.2532494515273375
TKM,GROUND,part_n_extraterritorial,4,-9.622802335406087e-19
TKM,GROUND,part_n_extraterritorial,5,2.2049160075904705e-18
TUN,GROUND,part_n_extraterritorial,0,0.3001919901802576
TUN,GROUND,part_n_extraterritorial,1,0.30590686130994815
TUN,GROUND,part_n_extraterritorial,2,-0.1763988146818316
TUN,GROUND,part_n_extraterritorial,3,-0.04260908437405546
TUN,GROUND,part_n_extraterritorial,4,0.012996881781062994
TUN,GROUND,part_n_extraterritorial,5,-0.03284898503384977
TUR,GROUND,part_n_extraterritorial,0,0.026238278677408286
TUR,GROUND,part_n_extraterritorial,1,0.15875423950829817
TUR,GROUND,part_n_extraterritorial,2,-0.05822845420235068
TUR,GROUND,part_n_extraterritorial,3,0.034347217281256594
TUR,GROUND,part_n_extraterritorial,4,0.1568086641670003
TUR,GROUND,part_n_extraterritorial,5,-0.31884197210826976
TZA,GROUND,part_n_extraterritorial,0,0.4941479067512948
TZA,GROUND,part_n_extraterritorial,1,0.17123894612371382
TZA,GROUND,part_n_extraterritorial,2,-0.20086180285084565
TZA,GROUND,part_n_extraterritorial,3,-0.2658000475063813
TZA,GROUND,part_n_extraterritorial,4,0.31340805078163014
TZA,GROUND,part_n_extraterritorial,5,-0.2777414019333632
UGA,GROUND,part_n_extraterritorial,0,-0.02486825690421808
UGA,GROUND,part_n_extraterritorial,1,0.09222379727054886
UGA,GROUND,part_n_extraterritorial,2,-0.044681958774844266
UGA,GROUND,part_n_extraterritorial,3,0.1285978833035985
UGA,GROUND,part_n_extraterritorial,4,0.1600322070377481
UGA,GROUND,part_n_extraterritorial,5,-0.05246891973188294
UKR,GROUND,part_n_extraterritorial,0,0.03741349033677118
UKR,GROUND,part_n_extraterritorial,1,-0.2947502066957698
UKR,GROUND,part_n_extraterritorial,2,0.07924384216331715
UKR,GROUND,part_n_extraterritorial,3,-0.25124376233952445
UKR,GROUND,part_n_extraterritorial,4,0.4371200384361949
UKR,GROUND,part_n_extraterritorial,5,-0.34354374385060643
USA,GROUND,part_n_extraterritorial,0,-0.03218812271131439
USA,GROUND,part_n_extraterritorial,1,0.06542031130077085
USA,GROUND,part_n_extraterritorial,2,0.08897983671628644
USA,GROUND,part_n_extraterritorial,3,0.06685022934629105
USA,GROUND,part_n_extraterritorial,4,-0.07228424050096163
USA,GROUND,part_n_extraterritorial,5,-0.31830583910625126
UZB,GROUND,part_n_extraterritorial,0,0.0
UZB,GROUND,part_n_extraterritorial,1,0.0
UZB,GROUND,part_n_extraterritorial,2,0.0
UZB,GROUND,part_n_extraterritorial,3,0.012886917271012915
UZB,GROUND,part_n_extraterritorial,4,1.645353089122304e-19
UZB,GROUND,part_n_extraterritorial,5,0.012968914090577379
VNM,GROUND,part_n_extraterritorial,0,0.16732548859740995
VNM,GROUND,part_n_extraterritorial,1,5.374013223033828e-20
VNM,GROUND,part_n_extraterritorial,2,-0.26206304927837537
VNM,GROUND,part_n_extraterritorial,3,0.1125572996915286
VNM,GROUND,part_n_extraterritorial,4,0.5611331261302566
VNM,GROUND,part_n_extraterritorial,5,-0.7436621223027989
YEM,GROUND,part_n_extraterritorial,0,-0.08296515593884458
YEM,GROUND,part_n_extraterritorial,1,0.08645065246043898
YEM,GROUND,part_n_extraterritorial,2,-0.2012695469553958
YEM,GROUND,part_n_extraterritorial,3,0.3556278371726665
YEM,GROUND,part_n_extraterritorial,4,-0.3735301292269039
YEM,GROUND,part_n_extraterritorial,5,0.44020337586945163
ZMB,GROUND,part_n_extraterritorial,0,-0.05648536389685575
ZMB,GROUND,part_n_extraterritorial,1,-0.10902695143742676
ZMB,GROUND,part_n_extraterritorial,2,0.3299826528511156
ZMB,GROUND,part_n_extraterritorial,3,-0.15958858445416318
ZMB,GROUND,part_n_extraterritorial,4,-0.10687835411604706
ZMB,GROUND,part_n_extraterritorial,5,-0.08188661519948114
ZWE,GROUND,part_n_extraterritorial,0,-0.21500475122814355
ZWE,GROUND,part_n_extraterritorial,1,0.063279771164048
ZWE,GROUND,part_n_extraterritorial,2,-0.08824507161501033
ZWE,GROUND,part_n_extraterritorial,3,-0.08650622977439257
ZWE,GROUND,part_n_extraterritorial,4,1.4250043629982967e-34
ZWE,GROUND,part_n_extraterritorial,5,-0.2615887785856874
